ISO-10303-21;
HEADER;
FILE_DESCRIPTION(('Open CASCADE Model'),'2;1');
FILE_NAME('Open CASCADE Shape Model','2026-09-07T16:50:39',('Author'),(
    'Open CASCADE'),'Open CASCADE STEP processor 7.9','build123d',
  'Unknown');
FILE_SCHEMA(('AUTOMOTIVE_DESIGN { 1 0 10303 214 1 1 1 1 }'));
ENDSEC;
DATA;
#1 = APPLICATION_PROTOCOL_DEFINITION('international standard',
  'automotive_design',2000,#2);
#2 = APPLICATION_CONTEXT(
  'core data for automotive mechanical design processes');
#3 = SHAPE_DEFINITION_REPRESENTATION(#4,#10);
#4 = PRODUCT_DEFINITION_SHAPE('','',#5);
#5 = PRODUCT_DEFINITION('design','',#6,#9);
#6 = PRODUCT_DEFINITION_FORMATION('','',#7);
#7 = PRODUCT('SOLID','SOLID','',(#8));
#8 = PRODUCT_CONTEXT('',#2,'mechanical');
#9 = PRODUCT_DEFINITION_CONTEXT('part definition',#2,'design');
#10 = ADVANCED_BREP_SHAPE_REPRESENTATION('',(#11,#15),#2414);
#11 = AXIS2_PLACEMENT_3D('',#12,#13,#14);
#12 = CARTESIAN_POINT('',(0.,0.,0.));
#13 = DIRECTION('',(0.,0.,1.));
#14 = DIRECTION('',(1.,0.,-0.));
#15 = MANIFOLD_SOLID_BREP('',#16);
#16 = CLOSED_SHELL('',(#17,#525,#623,#769,#845,#946,#1017,#1092,#1119,
    #1353,#1434,#1460,#1486,#1560,#1567,#1641,#1695,#1749,#1802,#1855,
    #1909,#1963,#1995,#2002,#2078,#2128,#2178,#2227,#2276,#2326,#2376,
    #2403));
#17 = ADVANCED_FACE('',(#18),#32,.T.);
#18 = FACE_BOUND('',#19,.T.);
#19 = EDGE_LOOP('',(#20,#50,#78,#104,#183,#218,#315,#341,#362,#363));
#20 = ORIENTED_EDGE('',*,*,#21,.T.);
#21 = EDGE_CURVE('',#22,#24,#26,.T.);
#22 = VERTEX_POINT('',#23);
#23 = CARTESIAN_POINT('',(12.7,-38.53667047991,15.875));
#24 = VERTEX_POINT('',#25);
#25 = CARTESIAN_POINT('',(12.7,-24.06222953466,181.31861705747));
#26 = SEAM_CURVE('',#27,(#31,#43),.PCURVE_S1.);
#27 = LINE('',#28,#29);
#28 = CARTESIAN_POINT('',(12.7,-39.63565070389,3.313598560216));
#29 = VECTOR('',#30,25.4);
#30 = DIRECTION('',(0.,8.715574274766E-02,0.996194698092));
#31 = PCURVE('',#32,#37);
#32 = CYLINDRICAL_SURFACE('',#33,12.7);
#33 = AXIS2_PLACEMENT_3D('',#34,#35,#36);
#34 = CARTESIAN_POINT('',(0.,-39.63565070389,3.313598560216));
#35 = DIRECTION('',(0.,8.715574274766E-02,0.996194698092));
#36 = DIRECTION('',(1.,0.,0.));
#37 = DEFINITIONAL_REPRESENTATION('',(#38),#42);
#38 = LINE('',#39,#40);
#39 = CARTESIAN_POINT('',(6.28318530718,-0.));
#40 = VECTOR('',#41,1.);
#41 = DIRECTION('',(0.,1.));
#42 = ( GEOMETRIC_REPRESENTATION_CONTEXT(2) 
PARAMETRIC_REPRESENTATION_CONTEXT() REPRESENTATION_CONTEXT('2D SPACE',''
  ) );
#43 = PCURVE('',#32,#44);
#44 = DEFINITIONAL_REPRESENTATION('',(#45),#49);
#45 = LINE('',#46,#47);
#46 = CARTESIAN_POINT('',(0.,-0.));
#47 = VECTOR('',#48,1.);
#48 = DIRECTION('',(0.,1.));
#49 = ( GEOMETRIC_REPRESENTATION_CONTEXT(2) 
PARAMETRIC_REPRESENTATION_CONTEXT() REPRESENTATION_CONTEXT('2D SPACE',''
  ) );
#50 = ORIENTED_EDGE('',*,*,#51,.F.);
#51 = EDGE_CURVE('',#52,#24,#54,.T.);
#52 = VERTEX_POINT('',#53);
#53 = CARTESIAN_POINT('',(-11.43,-18.54749327299,180.83614015224));
#54 = SURFACE_CURVE('',#55,(#60,#67),.PCURVE_S1.);
#55 = CIRCLE('',#56,12.7);
#56 = AXIS2_PLACEMENT_3D('',#57,#58,#59);
#57 = CARTESIAN_POINT('',(0.,-24.06222953466,181.31861705747));
#58 = DIRECTION('',(-0.,8.715574274766E-02,0.996194698092));
#59 = DIRECTION('',(1.,0.,0.));
#60 = PCURVE('',#32,#61);
#61 = DEFINITIONAL_REPRESENTATION('',(#62),#66);
#62 = LINE('',#63,#64);
#63 = CARTESIAN_POINT('',(0.,178.68496874981));
#64 = VECTOR('',#65,1.);
#65 = DIRECTION('',(1.,0.));
#66 = ( GEOMETRIC_REPRESENTATION_CONTEXT(2) 
PARAMETRIC_REPRESENTATION_CONTEXT() REPRESENTATION_CONTEXT('2D SPACE',''
  ) );
#67 = PCURVE('',#68,#73);
#68 = TOROIDAL_SURFACE('',#69,11.176,1.524);
#69 = AXIS2_PLACEMENT_3D('',#70,#71,#72);
#70 = CARTESIAN_POINT('',(0.,-24.06222953466,181.31861705747));
#71 = DIRECTION('',(0.,8.715574274766E-02,0.996194698092));
#72 = DIRECTION('',(1.,0.,0.));
#73 = DEFINITIONAL_REPRESENTATION('',(#74),#77);
#74 = B_SPLINE_CURVE_WITH_KNOTS('',1,(#75,#76),.UNSPECIFIED.,.F.,.F.,(2,
    2),(2.690565841794,6.28318530718),.PIECEWISE_BEZIER_KNOTS.);
#75 = CARTESIAN_POINT('',(2.690565841794,0.));
#76 = CARTESIAN_POINT('',(6.28318530718,0.));
#77 = ( GEOMETRIC_REPRESENTATION_CONTEXT(2) 
PARAMETRIC_REPRESENTATION_CONTEXT() REPRESENTATION_CONTEXT('2D SPACE',''
  ) );
#78 = ORIENTED_EDGE('',*,*,#79,.F.);
#79 = EDGE_CURVE('',#80,#52,#82,.T.);
#80 = VERTEX_POINT('',#81);
#81 = CARTESIAN_POINT('',(-11.43,-20.38631349111,159.81832888353));
#82 = SURFACE_CURVE('',#83,(#87,#93),.PCURVE_S1.);
#83 = LINE('',#84,#85);
#84 = CARTESIAN_POINT('',(-11.43,-34.12091444221,2.831121654984));
#85 = VECTOR('',#86,25.4);
#86 = DIRECTION('',(0.,8.715574274766E-02,0.996194698092));
#87 = PCURVE('',#32,#88);
#88 = DEFINITIONAL_REPRESENTATION('',(#89),#92);
#89 = B_SPLINE_CURVE_WITH_KNOTS('',1,(#90,#91),.UNSPECIFIED.,.F.,.F.,(2,
    2),(5.881404781224,7.034841889363),.PIECEWISE_BEZIER_KNOTS.);
#90 = CARTESIAN_POINT('',(2.690565841794,149.38768144308));
#91 = CARTESIAN_POINT('',(2.690565841794,178.68498398981));
#92 = ( GEOMETRIC_REPRESENTATION_CONTEXT(2) 
PARAMETRIC_REPRESENTATION_CONTEXT() REPRESENTATION_CONTEXT('2D SPACE',''
  ) );
#93 = PCURVE('',#94,#99);
#94 = PLANE('',#95);
#95 = AXIS2_PLACEMENT_3D('',#96,#97,#98);
#96 = CARTESIAN_POINT('',(-11.43,-27.13935018811,146.14696704664));
#97 = DIRECTION('',(-1.,0.,0.));
#98 = DIRECTION('',(0.,0.996194698092,-8.715574274766E-02));
#99 = DEFINITIONAL_REPRESENTATION('',(#100),#103);
#100 = B_SPLINE_CURVE_WITH_KNOTS('',1,(#101,#102),.UNSPECIFIED.,.F.,.F.,
  (2,2),(5.881404781224,7.034841889363),.PIECEWISE_BEZIER_KNOTS.);
#101 = CARTESIAN_POINT('',(5.535801658297,-6.00871269327));
#102 = CARTESIAN_POINT('',(5.535801658297,-35.30601524));
#103 = ( GEOMETRIC_REPRESENTATION_CONTEXT(2) 
PARAMETRIC_REPRESENTATION_CONTEXT() REPRESENTATION_CONTEXT('2D SPACE',''
  ) );
#104 = ORIENTED_EDGE('',*,*,#105,.T.);
#105 = EDGE_CURVE('',#80,#106,#108,.T.);
#106 = VERTEX_POINT('',#107);
#107 = CARTESIAN_POINT('',(-8.89,-16.87102857687,159.45226864365));
#108 = SURFACE_CURVE('',#109,(#130,#154),.PCURVE_S1.);
#109 = B_SPLINE_CURVE_WITH_KNOTS('',7,(#110,#111,#112,#113,#114,#115,
    #116,#117,#118,#119,#120,#121,#122,#123,#124,#125,#126,#127,#128,
    #129),.UNSPECIFIED.,.F.,.F.,(8,6,6,8),(0.,0.581573205548,
    0.917148443532,1.),.UNSPECIFIED.);
#110 = CARTESIAN_POINT('',(-11.43,-20.38631349111,159.81832888353));
#111 = CARTESIAN_POINT('',(-11.43,-20.42922151209,159.32788795956));
#112 = CARTESIAN_POINT('',(-11.37434594725,-20.3465107413,
    158.95445475299));
#113 = CARTESIAN_POINT('',(-11.2680925902,-20.14937555281,
    158.69259755975));
#114 = CARTESIAN_POINT('',(-11.11155869753,-19.85716154849,
    158.53093809206));
#115 = CARTESIAN_POINT('',(-10.90438673429,-19.50039985054,
    158.45968080847));
#116 = CARTESIAN_POINT('',(-10.65908988087,-19.115478002,158.46830108056
    ));
#117 = CARTESIAN_POINT('',(-10.24903123333,-18.51914363257,
    158.57331108096));
#118 = CARTESIAN_POINT('',(-10.08986692992,-18.29706907313,
    158.63212290659));
#119 = CARTESIAN_POINT('',(-9.923045679793,-18.07441729627,
    158.70974638185));
#120 = CARTESIAN_POINT('',(-9.750108700346,-17.85375009272,
    158.80486734826));
#121 = CARTESIAN_POINT('',(-9.572518207584,-17.63689404684,
    158.91644521555));
#122 = CARTESIAN_POINT('',(-9.391566951185,-17.42503646643,
    159.04376152039));
#123 = CARTESIAN_POINT('',(-9.163110337922,-17.16801801915,
    159.22175052957));
#124 = CARTESIAN_POINT('',(-9.117756422302,-17.11749882143,
    159.25791823272));
#125 = CARTESIAN_POINT('',(-9.072306865019,-17.06736842977,
    159.29500018843));
#126 = CARTESIAN_POINT('',(-9.026783973505,-17.01764229586,
    159.33298620166));
#127 = CARTESIAN_POINT('',(-8.981210164,-16.96833484601,159.37186621121)
  );
#128 = CARTESIAN_POINT('',(-8.935607961547,-16.91945948116,
    159.41163028972));
#129 = CARTESIAN_POINT('',(-8.89,-16.87102857687,159.45226864365));
#130 = PCURVE('',#32,#131);
#131 = DEFINITIONAL_REPRESENTATION('',(#132),#153);
#132 = B_SPLINE_CURVE_WITH_KNOTS('',7,(#133,#134,#135,#136,#137,#138,
    #139,#140,#141,#142,#143,#144,#145,#146,#147,#148,#149,#150,#151,
    #152),.UNSPECIFIED.,.F.,.F.,(8,6,6,8),(0.,0.581573205548,
    0.917148443532,1.),.UNSPECIFIED.);
#133 = CARTESIAN_POINT('',(2.690565841794,157.58687285654));
#134 = CARTESIAN_POINT('',(2.690565841794,157.09455852792));
#135 = CARTESIAN_POINT('',(2.680510793034,156.7297550661));
#136 = CARTESIAN_POINT('',(2.661326244479,156.48607578231));
#137 = CARTESIAN_POINT('',(2.634333884103,156.35049960629));
#138 = CARTESIAN_POINT('',(2.60158580023,156.31060730895));
#139 = CARTESIAN_POINT('',(2.565822679518,156.35274292791));
#140 = CARTESIAN_POINT('',(2.50957601004,156.50932729845));
#141 = CARTESIAN_POINT('',(2.488448577668,156.5872704005));
#142 = CARTESIAN_POINT('',(2.467029478425,156.68400387599));
#143 = CARTESIAN_POINT('',(2.445527763829,156.79799529243));
#144 = CARTESIAN_POINT('',(2.424104232047,156.928048822));
#145 = CARTESIAN_POINT('',(2.402876031816,157.07334525464));
#146 = CARTESIAN_POINT('',(2.376755419123,157.27305759558));
#147 = CARTESIAN_POINT('',(2.371602734765,157.31349070789));
#148 = CARTESIAN_POINT('',(2.366471299305,157.35480070708));
#149 = CARTESIAN_POINT('',(2.361362932716,157.3969760902));
#150 = CARTESIAN_POINT('',(2.35627941347,157.44000557699));
#151 = CARTESIAN_POINT('',(2.351222478542,157.4838781099));
#152 = CARTESIAN_POINT('',(2.346193823406,157.52858285406));
#153 = ( GEOMETRIC_REPRESENTATION_CONTEXT(2) 
PARAMETRIC_REPRESENTATION_CONTEXT() REPRESENTATION_CONTEXT('2D SPACE',''
  ) );
#154 = PCURVE('',#155,#160);
#155 = CYLINDRICAL_SURFACE('',#156,2.54);
#156 = AXIS2_PLACEMENT_3D('',#157,#158,#159);
#157 = CARTESIAN_POINT('',(-8.89,-28.32927954355,153.15338899847));
#158 = DIRECTION('',(0.,0.766044443119,0.642787609687));
#159 = DIRECTION('',(-1.,0.,0.));
#160 = DEFINITIONAL_REPRESENTATION('',(#161),#182);
#161 = B_SPLINE_CURVE_WITH_KNOTS('',7,(#162,#163,#164,#165,#166,#167,
    #168,#169,#170,#171,#172,#173,#174,#175,#176,#177,#178,#179,#180,
    #181),.UNSPECIFIED.,.F.,.F.,(8,6,6,8),(0.,0.581573205548,
    0.917148443532,1.),.UNSPECIFIED.);
#162 = CARTESIAN_POINT('',(0.,10.368805783771));
#163 = CARTESIAN_POINT('',(-0.137054645765,10.020686983527));
#164 = CARTESIAN_POINT('',(-0.270604661543,9.844008871647));
#165 = CARTESIAN_POINT('',(-0.403700477073,9.826704628011));
#166 = CARTESIAN_POINT('',(-0.537986713544,9.946640839403));
#167 = CARTESIAN_POINT('',(-0.673341226057,10.174132856645));
#168 = CARTESIAN_POINT('',(-0.80735614037,10.474541103841));
#169 = CARTESIAN_POINT('',(-1.00805890328,10.998858860935));
#170 = CARTESIAN_POINT('',(-1.081315013032,11.206781355974));
#171 = CARTESIAN_POINT('',(-1.154358141796,11.427237920507));
#172 = CARTESIAN_POINT('',(-1.227185235244,11.657421384199));
#173 = CARTESIAN_POINT('',(-1.29983900157,11.895263623709));
#174 = CARTESIAN_POINT('',(-1.372425231116,12.139393289176));
#175 = CARTESIAN_POINT('',(-1.463083648343,12.450689972255));
#176 = CARTESIAN_POINT('',(-1.481033943536,12.512638074396));
#177 = CARTESIAN_POINT('',(-1.498984156956,12.574876004027));
#178 = CARTESIAN_POINT('',(-1.516934914167,12.637385371232));
#179 = CARTESIAN_POINT('',(-1.534886815574,12.700148657599));
#180 = CARTESIAN_POINT('',(-1.552840436422,12.763149216227));
#181 = CARTESIAN_POINT('',(-1.570796326795,12.82637127172));
#182 = ( GEOMETRIC_REPRESENTATION_CONTEXT(2) 
PARAMETRIC_REPRESENTATION_CONTEXT() REPRESENTATION_CONTEXT('2D SPACE',''
  ) );
#183 = ORIENTED_EDGE('',*,*,#184,.F.);
#184 = EDGE_CURVE('',#185,#106,#187,.T.);
#185 = VERTEX_POINT('',#186);
#186 = CARTESIAN_POINT('',(8.89,-16.87102857687,159.45226864365));
#187 = SURFACE_CURVE('',#188,(#193,#206),.PCURVE_S1.);
#188 = ELLIPSE('',#189,17.960512242138,12.7);
#189 = AXIS2_PLACEMENT_3D('',#190,#191,#192);
#190 = CARTESIAN_POINT('',(0.,-26.69659901495,151.20763611295));
#191 = DIRECTION('',(0.,-0.642787609687,0.766044443119));
#192 = DIRECTION('',(0.,0.766044443119,0.642787609687));
#193 = PCURVE('',#32,#194);
#194 = DEFINITIONAL_REPRESENTATION('',(#195),#205);
#195 = B_SPLINE_CURVE_WITH_KNOTS('',8,(#196,#197,#198,#199,#200,#201,
    #202,#203,#204),.UNSPECIFIED.,.F.,.F.,(9,9),(5.285337899018,
    7.281032708423),.PIECEWISE_BEZIER_KNOTS.);
#196 = CARTESIAN_POINT('',(0.572948918634,155.34379618229));
#197 = CARTESIAN_POINT('',(0.822410769809,158.00602462439));
#198 = CARTESIAN_POINT('',(1.071872620986,160.17859502228));
#199 = CARTESIAN_POINT('',(1.321334472155,161.60904697109));
#200 = CARTESIAN_POINT('',(1.570796323344,162.10996318353));
#201 = CARTESIAN_POINT('',(1.820258174504,161.60904699512));
#202 = CARTESIAN_POINT('',(2.069720025688,160.17859506712));
#203 = CARTESIAN_POINT('',(2.319181876863,158.00602468633));
#204 = CARTESIAN_POINT('',(2.568643728039,155.34379625611));
#205 = ( GEOMETRIC_REPRESENTATION_CONTEXT(2) 
PARAMETRIC_REPRESENTATION_CONTEXT() REPRESENTATION_CONTEXT('2D SPACE',''
  ) );
#206 = PCURVE('',#207,#212);
#207 = PLANE('',#208);
#208 = AXIS2_PLACEMENT_3D('',#209,#210,#211);
#209 = CARTESIAN_POINT('',(-13.97,-34.95172937414,144.28075927323));
#210 = DIRECTION('',(0.,-0.642787609687,0.766044443119));
#211 = DIRECTION('',(0.,0.766044443119,0.642787609687));
#212 = DEFINITIONAL_REPRESENTATION('',(#213),#217);
#213 = ELLIPSE('',#214,17.960512242138,12.7);
#214 = AXIS2_PLACEMENT_2D('',#215,#216);
#215 = CARTESIAN_POINT('',(10.776307345283,-13.97));
#216 = DIRECTION('',(1.,0.));
#217 = ( GEOMETRIC_REPRESENTATION_CONTEXT(2) 
PARAMETRIC_REPRESENTATION_CONTEXT() REPRESENTATION_CONTEXT('2D SPACE',''
  ) );
#218 = ORIENTED_EDGE('',*,*,#219,.F.);
#219 = EDGE_CURVE('',#220,#185,#222,.T.);
#220 = VERTEX_POINT('',#221);
#221 = CARTESIAN_POINT('',(11.43,-20.38631349111,159.81832888353));
#222 = SURFACE_CURVE('',#223,(#250,#280),.PCURVE_S1.);
#223 = B_SPLINE_CURVE_WITH_KNOTS('',7,(#224,#225,#226,#227,#228,#229,
    #230,#231,#232,#233,#234,#235,#236,#237,#238,#239,#240,#241,#242,
    #243,#244,#245,#246,#247,#248,#249),.UNSPECIFIED.,.F.,.F.,(8,6,6,6,8
    ),(0.,5.274039589303E-02,0.583540470197,0.914959332674,1.),
  .UNSPECIFIED.);
#224 = CARTESIAN_POINT('',(11.43,-20.38631349111,159.81832888353));
#225 = CARTESIAN_POINT('',(11.43,-20.3901652797,159.77430273853));
#226 = CARTESIAN_POINT('',(11.429551454723,-20.39301835986,
    159.73106570366));
#227 = CARTESIAN_POINT('',(11.428652404737,-20.39486706698,
    159.68863612361));
#228 = CARTESIAN_POINT('',(11.427301313103,-20.39570797731,
    159.64703067451));
#229 = CARTESIAN_POINT('',(11.425497065373,-20.39553990798,
    159.60626436388));
#230 = CARTESIAN_POINT('',(11.423238969591,-20.39436391697,
    159.56635053065));
#231 = CARTESIAN_POINT('',(11.393229975599,-20.37023674835,
    159.13428946189));
#232 = CARTESIAN_POINT('',(11.320762840628,-20.24719191577,
    158.84068354771));
#233 = CARTESIAN_POINT('',(11.207073196819,-20.03690095813,
    158.63742937889));
#234 = CARTESIAN_POINT('',(11.052939101752,-19.75741322037,
    158.51408337735));
#235 = CARTESIAN_POINT('',(10.860205941073,-19.43167902535,
    158.46238524543));
#236 = CARTESIAN_POINT('',(10.637514108182,-19.08410108829,
    158.47382631923));
#237 = CARTESIAN_POINT('',(10.250187144347,-18.52082463471,
    158.57301506911));
#238 = CARTESIAN_POINT('',(10.092321755171,-18.30049492806,
    158.63121715602));
#239 = CARTESIAN_POINT('',(9.926908433238,-18.07957480976,
    158.70795226904));
#240 = CARTESIAN_POINT('',(9.755451424834,-17.86057116223,
    158.80193415682));
#241 = CARTESIAN_POINT('',(9.579378356306,-17.64527666371,
    158.91214299726));
#242 = CARTESIAN_POINT('',(9.399952323735,-17.43486149885,
    159.03787280907));
#243 = CARTESIAN_POINT('',(9.171613188127,-17.17749651598,
    159.21498215233));
#244 = CARTESIAN_POINT('',(9.124857531658,-17.12533601768,
    159.25213272815));
#245 = CARTESIAN_POINT('',(9.077997197908,-17.07358694381,
    159.29025695176));
#246 = CARTESIAN_POINT('',(9.031056639944,-17.02226635152,
    159.32934362218));
#247 = CARTESIAN_POINT('',(8.98406043407,-16.97139013405,159.36938169437
    ));
#248 = CARTESIAN_POINT('',(8.937033279828,-16.9209730207,159.41036027925
    ));
#249 = CARTESIAN_POINT('',(8.89,-16.87102857687,159.45226864365));
#250 = PCURVE('',#32,#251);
#251 = DEFINITIONAL_REPRESENTATION('',(#252),#279);
#252 = B_SPLINE_CURVE_WITH_KNOTS('',7,(#253,#254,#255,#256,#257,#258,
    #259,#260,#261,#262,#263,#264,#265,#266,#267,#268,#269,#270,#271,
    #272,#273,#274,#275,#276,#277,#278),.UNSPECIFIED.,.F.,.F.,(8,6,6,6,8
    ),(0.,5.274039589303E-02,0.583540470197,0.914959332674,1.),
  .UNSPECIFIED.);
#253 = CARTESIAN_POINT('',(0.451026811796,157.58687285654));
#254 = CARTESIAN_POINT('',(0.451026811796,157.54267853882));
#255 = CARTESIAN_POINT('',(0.451107838276,157.4993573716));
#256 = CARTESIAN_POINT('',(0.451270244978,157.45692812347));
#257 = CARTESIAN_POINT('',(0.451514223352,157.4154077055));
#258 = CARTESIAN_POINT('',(0.451839802558,157.3748111712));
#259 = CARTESIAN_POINT('',(0.452246849465,157.33515171653));
#260 = CARTESIAN_POINT('',(0.457648698445,156.90683759188));
#261 = CARTESIAN_POINT('',(0.470635585182,156.62507300061));
#262 = CARTESIAN_POINT('',(0.490641297632,156.44092033988));
#263 = CARTESIAN_POINT('',(0.516424337361,156.34240266849));
#264 = CARTESIAN_POINT('',(0.546403040177,156.31929086928));
#265 = CARTESIAN_POINT('',(0.578729466239,156.3609818196));
#266 = CARTESIAN_POINT('',(0.631858090267,156.50888590403));
#267 = CARTESIAN_POINT('',(0.652818167302,156.58606951366));
#268 = CARTESIAN_POINT('',(0.674067071255,156.6817670834));
#269 = CARTESIAN_POINT('',(0.695400354491,156.79447876729));
#270 = CARTESIAN_POINT('',(0.716660469665,156.92303238175));
#271 = CARTESIAN_POINT('',(0.737732404035,157.06662264364));
#272 = CARTESIAN_POINT('',(0.76387074924,157.26548886862));
#273 = CARTESIAN_POINT('',(0.769187868649,157.30704416226));
#274 = CARTESIAN_POINT('',(0.774482632644,157.34953354065));
#275 = CARTESIAN_POINT('',(0.779753040586,157.39294435883));
#276 = CARTESIAN_POINT('',(0.784997139067,157.43726422859));
#277 = CARTESIAN_POINT('',(0.790213021914,157.48248101854));
#278 = CARTESIAN_POINT('',(0.795398830184,157.52858285406));
#279 = ( GEOMETRIC_REPRESENTATION_CONTEXT(2) 
PARAMETRIC_REPRESENTATION_CONTEXT() REPRESENTATION_CONTEXT('2D SPACE',''
  ) );
#280 = PCURVE('',#281,#286);
#281 = CYLINDRICAL_SURFACE('',#282,2.54);
#282 = AXIS2_PLACEMENT_3D('',#283,#284,#285);
#283 = CARTESIAN_POINT('',(8.89,-14.57072894489,164.69818373134));
#284 = DIRECTION('',(-0.,-0.766044443119,-0.642787609687));
#285 = DIRECTION('',(1.,0.,0.));
#286 = DEFINITIONAL_REPRESENTATION('',(#287),#314);
#287 = B_SPLINE_CURVE_WITH_KNOTS('',7,(#288,#289,#290,#291,#292,#293,
    #294,#295,#296,#297,#298,#299,#300,#301,#302,#303,#304,#305,#306,
    #307,#308,#309,#310,#311,#312,#313),.UNSPECIFIED.,.F.,.F.,(8,6,6,6,8
    ),(0.,5.274039589303E-02,0.583540470197,0.914959332674,1.),
  .UNSPECIFIED.);
#288 = CARTESIAN_POINT('',(0.,7.591706458368));
#289 = CARTESIAN_POINT('',(-1.230318966463E-02,7.622956560116));
#290 = CARTESIAN_POINT('',(-2.462112441218E-02,7.652934376613));
#291 = CARTESIAN_POINT('',(-3.695275764608E-02,7.681623776766));
#292 = CARTESIAN_POINT('',(-4.929699861146E-02,7.709011418632));
#293 = CARTESIAN_POINT('',(-6.16527123952E-02,7.73508674942));
#294 = CARTESIAN_POINT('',(-7.401871992586E-02,7.759842005491));
#295 = CARTESIAN_POINT('',(-0.210941447571,8.019083023672));
#296 = CARTESIAN_POINT('',(-0.332642920581,8.113551457187));
#297 = CARTESIAN_POINT('',(-0.453758896852,8.083108498984));
#298 = CARTESIAN_POINT('',(-0.575322611294,7.948293752045));
#299 = CARTESIAN_POINT('',(-0.697183164396,7.731997800658));
#300 = CARTESIAN_POINT('',(-0.81791637905,7.458383472941));
#301 = CARTESIAN_POINT('',(-1.007493143882,6.963131376296));
#302 = CARTESIAN_POINT('',(-1.080184816492,6.75693744854));
#303 = CARTESIAN_POINT('',(-1.152666082914,6.538378439665));
#304 = CARTESIAN_POINT('',(-1.224934264507,6.310201519452));
#305 = CARTESIAN_POINT('',(-1.297031238679,6.074435488115));
#306 = CARTESIAN_POINT('',(-1.369060333249,5.832430555127));
#307 = CARTESIAN_POINT('',(-1.459717805394,5.521433848735));
#308 = CARTESIAN_POINT('',(-1.478229093667,5.45759665903));
#309 = CARTESIAN_POINT('',(-1.496740211567,5.393448789994));
#310 = CARTESIAN_POINT('',(-1.515251847698,5.329010508007));
#311 = CARTESIAN_POINT('',(-1.533764662348,5.264301087603));
#312 = CARTESIAN_POINT('',(-1.552279287492,5.199338811463));
#313 = CARTESIAN_POINT('',(-1.570796326795,5.134140970418));
#314 = ( GEOMETRIC_REPRESENTATION_CONTEXT(2) 
PARAMETRIC_REPRESENTATION_CONTEXT() REPRESENTATION_CONTEXT('2D SPACE',''
  ) );
#315 = ORIENTED_EDGE('',*,*,#316,.T.);
#316 = EDGE_CURVE('',#220,#317,#319,.T.);
#317 = VERTEX_POINT('',#318);
#318 = CARTESIAN_POINT('',(11.430000000003,-18.54749327299,
    180.83614015224));
#319 = SURFACE_CURVE('',#320,(#324,#330),.PCURVE_S1.);
#320 = LINE('',#321,#322);
#321 = CARTESIAN_POINT('',(11.43,-34.12091444221,2.831121654984));
#322 = VECTOR('',#323,25.4);
#323 = DIRECTION('',(0.,8.715574274766E-02,0.996194698092));
#324 = PCURVE('',#32,#325);
#325 = DEFINITIONAL_REPRESENTATION('',(#326),#329);
#326 = B_SPLINE_CURVE_WITH_KNOTS('',1,(#327,#328),.UNSPECIFIED.,.F.,.F.,
  (2,2),(5.881404781224,7.034841889363),.PIECEWISE_BEZIER_KNOTS.);
#327 = CARTESIAN_POINT('',(0.451026811796,149.38768144308));
#328 = CARTESIAN_POINT('',(0.451026811796,178.68498398981));
#329 = ( GEOMETRIC_REPRESENTATION_CONTEXT(2) 
PARAMETRIC_REPRESENTATION_CONTEXT() REPRESENTATION_CONTEXT('2D SPACE',''
  ) );
#330 = PCURVE('',#331,#336);
#331 = PLANE('',#332);
#332 = AXIS2_PLACEMENT_3D('',#333,#334,#335);
#333 = CARTESIAN_POINT('',(11.43,-27.13935018811,146.14696704664));
#334 = DIRECTION('',(-1.,0.,0.));
#335 = DIRECTION('',(0.,0.996194698092,-8.715574274766E-02));
#336 = DEFINITIONAL_REPRESENTATION('',(#337),#340);
#337 = B_SPLINE_CURVE_WITH_KNOTS('',1,(#338,#339),.UNSPECIFIED.,.F.,.F.,
  (2,2),(5.881404781224,7.034841889363),.PIECEWISE_BEZIER_KNOTS.);
#338 = CARTESIAN_POINT('',(5.535801658297,-6.00871269327));
#339 = CARTESIAN_POINT('',(5.535801658297,-35.30601524));
#340 = ( GEOMETRIC_REPRESENTATION_CONTEXT(2) 
PARAMETRIC_REPRESENTATION_CONTEXT() REPRESENTATION_CONTEXT('2D SPACE',''
  ) );
#341 = ORIENTED_EDGE('',*,*,#342,.F.);
#342 = EDGE_CURVE('',#24,#317,#343,.T.);
#343 = SURFACE_CURVE('',#344,(#349,#356),.PCURVE_S1.);
#344 = CIRCLE('',#345,12.7);
#345 = AXIS2_PLACEMENT_3D('',#346,#347,#348);
#346 = CARTESIAN_POINT('',(0.,-24.06222953466,181.31861705747));
#347 = DIRECTION('',(-0.,8.715574274766E-02,0.996194698092));
#348 = DIRECTION('',(1.,0.,0.));
#349 = PCURVE('',#32,#350);
#350 = DEFINITIONAL_REPRESENTATION('',(#351),#355);
#351 = LINE('',#352,#353);
#352 = CARTESIAN_POINT('',(0.,178.68496874981));
#353 = VECTOR('',#354,1.);
#354 = DIRECTION('',(1.,0.));
#355 = ( GEOMETRIC_REPRESENTATION_CONTEXT(2) 
PARAMETRIC_REPRESENTATION_CONTEXT() REPRESENTATION_CONTEXT('2D SPACE',''
  ) );
#356 = PCURVE('',#68,#357);
#357 = DEFINITIONAL_REPRESENTATION('',(#358),#361);
#358 = B_SPLINE_CURVE_WITH_KNOTS('',1,(#359,#360),.UNSPECIFIED.,.F.,.F.,
  (2,2),(0.,0.451026811795),.PIECEWISE_BEZIER_KNOTS.);
#359 = CARTESIAN_POINT('',(6.28318530718,0.));
#360 = CARTESIAN_POINT('',(6.734212118975,0.));
#361 = ( GEOMETRIC_REPRESENTATION_CONTEXT(2) 
PARAMETRIC_REPRESENTATION_CONTEXT() REPRESENTATION_CONTEXT('2D SPACE',''
  ) );
#362 = ORIENTED_EDGE('',*,*,#21,.F.);
#363 = ORIENTED_EDGE('',*,*,#364,.T.);
#364 = EDGE_CURVE('',#22,#22,#365,.T.);
#365 = SURFACE_CURVE('',#366,(#393,#439),.PCURVE_S1.);
#366 = ( BOUNDED_CURVE() B_SPLINE_CURVE(9,(#367,#368,#369,#370,#371,#372
    ,#373,#374,#375,#376,#377,#378,#379,#380,#381,#382,#383,#384,#385,
    #386,#387,#388,#389,#390,#391,#392),.UNSPECIFIED.,.T.,.F.) 
B_SPLINE_CURVE_WITH_KNOTS((10,8,8,10),(3.313382892989E-02,1.590364765382
,3.147595701834,3.180729530764),.UNSPECIFIED.) CURVE() 
GEOMETRIC_REPRESENTATION_ITEM() RATIONAL_B_SPLINE_CURVE((1.,1.,1.,1.,1.,
    1.,1.,1.,1.,1.,1.,1.,1.,1.,1.,1.,1.,1.,1.,1.,1.,1.,1.,1.,1.,1.)) 
REPRESENTATION_ITEM('') );
#367 = CARTESIAN_POINT('',(12.7,-38.53667047991,15.875));
#368 = CARTESIAN_POINT('',(12.7,-34.16692053447,16.158533607772));
#369 = CARTESIAN_POINT('',(11.041214208681,-29.61574566986,
    16.453695383738));
#370 = CARTESIAN_POINT('',(7.484892929628,-25.70054759719,
    16.708186312064));
#371 = CARTESIAN_POINT('',(2.292454976485,-23.21925043737,
    16.864382424607));
#372 = CARTESIAN_POINT('',(-3.935799862849,-23.64466845234,
    16.838267248928));
#373 = CARTESIAN_POINT('',(-8.702283353691,-26.58879716892,
    16.650679540637));
#374 = CARTESIAN_POINT('',(-11.83405033937,-30.76551624261,
    16.379216511938));
#375 = CARTESIAN_POINT('',(-13.0645872106,-35.41672219276,
    16.077419711612));
#376 = CARTESIAN_POINT('',(-12.21381157924,-44.16277705536,
    15.509971606789));
#377 = CARTESIAN_POINT('',(-10.13058570081,-48.26208620775,
    15.244175367264));
#378 = CARTESIAN_POINT('',(-6.588779990491,-51.38268089224,
    15.042471426253));
#379 = CARTESIAN_POINT('',(-2.1531039112,-52.99182538616,14.939998374511
    ));
#380 = CARTESIAN_POINT('',(2.587655138552,-52.93746208451,
    14.943443603886));
#381 = CARTESIAN_POINT('',(7.022688746484,-51.18655345488,
    15.055044043615));
#382 = CARTESIAN_POINT('',(10.485623320287,-47.89079846129,
    15.268193468566));
#383 = CARTESIAN_POINT('',(12.393759186567,-43.70042374804,
    15.539958807506));
#384 = CARTESIAN_POINT('',(12.679091008268,-39.27785983228,
    15.826908108281));
#385 = CARTESIAN_POINT('',(12.684301127159,-39.1855898535,15.83289491178
    ));
#386 = CARTESIAN_POINT('',(12.688774284371,-39.09319726829,
    15.838889713505));
#387 = CARTESIAN_POINT('',(12.692508032894,-39.00068928124,
    15.844892040482));
#388 = CARTESIAN_POINT('',(12.695499925725,-38.90807309697,
    15.850901419733));
#389 = CARTESIAN_POINT('',(12.697747515856,-38.81535592009,
    15.856917378286));
#390 = CARTESIAN_POINT('',(12.699248356284,-38.72254495521,
    15.862939443165));
#391 = CARTESIAN_POINT('',(12.7,-38.62964740695,15.868967141394));
#392 = CARTESIAN_POINT('',(12.7,-38.53667047991,15.875));
#393 = PCURVE('',#32,#394);
#394 = DEFINITIONAL_REPRESENTATION('',(#395),#438);
#395 = B_SPLINE_CURVE_WITH_KNOTS('',11,(#396,#397,#398,#399,#400,#401,
    #402,#403,#404,#405,#406,#407,#408,#409,#410,#411,#412,#413,#414,
    #415,#416,#417,#418,#419,#420,#421,#422,#423,#424,#425,#426,#427,
    #428,#429,#430,#431,#432,#433,#434,#435,#436,#437),.UNSPECIFIED.,.F.
  ,.F.,(12,10,10,10,12),(3.313382892989E-02,1.606931679847,
    2.393830605305,2.787280068035,3.180729530764),.UNSPECIFIED.);
#396 = CARTESIAN_POINT('',(1.888745940128E-14,12.6093839526));
#397 = CARTESIAN_POINT('',(0.281819107121,13.157860452346));
#398 = CARTESIAN_POINT('',(0.572923088089,13.725067767167));
#399 = CARTESIAN_POINT('',(0.871155570477,14.243594010943));
#400 = CARTESIAN_POINT('',(1.177257570301,14.654256644247));
#401 = CARTESIAN_POINT('',(1.486906529684,14.855371490153));
#402 = CARTESIAN_POINT('',(1.797507478657,14.799458064001));
#403 = CARTESIAN_POINT('',(2.105411618531,14.503820777701));
#404 = CARTESIAN_POINT('',(2.406481140666,14.033527547309));
#405 = CARTESIAN_POINT('',(2.701055751075,13.481142454161));
#406 = CARTESIAN_POINT('',(2.989458936176,12.901465794467));
#407 = CARTESIAN_POINT('',(3.413665404763,12.082969395251));
#408 = CARTESIAN_POINT('',(3.553677464804,11.818370422642));
#409 = CARTESIAN_POINT('',(3.692402357791,11.569135434331));
#410 = CARTESIAN_POINT('',(3.829971796345,11.341417113765));
#411 = CARTESIAN_POINT('',(3.966541176452,11.140406283812));
#412 = CARTESIAN_POINT('',(4.102284477303,10.97034818638));
#413 = CARTESIAN_POINT('',(4.237389161152,10.834558762307));
#414 = CARTESIAN_POINT('',(4.372051073141,10.735440930927));
#415 = CARTESIAN_POINT('',(4.506469341164,10.674500869957));
#416 = CARTESIAN_POINT('',(4.640841275697,10.652364295127));
#417 = CARTESIAN_POINT('',(4.842615266628,10.67700696239));
#418 = CARTESIAN_POINT('',(4.909905684217,10.694856966412));
#419 = CARTESIAN_POINT('',(4.977253142108,10.722323883048));
#420 = CARTESIAN_POINT('',(5.044680281515,10.759325997412));
#421 = CARTESIAN_POINT('',(5.112207765119,10.805718748522));
#422 = CARTESIAN_POINT('',(5.179854277156,10.861294729628));
#423 = CARTESIAN_POINT('',(5.247636523311,10.925783687788));
#424 = CARTESIAN_POINT('',(5.315569230818,10.998852524306));
#425 = CARTESIAN_POINT('',(5.383665148386,11.080105294363));
#426 = CARTESIAN_POINT('',(5.451935046242,11.169083207273));
#427 = CARTESIAN_POINT('',(5.588840385982,11.3614460454));
#428 = CARTESIAN_POINT('',(5.657540971827,11.464952887956));
#429 = CARTESIAN_POINT('',(5.725902070921,11.574097031782));
#430 = CARTESIAN_POINT('',(5.796433115967,11.693155387668));
#431 = CARTESIAN_POINT('',(5.862467997086,11.808485872739));
#432 = CARTESIAN_POINT('',(5.936315631328,11.943315113845));
#433 = CARTESIAN_POINT('',(6.001485389706,12.064762568182));
#434 = CARTESIAN_POINT('',(6.0740546925,12.203287986506));
#435 = CARTESIAN_POINT('',(6.142892670743,12.336349056954));
#436 = CARTESIAN_POINT('',(6.212730530399,12.472264827665));
#437 = CARTESIAN_POINT('',(6.28318530718,12.6093839526));
#438 = ( GEOMETRIC_REPRESENTATION_CONTEXT(2) 
PARAMETRIC_REPRESENTATION_CONTEXT() REPRESENTATION_CONTEXT('2D SPACE',''
  ) );
#439 = PCURVE('',#440,#519);
#440 = ( BOUNDED_SURFACE() B_SPLINE_SURFACE(2,9,(
    (#441,#442,#443,#444,#445,#446,#447,#448,#449,#450,#451,#452,#453
      ,#454,#455,#456,#457,#458,#459,#460,#461,#462,#463,#464,#465,#466)
    ,(#467,#468,#469,#470,#471,#472,#473,#474,#475,#476,#477,#478,#479
      ,#480,#481,#482,#483,#484,#485,#486,#487,#488,#489,#490,#491,#492)
    ,(#493,#494,#495,#496,#497,#498,#499,#500,#501,#502,#503,#504,#505
      ,#506,#507,#508,#509,#510,#511,#512,#513,#514,#515,#516,#517,#518
)),.UNSPECIFIED.,.F.,.F.,.F.) B_SPLINE_SURFACE_WITH_KNOTS((3,3),(10,8,8,
    10),(0.,3.147595701834),(3.313382892989E-02,1.590364765382,
    3.147595701834,3.180729530764),.UNSPECIFIED.) 
GEOMETRIC_REPRESENTATION_ITEM() RATIONAL_B_SPLINE_SURFACE((
    (1.,1.,1.,1.,1.,1.,1.,1.,1.,1.,1.,1.,1.,1.,1.,1.,1.,1.,1.,1.,1.,1.
      ,1.,1.,1.,1.)
    ,(0.707106781187,0.696582448549,0.685442070202,0.67566016235
      ,0.669237896581,0.670348040212,0.677904952497,0.688295976594
      ,0.699631520922,0.720605000787,0.730255082273,0.737407258094
      ,0.740967437952,0.74084810484,0.73696682832,0.729399479505
      ,0.719510680023,0.708889665404,0.708667994713,0.70844594981
      ,0.708223547825,0.708000805886,0.707777741124,0.707554370667
      ,0.707330711645,0.707106781187)
    ,(1.,1.,1.,1.,1.,1.,1.,1.,1.,1.,1.,1.,1.,1.,1.,1.,1.,1.,1.,1.,1.,1.
,1.,1.,1.,1.))) REPRESENTATION_ITEM('') SURFACE() );
#441 = CARTESIAN_POINT('',(12.7,-38.53667047991,15.875));
#442 = CARTESIAN_POINT('',(12.7,-34.16692053447,16.158533607772));
#443 = CARTESIAN_POINT('',(11.041214208681,-29.61574566986,
    16.453695383738));
#444 = CARTESIAN_POINT('',(7.484892929628,-25.70054759719,
    16.708186312064));
#445 = CARTESIAN_POINT('',(2.292454976485,-23.21925043737,
    16.864382424607));
#446 = CARTESIAN_POINT('',(-3.935799862849,-23.64466845234,
    16.838267248928));
#447 = CARTESIAN_POINT('',(-8.702283353691,-26.58879716892,
    16.650679540637));
#448 = CARTESIAN_POINT('',(-11.83405033937,-30.76551624261,
    16.379216511938));
#449 = CARTESIAN_POINT('',(-13.0645872106,-35.41672219276,
    16.077419711612));
#450 = CARTESIAN_POINT('',(-12.21381157924,-44.16277705536,
    15.509971606789));
#451 = CARTESIAN_POINT('',(-10.13058570081,-48.26208620775,
    15.244175367264));
#452 = CARTESIAN_POINT('',(-6.588779990491,-51.38268089224,
    15.042471426253));
#453 = CARTESIAN_POINT('',(-2.1531039112,-52.99182538616,14.939998374511
    ));
#454 = CARTESIAN_POINT('',(2.587655138552,-52.93746208451,
    14.943443603886));
#455 = CARTESIAN_POINT('',(7.022688746484,-51.18655345488,
    15.055044043615));
#456 = CARTESIAN_POINT('',(10.485623320287,-47.89079846129,
    15.268193468566));
#457 = CARTESIAN_POINT('',(12.393759186567,-43.70042374804,
    15.539958807506));
#458 = CARTESIAN_POINT('',(12.679091008268,-39.27785983228,
    15.826908108281));
#459 = CARTESIAN_POINT('',(12.684301127159,-39.1855898535,15.83289491178
    ));
#460 = CARTESIAN_POINT('',(12.688774284371,-39.09319726829,
    15.838889713505));
#461 = CARTESIAN_POINT('',(12.692508032894,-39.00068928124,
    15.844892040482));
#462 = CARTESIAN_POINT('',(12.695499925725,-38.90807309697,
    15.850901419733));
#463 = CARTESIAN_POINT('',(12.697747515856,-38.81535592009,
    15.856917378286));
#464 = CARTESIAN_POINT('',(12.699248356284,-38.72254495521,
    15.862939443165));
#465 = CARTESIAN_POINT('',(12.7,-38.62964740695,15.868967141394));
#466 = CARTESIAN_POINT('',(12.7,-38.53667047991,15.875));
#467 = CARTESIAN_POINT('',(12.7,-38.53667047991,6.35));
#468 = CARTESIAN_POINT('',(12.412790928713,-34.11960286457,6.35));
#469 = CARTESIAN_POINT('',(10.397159794587,-29.75985262717,6.35));
#470 = CARTESIAN_POINT('',(6.647474283294,-26.28493635756,6.35));
#471 = CARTESIAN_POINT('',(1.703410085538,-24.74593937327,6.350000000001
    ));
#472 = CARTESIAN_POINT('',(-3.105749881077,-24.95967728511,
    6.349999999999));
#473 = CARTESIAN_POINT('',(-7.87208416976,-27.01871212928,6.35));
#474 = CARTESIAN_POINT('',(-11.24810272255,-30.78808568954,6.35));
#475 = CARTESIAN_POINT('',(-12.86952218533,-35.31636781394,6.35));
#476 = CARTESIAN_POINT('',(-12.5743742883,-44.13816531745,6.35));
#477 = CARTESIAN_POINT('',(-10.76404054444,-48.45408643698,6.35));
#478 = CARTESIAN_POINT('',(-7.254104444291,-52.02616783595,6.35));
#479 = CARTESIAN_POINT('',(-2.433520930353,-54.04579705891,6.35));
#480 = CARTESIAN_POINT('',(2.910106655325,-53.97656608236,6.35));
#481 = CARTESIAN_POINT('',(7.725327871552,-51.78899623772,6.35));
#482 = CARTESIAN_POINT('',(11.106750728207,-48.03296266484,6.35));
#483 = CARTESIAN_POINT('',(12.725340850959,-43.65580012997,6.35));
#484 = CARTESIAN_POINT('',(12.726944425512,-39.27744303271,6.35));
#485 = CARTESIAN_POINT('',(12.726223372963,-39.18485938547,6.35));
#486 = CARTESIAN_POINT('',(12.724746928069,-39.09225669315,6.35));
#487 = CARTESIAN_POINT('',(12.722514647206,-38.99964260905,
    6.350000000001));
#488 = CARTESIAN_POINT('',(12.719526084092,-38.90702480506,
    6.349999999999));
#489 = CARTESIAN_POINT('',(12.715780789947,-38.81441097164,6.35));
#490 = CARTESIAN_POINT('',(12.711278313689,-38.72180881793,6.35));
#491 = CARTESIAN_POINT('',(12.706018202098,-38.6292260718,6.35));
#492 = CARTESIAN_POINT('',(12.7,-38.53667047991,6.35));
#493 = CARTESIAN_POINT('',(22.204868622463,-37.91772179888,6.35));
#494 = CARTESIAN_POINT('',(21.994403925137,-30.31597644086,6.35));
#495 = CARTESIAN_POINT('',(18.875825780854,-22.56536150976,6.35));
#496 = CARTESIAN_POINT('',(12.584110982612,-16.05591670817,6.35));
#497 = CARTESIAN_POINT('',(3.68975301079,-12.25485650238,6.35));
#498 = CARTESIAN_POINT('',(-6.421967271195,-12.88027751576,6.35));
#499 = CARTESIAN_POINT('',(-14.70556418413,-17.5056923544,6.35));
#500 = CARTESIAN_POINT('',(-20.29611278832,-24.48630311769,6.35));
#501 = CARTESIAN_POINT('',(-22.69444122434,-32.4550707318,6.35));
#502 = CARTESIAN_POINT('',(-21.62292675438,-47.75189217399,6.35));
#503 = CARTESIAN_POINT('',(-18.15221837309,-55.08349288294,6.35));
#504 = CARTESIAN_POINT('',(-11.96642985867,-60.82687903887,6.35));
#505 = CARTESIAN_POINT('',(-3.94800237497,-63.90468549182,6.35));
#506 = CARTESIAN_POINT('',(4.737879945869,-63.79996720652,6.35));
#507 = CARTESIAN_POINT('',(12.747623172307,-60.45778591207,6.35));
#508 = CARTESIAN_POINT('',(18.766171695961,-54.40376511598,6.35));
#509 = CARTESIAN_POINT('',(21.917010712621,-46.93029635628,6.35));
#510 = CARTESIAN_POINT('',(22.203971475316,-39.20913653378,6.35));
#511 = CARTESIAN_POINT('',(22.208653272888,-39.04811796558,6.35));
#512 = CARTESIAN_POINT('',(22.212035349615,-38.88695711283,6.35));
#513 = CARTESIAN_POINT('',(22.214114758182,-38.72566679301,6.35));
#514 = CARTESIAN_POINT('',(22.214888551268,-38.56425982357,6.35));
#515 = CARTESIAN_POINT('',(22.214353781558,-38.40274902197,6.35));
#516 = CARTESIAN_POINT('',(22.212507501731,-38.24114720569,6.35));
#517 = CARTESIAN_POINT('',(22.209346764472,-38.07946719217,6.35));
#518 = CARTESIAN_POINT('',(22.204868622461,-37.91772179888,6.35));
#519 = DEFINITIONAL_REPRESENTATION('',(#520),#524);
#520 = LINE('',#521,#522);
#521 = CARTESIAN_POINT('',(0.,0.));
#522 = VECTOR('',#523,1.);
#523 = DIRECTION('',(0.,1.));
#524 = ( GEOMETRIC_REPRESENTATION_CONTEXT(2) 
PARAMETRIC_REPRESENTATION_CONTEXT() REPRESENTATION_CONTEXT('2D SPACE',''
  ) );
#525 = ADVANCED_FACE('',(#526),#440,.T.);
#526 = FACE_BOUND('',#527,.T.);
#527 = EDGE_LOOP('',(#528,#549,#621,#622));
#528 = ORIENTED_EDGE('',*,*,#529,.T.);
#529 = EDGE_CURVE('',#22,#530,#532,.T.);
#530 = VERTEX_POINT('',#531);
#531 = CARTESIAN_POINT('',(22.204868622463,-37.91772179888,6.35));
#532 = SEAM_CURVE('',#533,(#537,#543),.PCURVE_S1.);
#533 = ( BOUNDED_CURVE() B_SPLINE_CURVE(2,(#534,#535,#536),
.UNSPECIFIED.,.F.,.F.) B_SPLINE_CURVE_WITH_KNOTS((3,3),(0.,
3.147595701834),.PIECEWISE_BEZIER_KNOTS.) CURVE() 
GEOMETRIC_REPRESENTATION_ITEM() RATIONAL_B_SPLINE_CURVE((1.,
0.707106781187,1.)) REPRESENTATION_ITEM('') );
#534 = CARTESIAN_POINT('',(12.7,-38.53667047991,15.875));
#535 = CARTESIAN_POINT('',(12.7,-38.53667047991,6.35));
#536 = CARTESIAN_POINT('',(22.204868622463,-37.91772179888,6.35));
#537 = PCURVE('',#440,#538);
#538 = DEFINITIONAL_REPRESENTATION('',(#539),#542);
#539 = B_SPLINE_CURVE_WITH_KNOTS('',1,(#540,#541),.UNSPECIFIED.,.F.,.F.,
  (2,2),(0.,3.147595701834),.PIECEWISE_BEZIER_KNOTS.);
#540 = CARTESIAN_POINT('',(0.,3.313382892989E-02));
#541 = CARTESIAN_POINT('',(3.147595701834,3.313382892989E-02));
#542 = ( GEOMETRIC_REPRESENTATION_CONTEXT(2) 
PARAMETRIC_REPRESENTATION_CONTEXT() REPRESENTATION_CONTEXT('2D SPACE',''
  ) );
#543 = PCURVE('',#440,#544);
#544 = DEFINITIONAL_REPRESENTATION('',(#545),#548);
#545 = B_SPLINE_CURVE_WITH_KNOTS('',1,(#546,#547),.UNSPECIFIED.,.F.,.F.,
  (2,2),(0.,3.147595701834),.PIECEWISE_BEZIER_KNOTS.);
#546 = CARTESIAN_POINT('',(0.,3.180729530764));
#547 = CARTESIAN_POINT('',(3.147595701834,3.180729530764));
#548 = ( GEOMETRIC_REPRESENTATION_CONTEXT(2) 
PARAMETRIC_REPRESENTATION_CONTEXT() REPRESENTATION_CONTEXT('2D SPACE',''
  ) );
#549 = ORIENTED_EDGE('',*,*,#550,.T.);
#550 = EDGE_CURVE('',#530,#530,#551,.T.);
#551 = SURFACE_CURVE('',#552,(#579,#586),.PCURVE_S1.);
#552 = ( BOUNDED_CURVE() B_SPLINE_CURVE(9,(#553,#554,#555,#556,#557,#558
    ,#559,#560,#561,#562,#563,#564,#565,#566,#567,#568,#569,#570,#571,
    #572,#573,#574,#575,#576,#577,#578),.UNSPECIFIED.,.T.,.F.) 
B_SPLINE_CURVE_WITH_KNOTS((10,8,8,10),(3.313382892989E-02,1.590364765382
,3.147595701834,3.180729530764),.UNSPECIFIED.) CURVE() 
GEOMETRIC_REPRESENTATION_ITEM() RATIONAL_B_SPLINE_CURVE((1.,1.,1.,1.,1.,
    1.,1.,1.,1.,1.,1.,1.,1.,1.,1.,1.,1.,1.,1.,1.,1.,1.,1.,1.,1.,1.)) 
REPRESENTATION_ITEM('') );
#553 = CARTESIAN_POINT('',(22.204868622463,-37.91772179888,6.35));
#554 = CARTESIAN_POINT('',(21.994403925137,-30.31597644086,6.35));
#555 = CARTESIAN_POINT('',(18.875825780854,-22.56536150976,6.35));
#556 = CARTESIAN_POINT('',(12.584110982612,-16.05591670817,6.35));
#557 = CARTESIAN_POINT('',(3.68975301079,-12.25485650238,6.35));
#558 = CARTESIAN_POINT('',(-6.421967271195,-12.88027751576,6.35));
#559 = CARTESIAN_POINT('',(-14.70556418413,-17.5056923544,6.35));
#560 = CARTESIAN_POINT('',(-20.29611278832,-24.48630311769,6.35));
#561 = CARTESIAN_POINT('',(-22.69444122434,-32.4550707318,6.35));
#562 = CARTESIAN_POINT('',(-21.62292675438,-47.75189217399,6.35));
#563 = CARTESIAN_POINT('',(-18.15221837309,-55.08349288294,6.35));
#564 = CARTESIAN_POINT('',(-11.96642985867,-60.82687903887,6.35));
#565 = CARTESIAN_POINT('',(-3.94800237497,-63.90468549182,6.35));
#566 = CARTESIAN_POINT('',(4.737879945869,-63.79996720652,6.35));
#567 = CARTESIAN_POINT('',(12.747623172307,-60.45778591207,6.35));
#568 = CARTESIAN_POINT('',(18.766171695961,-54.40376511598,6.35));
#569 = CARTESIAN_POINT('',(21.917010712621,-46.93029635628,6.35));
#570 = CARTESIAN_POINT('',(22.203971475316,-39.20913653378,6.35));
#571 = CARTESIAN_POINT('',(22.208653272888,-39.04811796558,6.35));
#572 = CARTESIAN_POINT('',(22.212035349615,-38.88695711283,6.35));
#573 = CARTESIAN_POINT('',(22.214114758182,-38.72566679301,6.35));
#574 = CARTESIAN_POINT('',(22.214888551268,-38.56425982357,6.35));
#575 = CARTESIAN_POINT('',(22.214353781558,-38.40274902197,6.35));
#576 = CARTESIAN_POINT('',(22.212507501731,-38.24114720569,6.35));
#577 = CARTESIAN_POINT('',(22.209346764472,-38.07946719217,6.35));
#578 = CARTESIAN_POINT('',(22.204868622461,-37.91772179888,6.35));
#579 = PCURVE('',#440,#580);
#580 = DEFINITIONAL_REPRESENTATION('',(#581),#585);
#581 = LINE('',#582,#583);
#582 = CARTESIAN_POINT('',(3.147595701834,0.));
#583 = VECTOR('',#584,1.);
#584 = DIRECTION('',(0.,1.));
#585 = ( GEOMETRIC_REPRESENTATION_CONTEXT(2) 
PARAMETRIC_REPRESENTATION_CONTEXT() REPRESENTATION_CONTEXT('2D SPACE',''
  ) );
#586 = PCURVE('',#587,#592);
#587 = PLANE('',#588);
#588 = AXIS2_PLACEMENT_3D('',#589,#590,#591);
#589 = CARTESIAN_POINT('',(-2.109857372875E-08,-1.855412735006E-08,6.35)
  );
#590 = DIRECTION('',(0.,0.,1.));
#591 = DIRECTION('',(1.,0.,0.));
#592 = DEFINITIONAL_REPRESENTATION('',(#593),#620);
#593 = B_SPLINE_CURVE_WITH_KNOTS('',9,(#594,#595,#596,#597,#598,#599,
    #600,#601,#602,#603,#604,#605,#606,#607,#608,#609,#610,#611,#612,
    #613,#614,#615,#616,#617,#618,#619),.UNSPECIFIED.,.F.,.F.,(10,8,8,10
    ),(3.313382892989E-02,1.590364765382,3.147595701834,3.180729530764),
  .UNSPECIFIED.);
#594 = CARTESIAN_POINT('',(22.20486864356,-37.91772178032));
#595 = CARTESIAN_POINT('',(21.994403946236,-30.3159764223));
#596 = CARTESIAN_POINT('',(18.875825801952,-22.56536149121));
#597 = CARTESIAN_POINT('',(12.584111003712,-16.05591668962));
#598 = CARTESIAN_POINT('',(3.689753031888,-12.25485648383));
#599 = CARTESIAN_POINT('',(-6.421967250097,-12.88027749721));
#600 = CARTESIAN_POINT('',(-14.70556416303,-17.50569233584));
#601 = CARTESIAN_POINT('',(-20.29611276723,-24.48630309914));
#602 = CARTESIAN_POINT('',(-22.69444120324,-32.45507071324));
#603 = CARTESIAN_POINT('',(-21.62292673329,-47.75189215544));
#604 = CARTESIAN_POINT('',(-18.15221835199,-55.08349286439));
#605 = CARTESIAN_POINT('',(-11.96642983757,-60.82687902031));
#606 = CARTESIAN_POINT('',(-3.948002353872,-63.90468547327));
#607 = CARTESIAN_POINT('',(4.737879966968,-63.79996718796));
#608 = CARTESIAN_POINT('',(12.747623193406,-60.45778589352));
#609 = CARTESIAN_POINT('',(18.766171717059,-54.40376509743));
#610 = CARTESIAN_POINT('',(21.91701073372,-46.93029633773));
#611 = CARTESIAN_POINT('',(22.203971496415,-39.20913651523));
#612 = CARTESIAN_POINT('',(22.208653293987,-39.04811794702));
#613 = CARTESIAN_POINT('',(22.212035370713,-38.88695709427));
#614 = CARTESIAN_POINT('',(22.214114779282,-38.72566677445));
#615 = CARTESIAN_POINT('',(22.214888572366,-38.56425980501));
#616 = CARTESIAN_POINT('',(22.214353802657,-38.40274900342));
#617 = CARTESIAN_POINT('',(22.21250752283,-38.24114718713));
#618 = CARTESIAN_POINT('',(22.20934678557,-38.07946717361));
#619 = CARTESIAN_POINT('',(22.20486864356,-37.91772178032));
#620 = ( GEOMETRIC_REPRESENTATION_CONTEXT(2) 
PARAMETRIC_REPRESENTATION_CONTEXT() REPRESENTATION_CONTEXT('2D SPACE',''
  ) );
#621 = ORIENTED_EDGE('',*,*,#529,.F.);
#622 = ORIENTED_EDGE('',*,*,#364,.F.);
#623 = ADVANCED_FACE('',(#624),#68,.T.);
#624 = FACE_BOUND('',#625,.T.);
#625 = EDGE_LOOP('',(#626,#661,#714,#715,#716));
#626 = ORIENTED_EDGE('',*,*,#627,.T.);
#627 = EDGE_CURVE('',#628,#630,#632,.T.);
#628 = VERTEX_POINT('',#629);
#629 = CARTESIAN_POINT('',(9.906000000003,-18.77472084365,
    182.38584142113));
#630 = VERTEX_POINT('',#631);
#631 = CARTESIAN_POINT('',(-9.906000000003,-18.77472084365,
    182.38584142113));
#632 = SURFACE_CURVE('',#633,(#638,#645),.PCURVE_S1.);
#633 = CIRCLE('',#634,11.176);
#634 = AXIS2_PLACEMENT_3D('',#635,#636,#637);
#635 = CARTESIAN_POINT('',(0.,-23.92940418271,182.83681777736));
#636 = DIRECTION('',(-6.938893903907E-18,-8.715574274766E-02,
    -0.996194698092));
#637 = DIRECTION('',(0.886363636364,0.461227929408,-4.035221512474E-02)
  );
#638 = PCURVE('',#68,#639);
#639 = DEFINITIONAL_REPRESENTATION('',(#640),#644);
#640 = LINE('',#641,#642);
#641 = CARTESIAN_POINT('',(6.764550591637,1.570796326795));
#642 = VECTOR('',#643,1.);
#643 = DIRECTION('',(-1.,-0.));
#644 = ( GEOMETRIC_REPRESENTATION_CONTEXT(2) 
PARAMETRIC_REPRESENTATION_CONTEXT() REPRESENTATION_CONTEXT('2D SPACE',''
  ) );
#645 = PCURVE('',#646,#651);
#646 = PLANE('',#647);
#647 = AXIS2_PLACEMENT_3D('',#648,#649,#650);
#648 = CARTESIAN_POINT('',(0.,-23.92940418271,182.83681777736));
#649 = DIRECTION('',(0.,8.715574274766E-02,0.996194698092));
#650 = DIRECTION('',(1.,0.,0.));
#651 = DEFINITIONAL_REPRESENTATION('',(#652),#660);
#652 = ( BOUNDED_CURVE() B_SPLINE_CURVE(2,(#653,#654,#655,#656,#657,#658
,#659),.UNSPECIFIED.,.T.,.F.) B_SPLINE_CURVE_WITH_KNOTS((1,2,2,2,2,1),(
    -2.094395102393,0.,2.094395102393,4.188790204786,6.28318530718,
8.377580409573),.UNSPECIFIED.) CURVE() GEOMETRIC_REPRESENTATION_ITEM() 
RATIONAL_B_SPLINE_CURVE((1.,0.5,1.,0.5,1.,0.5,1.)) REPRESENTATION_ITEM(
  '') );
#653 = CARTESIAN_POINT('',(9.906000000005,5.174373392007));
#654 = CARTESIAN_POINT('',(18.868277612293,-11.98332190777));
#655 = CARTESIAN_POINT('',(-0.471861193858,-11.16603434589));
#656 = CARTESIAN_POINT('',(-19.812,-10.34874678401));
#657 = CARTESIAN_POINT('',(-9.434138806146,5.991660953889));
#658 = CARTESIAN_POINT('',(0.943722387717,22.332068691792));
#659 = CARTESIAN_POINT('',(9.906000000005,5.174373392007));
#660 = ( GEOMETRIC_REPRESENTATION_CONTEXT(2) 
PARAMETRIC_REPRESENTATION_CONTEXT() REPRESENTATION_CONTEXT('2D SPACE',''
  ) );
#661 = ORIENTED_EDGE('',*,*,#662,.F.);
#662 = EDGE_CURVE('',#52,#630,#663,.T.);
#663 = SURFACE_CURVE('',#664,(#677,#693),.PCURVE_S1.);
#664 = B_SPLINE_CURVE_WITH_KNOTS('',6,(#665,#666,#667,#668,#669,#670,
    #671,#672,#673,#674,#675,#676),.UNSPECIFIED.,.F.,.F.,(7,5,7),(0.,
    0.883609550667,1.),.UNSPECIFIED.);
#665 = CARTESIAN_POINT('',(-11.43,-18.54749327298,180.83614015224));
#666 = CARTESIAN_POINT('',(-11.43,-18.51676199811,181.1874002313));
#667 = CARTESIAN_POINT('',(-11.33211522919,-18.50840693942,
    181.54061370253));
#668 = CARTESIAN_POINT('',(-11.13625916161,-18.52537055165,
    181.86199346194));
#669 = CARTESIAN_POINT('',(-10.8584685682,-18.56777035699,
    182.11706122799));
#670 = CARTESIAN_POINT('',(-10.52962605209,-18.63156855035,
    182.28351631982));
#671 = CARTESIAN_POINT('',(-10.13736444735,-18.71992338412,
    182.36403333092));
#672 = CARTESIAN_POINT('',(-10.09140079076,-18.73045491612,
    182.3717508975));
#673 = CARTESIAN_POINT('',(-10.045205354,-18.7412178011,182.37779906222)
  );
#674 = CARTESIAN_POINT('',(-9.998855048443,-18.75219497234,
    182.38216692628));
#675 = CARTESIAN_POINT('',(-9.95242732483,-18.76336881658,
    182.38484824945));
#676 = CARTESIAN_POINT('',(-9.906000173274,-18.7747211741,
    182.38584145004));
#677 = PCURVE('',#68,#678);
#678 = DEFINITIONAL_REPRESENTATION('',(#679),#692);
#679 = B_SPLINE_CURVE_WITH_KNOTS('',6,(#680,#681,#682,#683,#684,#685,
    #686,#687,#688,#689,#690,#691),.UNSPECIFIED.,.F.,.F.,(7,5,7),(0.,
    0.883609550667,1.),.UNSPECIFIED.);
#680 = CARTESIAN_POINT('',(2.690565841794,0.));
#681 = CARTESIAN_POINT('',(2.690565841794,0.231366033792));
#682 = CARTESIAN_POINT('',(2.68879689077,0.462738744503));
#683 = CARTESIAN_POINT('',(2.68526226088,0.694090839482));
#684 = CARTESIAN_POINT('',(2.680080379425,0.92541767111));
#685 = CARTESIAN_POINT('',(2.673530231374,1.156723687722));
#686 = CARTESIAN_POINT('',(2.665232320669,1.418473745556));
#687 = CARTESIAN_POINT('',(2.664252949903,1.448938698766));
#688 = CARTESIAN_POINT('',(2.663261307214,1.479403379272));
#689 = CARTESIAN_POINT('',(2.662258803365,1.509867816867));
#690 = CARTESIAN_POINT('',(2.661246958595,1.540332090203));
#691 = CARTESIAN_POINT('',(2.660227402618,1.570796326795));
#692 = ( GEOMETRIC_REPRESENTATION_CONTEXT(2) 
PARAMETRIC_REPRESENTATION_CONTEXT() REPRESENTATION_CONTEXT('2D SPACE',''
  ) );
#693 = PCURVE('',#694,#699);
#694 = CYLINDRICAL_SURFACE('',#695,1.524);
#695 = AXIS2_PLACEMENT_3D('',#696,#697,#698);
#696 = CARTESIAN_POINT('',(-9.906,-24.06222953466,181.31861705747));
#697 = DIRECTION('',(0.,0.996194698092,-8.715574274766E-02));
#698 = DIRECTION('',(-1.,0.,0.));
#699 = DEFINITIONAL_REPRESENTATION('',(#700),#713);
#700 = B_SPLINE_CURVE_WITH_KNOTS('',6,(#701,#702,#703,#704,#705,#706,
    #707,#708,#709,#710,#711,#712),.UNSPECIFIED.,.F.,.F.,(7,5,7),(0.,
    0.883609550667,1.),.UNSPECIFIED.);
#701 = CARTESIAN_POINT('',(0.,5.535801658296));
#702 = CARTESIAN_POINT('',(0.231366033792,5.535801658296));
#703 = CARTESIAN_POINT('',(0.462738744503,5.513340341028));
#704 = CARTESIAN_POINT('',(0.694090839482,5.468431188832));
#705 = CARTESIAN_POINT('',(0.92541767111,5.403962106949));
#706 = CARTESIAN_POINT('',(1.156723687722,5.325899167818));
#707 = CARTESIAN_POINT('',(1.418473745556,5.230863030956));
#708 = CARTESIAN_POINT('',(1.448938661133,5.219698944366));
#709 = CARTESIAN_POINT('',(1.47940335677,5.208449883123));
#710 = CARTESIAN_POINT('',(1.509867862182,5.197133798903));
#711 = CARTESIAN_POINT('',(1.540332165464,5.185768781794));
#712 = CARTESIAN_POINT('',(1.570796213098,5.174373060293));
#713 = ( GEOMETRIC_REPRESENTATION_CONTEXT(2) 
PARAMETRIC_REPRESENTATION_CONTEXT() REPRESENTATION_CONTEXT('2D SPACE',''
  ) );
#714 = ORIENTED_EDGE('',*,*,#51,.T.);
#715 = ORIENTED_EDGE('',*,*,#342,.T.);
#716 = ORIENTED_EDGE('',*,*,#717,.T.);
#717 = EDGE_CURVE('',#317,#628,#718,.T.);
#718 = SURFACE_CURVE('',#719,(#732,#748),.PCURVE_S1.);
#719 = B_SPLINE_CURVE_WITH_KNOTS('',6,(#720,#721,#722,#723,#724,#725,
    #726,#727,#728,#729,#730,#731),.UNSPECIFIED.,.F.,.F.,(7,5,7),(0.,
    0.883609486253,1.),.UNSPECIFIED.);
#720 = CARTESIAN_POINT('',(11.43,-18.54749327298,180.83614015224));
#721 = CARTESIAN_POINT('',(11.43,-18.51676199811,181.18740023132));
#722 = CARTESIAN_POINT('',(11.332115229178,-18.50840693942,
    181.54061370258));
#723 = CARTESIAN_POINT('',(11.136259161574,-18.52537055165,181.861993462
    ));
#724 = CARTESIAN_POINT('',(10.858468568132,-18.567770357,182.11706122805
    ));
#725 = CARTESIAN_POINT('',(10.52962605199,-18.63156855037,
    182.28351631987));
#726 = CARTESIAN_POINT('',(10.137364418629,-18.71992339059,
    182.36403333681));
#727 = CARTESIAN_POINT('',(10.0914006763,-18.73045469674,182.37175088682
    ));
#728 = CARTESIAN_POINT('',(10.045205233251,-18.74121768225,
    182.37779906141));
#729 = CARTESIAN_POINT('',(9.998855000835,-18.75219527988,
    182.38216696172));
#730 = CARTESIAN_POINT('',(9.95242729318,-18.76336931669,182.38484829854
    ));
#731 = CARTESIAN_POINT('',(9.905999827191,-18.77472051406,
    182.38584139229));
#732 = PCURVE('',#68,#733);
#733 = DEFINITIONAL_REPRESENTATION('',(#734),#747);
#734 = B_SPLINE_CURVE_WITH_KNOTS('',6,(#735,#736,#737,#738,#739,#740,
    #741,#742,#743,#744,#745,#746),.UNSPECIFIED.,.F.,.F.,(7,5,7),(0.,
    0.883609486253,1.),.UNSPECIFIED.);
#735 = CARTESIAN_POINT('',(6.734212118976,0.));
#736 = CARTESIAN_POINT('',(6.734212118976,0.231366033806));
#737 = CARTESIAN_POINT('',(6.735981069999,0.462738744532));
#738 = CARTESIAN_POINT('',(6.73951569989,0.694090839525));
#739 = CARTESIAN_POINT('',(6.744697581346,0.925417671168));
#740 = CARTESIAN_POINT('',(6.751247729397,1.156723687794));
#741 = CARTESIAN_POINT('',(6.759545640708,1.418473764726));
#742 = CARTESIAN_POINT('',(6.760525032965,1.448938699089));
#743 = CARTESIAN_POINT('',(6.761516667897,1.479403413848));
#744 = CARTESIAN_POINT('',(6.762519134783,1.509867938742));
#745 = CARTESIAN_POINT('',(6.763530963602,1.540332261291));
#746 = CARTESIAN_POINT('',(6.764550625035,1.570796326795));
#747 = ( GEOMETRIC_REPRESENTATION_CONTEXT(2) 
PARAMETRIC_REPRESENTATION_CONTEXT() REPRESENTATION_CONTEXT('2D SPACE',''
  ) );
#748 = PCURVE('',#749,#754);
#749 = CYLINDRICAL_SURFACE('',#750,1.524);
#750 = AXIS2_PLACEMENT_3D('',#751,#752,#753);
#751 = CARTESIAN_POINT('',(9.906,-11.41055686889,180.21173912458));
#752 = DIRECTION('',(-0.,-0.996194698092,8.715574274766E-02));
#753 = DIRECTION('',(1.,0.,0.));
#754 = DEFINITIONAL_REPRESENTATION('',(#755),#768);
#755 = B_SPLINE_CURVE_WITH_KNOTS('',6,(#756,#757,#758,#759,#760,#761,
    #762,#763,#764,#765,#766,#767),.UNSPECIFIED.,.F.,.F.,(7,5,7),(0.,
    0.883609486253,1.),.UNSPECIFIED.);
#756 = CARTESIAN_POINT('',(0.,7.164198341704));
#757 = CARTESIAN_POINT('',(0.231366033806,7.164198341704));
#758 = CARTESIAN_POINT('',(0.462738744532,7.186659658975));
#759 = CARTESIAN_POINT('',(0.694090839525,7.231568811176));
#760 = CARTESIAN_POINT('',(0.925417671168,7.296037893067));
#761 = CARTESIAN_POINT('',(1.156723687794,7.374100832206));
#762 = CARTESIAN_POINT('',(1.418473764726,7.469136976005));
#763 = CARTESIAN_POINT('',(1.448938736621,7.480300836161));
#764 = CARTESIAN_POINT('',(1.479403436289,7.491549998408));
#765 = CARTESIAN_POINT('',(1.509867893548,7.502866510555));
#766 = CARTESIAN_POINT('',(1.540332186231,7.514231720684));
#767 = CARTESIAN_POINT('',(1.570796440187,7.525626277152));
#768 = ( GEOMETRIC_REPRESENTATION_CONTEXT(2) 
PARAMETRIC_REPRESENTATION_CONTEXT() REPRESENTATION_CONTEXT('2D SPACE',''
  ) );
#769 = ADVANCED_FACE('',(#770),#94,.T.);
#770 = FACE_BOUND('',#771,.T.);
#771 = EDGE_LOOP('',(#772,#795,#823,#844));
#772 = ORIENTED_EDGE('',*,*,#773,.T.);
#773 = EDGE_CURVE('',#52,#774,#776,.T.);
#774 = VERTEX_POINT('',#775);
#775 = CARTESIAN_POINT('',(-11.43,-11.41055686889,180.21173912458));
#776 = SURFACE_CURVE('',#777,(#781,#788),.PCURVE_S1.);
#777 = LINE('',#778,#779);
#778 = CARTESIAN_POINT('',(-11.43,-24.06222953466,181.31861705747));
#779 = VECTOR('',#780,25.4);
#780 = DIRECTION('',(0.,0.996194698092,-8.715574274766E-02));
#781 = PCURVE('',#94,#782);
#782 = DEFINITIONAL_REPRESENTATION('',(#783),#787);
#783 = LINE('',#784,#785);
#784 = CARTESIAN_POINT('',(0.,-35.306));
#785 = VECTOR('',#786,1.);
#786 = DIRECTION('',(1.,0.));
#787 = ( GEOMETRIC_REPRESENTATION_CONTEXT(2) 
PARAMETRIC_REPRESENTATION_CONTEXT() REPRESENTATION_CONTEXT('2D SPACE',''
  ) );
#788 = PCURVE('',#694,#789);
#789 = DEFINITIONAL_REPRESENTATION('',(#790),#794);
#790 = LINE('',#791,#792);
#791 = CARTESIAN_POINT('',(0.,0.));
#792 = VECTOR('',#793,1.);
#793 = DIRECTION('',(0.,1.));
#794 = ( GEOMETRIC_REPRESENTATION_CONTEXT(2) 
PARAMETRIC_REPRESENTATION_CONTEXT() REPRESENTATION_CONTEXT('2D SPACE',''
  ) );
#795 = ORIENTED_EDGE('',*,*,#796,.F.);
#796 = EDGE_CURVE('',#797,#774,#799,.T.);
#797 = VERTEX_POINT('',#798);
#798 = CARTESIAN_POINT('',(-11.43,-12.62497605937,166.33086425995));
#799 = SURFACE_CURVE('',#800,(#804,#811),.PCURVE_S1.);
#800 = LINE('',#801,#802);
#801 = CARTESIAN_POINT('',(-11.43,-14.48767752234,145.04008911375));
#802 = VECTOR('',#803,25.4);
#803 = DIRECTION('',(0.,8.715574274766E-02,0.996194698092));
#804 = PCURVE('',#94,#805);
#805 = DEFINITIONAL_REPRESENTATION('',(#806),#810);
#806 = LINE('',#807,#808);
#807 = CARTESIAN_POINT('',(12.7,0.));
#808 = VECTOR('',#809,1.);
#809 = DIRECTION('',(0.,-1.));
#810 = ( GEOMETRIC_REPRESENTATION_CONTEXT(2) 
PARAMETRIC_REPRESENTATION_CONTEXT() REPRESENTATION_CONTEXT('2D SPACE',''
  ) );
#811 = PCURVE('',#812,#817);
#812 = CYLINDRICAL_SURFACE('',#813,11.43);
#813 = AXIS2_PLACEMENT_3D('',#814,#815,#816);
#814 = CARTESIAN_POINT('',(0.,-14.48767752234,145.04008911375));
#815 = DIRECTION('',(-0.,-8.715574274766E-02,-0.996194698092));
#816 = DIRECTION('',(1.,0.,0.));
#817 = DEFINITIONAL_REPRESENTATION('',(#818),#822);
#818 = LINE('',#819,#820);
#819 = CARTESIAN_POINT('',(-3.14159265359,0.));
#820 = VECTOR('',#821,1.);
#821 = DIRECTION('',(-0.,-1.));
#822 = ( GEOMETRIC_REPRESENTATION_CONTEXT(2) 
PARAMETRIC_REPRESENTATION_CONTEXT() REPRESENTATION_CONTEXT('2D SPACE',''
  ) );
#823 = ORIENTED_EDGE('',*,*,#824,.F.);
#824 = EDGE_CURVE('',#80,#797,#825,.T.);
#825 = SURFACE_CURVE('',#826,(#830,#837),.PCURVE_S1.);
#826 = LINE('',#827,#828);
#827 = CARTESIAN_POINT('',(-11.43,-28.32927954355,153.15338899847));
#828 = VECTOR('',#829,25.4);
#829 = DIRECTION('',(0.,0.766044443119,0.642787609687));
#830 = PCURVE('',#94,#831);
#831 = DEFINITIONAL_REPRESENTATION('',(#832),#836);
#832 = LINE('',#833,#834);
#833 = CARTESIAN_POINT('',(-1.796051224214,-6.876051224214));
#834 = VECTOR('',#835,1.);
#835 = DIRECTION('',(0.707106781187,-0.707106781187));
#836 = ( GEOMETRIC_REPRESENTATION_CONTEXT(2) 
PARAMETRIC_REPRESENTATION_CONTEXT() REPRESENTATION_CONTEXT('2D SPACE',''
  ) );
#837 = PCURVE('',#155,#838);
#838 = DEFINITIONAL_REPRESENTATION('',(#839),#843);
#839 = LINE('',#840,#841);
#840 = CARTESIAN_POINT('',(-0.,0.));
#841 = VECTOR('',#842,1.);
#842 = DIRECTION('',(-0.,1.));
#843 = ( GEOMETRIC_REPRESENTATION_CONTEXT(2) 
PARAMETRIC_REPRESENTATION_CONTEXT() REPRESENTATION_CONTEXT('2D SPACE',''
  ) );
#844 = ORIENTED_EDGE('',*,*,#79,.T.);
#845 = ADVANCED_FACE('',(#846),#155,.T.);
#846 = FACE_BOUND('',#847,.F.);
#847 = EDGE_LOOP('',(#848,#849,#850,#873));
#848 = ORIENTED_EDGE('',*,*,#824,.F.);
#849 = ORIENTED_EDGE('',*,*,#105,.T.);
#850 = ORIENTED_EDGE('',*,*,#851,.T.);
#851 = EDGE_CURVE('',#106,#852,#854,.T.);
#852 = VERTEX_POINT('',#853);
#853 = CARTESIAN_POINT('',(-8.89,-10.99229553077,164.38511137442));
#854 = SURFACE_CURVE('',#855,(#859,#866),.PCURVE_S1.);
#855 = LINE('',#856,#857);
#856 = CARTESIAN_POINT('',(-8.89,-26.69659901495,151.20763611295));
#857 = VECTOR('',#858,25.4);
#858 = DIRECTION('',(0.,0.766044443119,0.642787609687));
#859 = PCURVE('',#155,#860);
#860 = DEFINITIONAL_REPRESENTATION('',(#861),#865);
#861 = LINE('',#862,#863);
#862 = CARTESIAN_POINT('',(-1.570796326795,0.));
#863 = VECTOR('',#864,1.);
#864 = DIRECTION('',(-0.,1.));
#865 = ( GEOMETRIC_REPRESENTATION_CONTEXT(2) 
PARAMETRIC_REPRESENTATION_CONTEXT() REPRESENTATION_CONTEXT('2D SPACE',''
  ) );
#866 = PCURVE('',#207,#867);
#867 = DEFINITIONAL_REPRESENTATION('',(#868),#872);
#868 = LINE('',#869,#870);
#869 = CARTESIAN_POINT('',(10.776307345283,-5.08));
#870 = VECTOR('',#871,1.);
#871 = DIRECTION('',(1.,0.));
#872 = ( GEOMETRIC_REPRESENTATION_CONTEXT(2) 
PARAMETRIC_REPRESENTATION_CONTEXT() REPRESENTATION_CONTEXT('2D SPACE',''
  ) );
#873 = ORIENTED_EDGE('',*,*,#874,.F.);
#874 = EDGE_CURVE('',#797,#852,#875,.T.);
#875 = SURFACE_CURVE('',#876,(#881,#887),.PCURVE_S1.);
#876 = CIRCLE('',#877,2.54);
#877 = AXIS2_PLACEMENT_3D('',#878,#879,#880);
#878 = CARTESIAN_POINT('',(-8.89,-12.62497605937,166.33086425995));
#879 = DIRECTION('',(-0.,-0.766044443119,-0.642787609687));
#880 = DIRECTION('',(-1.,0.,0.));
#881 = PCURVE('',#155,#882);
#882 = DEFINITIONAL_REPRESENTATION('',(#883),#886);
#883 = B_SPLINE_CURVE_WITH_KNOTS('',1,(#884,#885),.UNSPECIFIED.,.F.,.F.,
  (2,2),(0.,1.570796326795),.PIECEWISE_BEZIER_KNOTS.);
#884 = CARTESIAN_POINT('',(0.,20.500512242138));
#885 = CARTESIAN_POINT('',(-1.570796326795,20.500512242138));
#886 = ( GEOMETRIC_REPRESENTATION_CONTEXT(2) 
PARAMETRIC_REPRESENTATION_CONTEXT() REPRESENTATION_CONTEXT('2D SPACE',''
  ) );
#887 = PCURVE('',#888,#937);
#888 = ( BOUNDED_SURFACE() B_SPLINE_SURFACE(2,8,(
    (#889,#890,#891,#892,#893,#894,#895,#896,#897,#898,#899,#900,#901
      ,#902,#903,#904)
    ,(#905,#906,#907,#908,#909,#910,#911,#912,#913,#914,#915,#916,#917
      ,#918,#919,#920)
    ,(#921,#922,#923,#924,#925,#926,#927,#928,#929,#930,#931,#932,#933
      ,#934,#935,#936
)),.UNSPECIFIED.,.F.,.F.,.F.) B_SPLINE_SURFACE_WITH_KNOTS((3,3),(9,7,9),
  (0.,1.518672389642),(0.807315252527,1.566651447348,2.32598764217),
.UNSPECIFIED.) GEOMETRIC_REPRESENTATION_ITEM() RATIONAL_B_SPLINE_SURFACE
((
    (1.,1.,1.,1.,1.,1.,1.,1.,1.,1.,1.,1.,1.,1.,1.,1.)
    ,(0.707106781187,0.756162914222,0.799933034102,0.83789485014
      ,0.870488309852,0.896986650236,0.914883377894,0.923879528494
      ,0.923879536529,0.914883393894,0.896986670476,0.870488327166
      ,0.837894841583,0.799933014161,0.756162897941,0.707106781187)
    ,(1.,1.,1.,1.,1.,1.,1.,1.,1.,1.,1.,1.,1.,1.,1.,1.
))) REPRESENTATION_ITEM('') SURFACE() );
#889 = CARTESIAN_POINT('',(-11.43,-12.62497605937,166.33086425995));
#890 = CARTESIAN_POINT('',(-11.43,-10.23869845738,167.87312512387));
#891 = CARTESIAN_POINT('',(-10.92518274746,-7.921886080066,
    169.37019153086));
#892 = CARTESIAN_POINT('',(-9.980641715662,-5.774791544241,
    170.75660198596));
#893 = CARTESIAN_POINT('',(-8.591788704698,-3.870449772104,
    171.98089510698));
#894 = CARTESIAN_POINT('',(-6.895873639304,-2.281529660753,
    172.99487062598));
#895 = CARTESIAN_POINT('',(-4.754983485977,-1.062819960535,
    173.79833917596));
#896 = CARTESIAN_POINT('',(-2.376644101469,-0.46365649069,
    174.19084471378));
#897 = CARTESIAN_POINT('',(2.376640654991,-0.463655723628,
    174.19084525897));
#898 = CARTESIAN_POINT('',(4.754980901413,-1.062818413837,
    173.79834027866));
#899 = CARTESIAN_POINT('',(6.895872940843,-2.281528114426,
    172.99487167516));
#900 = CARTESIAN_POINT('',(8.591789086467,-3.870449532389,
    171.98089512002));
#901 = CARTESIAN_POINT('',(9.98064236247,-5.774792212448,170.75660154785
    ));
#902 = CARTESIAN_POINT('',(10.92518308385,-7.921887221664,
    169.37019078278));
#903 = CARTESIAN_POINT('',(11.43,-10.23869925131,167.87312461038));
#904 = CARTESIAN_POINT('',(11.43,-12.62497605937,166.33086425995));
#905 = CARTESIAN_POINT('',(-11.43,-10.99229553077,164.38511137442));
#906 = CARTESIAN_POINT('',(-11.10044429741,-8.974608148298,
    166.07815211289));
#907 = CARTESIAN_POINT('',(-10.41851505782,-7.019521768475,
    167.71866437312));
#908 = CARTESIAN_POINT('',(-9.421805224628,-5.193542458663,
    169.25084293852));
#909 = CARTESIAN_POINT('',(-8.05310182455,-3.580773822195,
    170.60411650655));
#910 = CARTESIAN_POINT('',(-6.496880818165,-2.196929603397,
    171.76529968015));
#911 = CARTESIAN_POINT('',(-4.458540196146,-1.081113859466,
    172.70158025935));
#912 = CARTESIAN_POINT('',(-2.206630455883,-0.555353255127,
    173.14274578853));
#913 = CARTESIAN_POINT('',(2.206626837338,-0.555352499869,
    173.14274642227));
#914 = CARTESIAN_POINT('',(4.458537501595,-1.081112315806,
    172.70158155463));
#915 = CARTESIAN_POINT('',(6.496880304713,-2.196928076696,
    171.76530096121));
#916 = CARTESIAN_POINT('',(8.053102507391,-3.580774055903,
    170.60411631045));
#917 = CARTESIAN_POINT('',(9.421805928288,-5.193543371077,
    169.25084217291));
#918 = CARTESIAN_POINT('',(10.418515460772,-7.019522882739,
    167.71866343814));
#919 = CARTESIAN_POINT('',(11.100444399962,-8.974608802589,
    166.07815156387));
#920 = CARTESIAN_POINT('',(11.43,-10.99229553077,164.38511137442));
#921 = CARTESIAN_POINT('',(-8.890074968802,-11.00724490116,
    164.37256736324));
#922 = CARTESIAN_POINT('',(-8.893238306389,-9.162897072929,
    165.92015894567));
#923 = CARTESIAN_POINT('',(-8.522790341762,-7.389687516734,
    167.40805843028));
#924 = CARTESIAN_POINT('',(-7.853009905163,-5.739122785668,
    168.79304668735));
#925 = CARTESIAN_POINT('',(-6.828661937984,-4.263013811358,
    170.03164918327));
#926 = CARTESIAN_POINT('',(-5.636924289122,-2.972743297925,
    171.11431469521));
#927 = CARTESIAN_POINT('',(-3.934401766651,-1.887097338699,
    172.02527981919));
#928 = CARTESIAN_POINT('',(-1.96619482934,-1.361310532193,172.4664673346
    ));
#929 = CARTESIAN_POINT('',(1.966191013788,-1.361309691224,
    172.46646804026));
#930 = CARTESIAN_POINT('',(3.934399000024,-1.887095648509,
    172.02528123742));
#931 = CARTESIAN_POINT('',(5.636923832965,-2.972741643881,
    171.11431608312));
#932 = CARTESIAN_POINT('',(6.82866283191,-4.263013934009,170.03164908035
    ));
#933 = CARTESIAN_POINT('',(7.853010859078,-5.7391238987,168.7930457534)
  );
#934 = CARTESIAN_POINT('',(8.522790874998,-7.389689151916,167.4080570582
    ));
#935 = CARTESIAN_POINT('',(8.893238354014,-9.162898268607,
    165.92015794238));
#936 = CARTESIAN_POINT('',(8.890074970832,-11.0072451036,164.37256719337
    ));
#937 = DEFINITIONAL_REPRESENTATION('',(#938),#945);
#938 = B_SPLINE_CURVE_WITH_KNOTS('',5,(#939,#940,#941,#942,#943,#944),
  .UNSPECIFIED.,.F.,.F.,(6,6),(0.,1.570796326795),
  .PIECEWISE_BEZIER_KNOTS.);
#939 = CARTESIAN_POINT('',(1.110223024625E-16,0.807315252527));
#940 = CARTESIAN_POINT('',(0.33736418243,0.807315252527));
#941 = CARTESIAN_POINT('',(0.620032472986,0.807315252527));
#942 = CARTESIAN_POINT('',(0.898670163552,0.807315252527));
#943 = CARTESIAN_POINT('',(1.181308207213,0.807315252527));
#944 = CARTESIAN_POINT('',(1.518672389642,0.807315252527));
#945 = ( GEOMETRIC_REPRESENTATION_CONTEXT(2) 
PARAMETRIC_REPRESENTATION_CONTEXT() REPRESENTATION_CONTEXT('2D SPACE',''
  ) );
#946 = ADVANCED_FACE('',(#947),#331,.F.);
#947 = FACE_BOUND('',#948,.F.);
#948 = EDGE_LOOP('',(#949,#972,#995,#1016));
#949 = ORIENTED_EDGE('',*,*,#950,.F.);
#950 = EDGE_CURVE('',#951,#317,#953,.T.);
#951 = VERTEX_POINT('',#952);
#952 = CARTESIAN_POINT('',(11.43,-11.41055686889,180.21173912458));
#953 = SURFACE_CURVE('',#954,(#958,#965),.PCURVE_S1.);
#954 = LINE('',#955,#956);
#955 = CARTESIAN_POINT('',(11.43,-11.41055686889,180.21173912458));
#956 = VECTOR('',#957,25.4);
#957 = DIRECTION('',(-0.,-0.996194698092,8.715574274766E-02));
#958 = PCURVE('',#331,#959);
#959 = DEFINITIONAL_REPRESENTATION('',(#960),#964);
#960 = LINE('',#961,#962);
#961 = CARTESIAN_POINT('',(12.7,-35.306));
#962 = VECTOR('',#963,1.);
#963 = DIRECTION('',(-1.,0.));
#964 = ( GEOMETRIC_REPRESENTATION_CONTEXT(2) 
PARAMETRIC_REPRESENTATION_CONTEXT() REPRESENTATION_CONTEXT('2D SPACE',''
  ) );
#965 = PCURVE('',#749,#966);
#966 = DEFINITIONAL_REPRESENTATION('',(#967),#971);
#967 = LINE('',#968,#969);
#968 = CARTESIAN_POINT('',(0.,0.));
#969 = VECTOR('',#970,1.);
#970 = DIRECTION('',(0.,1.));
#971 = ( GEOMETRIC_REPRESENTATION_CONTEXT(2) 
PARAMETRIC_REPRESENTATION_CONTEXT() REPRESENTATION_CONTEXT('2D SPACE',''
  ) );
#972 = ORIENTED_EDGE('',*,*,#973,.F.);
#973 = EDGE_CURVE('',#974,#951,#976,.T.);
#974 = VERTEX_POINT('',#975);
#975 = CARTESIAN_POINT('',(11.43,-12.62497605937,166.33086425995));
#976 = SURFACE_CURVE('',#977,(#981,#988),.PCURVE_S1.);
#977 = LINE('',#978,#979);
#978 = CARTESIAN_POINT('',(11.43,-14.48767752234,145.04008911375));
#979 = VECTOR('',#980,25.4);
#980 = DIRECTION('',(0.,8.715574274766E-02,0.996194698092));
#981 = PCURVE('',#331,#982);
#982 = DEFINITIONAL_REPRESENTATION('',(#983),#987);
#983 = LINE('',#984,#985);
#984 = CARTESIAN_POINT('',(12.7,0.));
#985 = VECTOR('',#986,1.);
#986 = DIRECTION('',(0.,-1.));
#987 = ( GEOMETRIC_REPRESENTATION_CONTEXT(2) 
PARAMETRIC_REPRESENTATION_CONTEXT() REPRESENTATION_CONTEXT('2D SPACE',''
  ) );
#988 = PCURVE('',#812,#989);
#989 = DEFINITIONAL_REPRESENTATION('',(#990),#994);
#990 = LINE('',#991,#992);
#991 = CARTESIAN_POINT('',(-0.,0.));
#992 = VECTOR('',#993,1.);
#993 = DIRECTION('',(-0.,-1.));
#994 = ( GEOMETRIC_REPRESENTATION_CONTEXT(2) 
PARAMETRIC_REPRESENTATION_CONTEXT() REPRESENTATION_CONTEXT('2D SPACE',''
  ) );
#995 = ORIENTED_EDGE('',*,*,#996,.T.);
#996 = EDGE_CURVE('',#974,#220,#997,.T.);
#997 = SURFACE_CURVE('',#998,(#1002,#1009),.PCURVE_S1.);
#998 = LINE('',#999,#1000);
#999 = CARTESIAN_POINT('',(11.43,-14.57072894489,164.69818373134));
#1000 = VECTOR('',#1001,25.4);
#1001 = DIRECTION('',(-0.,-0.766044443119,-0.642787609687));
#1002 = PCURVE('',#331,#1003);
#1003 = DEFINITIONAL_REPRESENTATION('',(#1004),#1008);
#1004 = LINE('',#1005,#1006);
#1005 = CARTESIAN_POINT('',(10.903948775786,-19.57605122421));
#1006 = VECTOR('',#1007,1.);
#1007 = DIRECTION('',(-0.707106781187,0.707106781187));
#1008 = ( GEOMETRIC_REPRESENTATION_CONTEXT(2) 
PARAMETRIC_REPRESENTATION_CONTEXT() REPRESENTATION_CONTEXT('2D SPACE',''
  ) );
#1009 = PCURVE('',#281,#1010);
#1010 = DEFINITIONAL_REPRESENTATION('',(#1011),#1015);
#1011 = LINE('',#1012,#1013);
#1012 = CARTESIAN_POINT('',(-0.,0.));
#1013 = VECTOR('',#1014,1.);
#1014 = DIRECTION('',(-0.,1.));
#1015 = ( GEOMETRIC_REPRESENTATION_CONTEXT(2) 
PARAMETRIC_REPRESENTATION_CONTEXT() REPRESENTATION_CONTEXT('2D SPACE',''
  ) );
#1016 = ORIENTED_EDGE('',*,*,#316,.T.);
#1017 = ADVANCED_FACE('',(#1018),#207,.F.);
#1018 = FACE_BOUND('',#1019,.F.);
#1019 = EDGE_LOOP('',(#1020,#1021,#1022,#1045));
#1020 = ORIENTED_EDGE('',*,*,#851,.F.);
#1021 = ORIENTED_EDGE('',*,*,#184,.F.);
#1022 = ORIENTED_EDGE('',*,*,#1023,.F.);
#1023 = EDGE_CURVE('',#1024,#185,#1026,.T.);
#1024 = VERTEX_POINT('',#1025);
#1025 = CARTESIAN_POINT('',(8.890074970832,-11.0072451036,
    164.37256719337));
#1026 = SURFACE_CURVE('',#1027,(#1031,#1038),.PCURVE_S1.);
#1027 = LINE('',#1028,#1029);
#1028 = CARTESIAN_POINT('',(8.89,-12.93804841629,162.75243084582));
#1029 = VECTOR('',#1030,25.4);
#1030 = DIRECTION('',(-0.,-0.766044443119,-0.642787609687));
#1031 = PCURVE('',#207,#1032);
#1032 = DEFINITIONAL_REPRESENTATION('',(#1033),#1037);
#1033 = LINE('',#1034,#1035);
#1034 = CARTESIAN_POINT('',(28.736819587421,-22.86));
#1035 = VECTOR('',#1036,1.);
#1036 = DIRECTION('',(-1.,0.));
#1037 = ( GEOMETRIC_REPRESENTATION_CONTEXT(2) 
PARAMETRIC_REPRESENTATION_CONTEXT() REPRESENTATION_CONTEXT('2D SPACE',''
  ) );
#1038 = PCURVE('',#281,#1039);
#1039 = DEFINITIONAL_REPRESENTATION('',(#1040),#1044);
#1040 = LINE('',#1041,#1042);
#1041 = CARTESIAN_POINT('',(-1.570796326795,0.));
#1042 = VECTOR('',#1043,1.);
#1043 = DIRECTION('',(-0.,1.));
#1044 = ( GEOMETRIC_REPRESENTATION_CONTEXT(2) 
PARAMETRIC_REPRESENTATION_CONTEXT() REPRESENTATION_CONTEXT('2D SPACE',''
  ) );
#1045 = ORIENTED_EDGE('',*,*,#1046,.F.);
#1046 = EDGE_CURVE('',#852,#1024,#1047,.T.);
#1047 = SURFACE_CURVE('',#1048,(#1065,#1085),.PCURVE_S1.);
#1048 = ( BOUNDED_CURVE() B_SPLINE_CURVE(8,(#1049,#1050,#1051,#1052,
    #1053,#1054,#1055,#1056,#1057,#1058,#1059,#1060,#1061,#1062,#1063,
#1064),.UNSPECIFIED.,.F.,.F.) B_SPLINE_CURVE_WITH_KNOTS((9,7,9),(
0.807315252527,1.566651447348,2.32598764217),.UNSPECIFIED.) CURVE() 
GEOMETRIC_REPRESENTATION_ITEM() RATIONAL_B_SPLINE_CURVE((1.,1.,1.,1.,1.,
1.,1.,1.,1.,1.,1.,1.,1.,1.,1.,1.)) REPRESENTATION_ITEM('') );
#1049 = CARTESIAN_POINT('',(-8.890074968802,-11.00724490116,
    164.37256736324));
#1050 = CARTESIAN_POINT('',(-8.893238306389,-9.162897072929,
    165.92015894567));
#1051 = CARTESIAN_POINT('',(-8.522790341762,-7.389687516734,
    167.40805843028));
#1052 = CARTESIAN_POINT('',(-7.853009905163,-5.739122785668,
    168.79304668735));
#1053 = CARTESIAN_POINT('',(-6.828661937984,-4.263013811358,
    170.03164918327));
#1054 = CARTESIAN_POINT('',(-5.636924289122,-2.972743297925,
    171.11431469521));
#1055 = CARTESIAN_POINT('',(-3.934401766651,-1.887097338699,
    172.02527981919));
#1056 = CARTESIAN_POINT('',(-1.96619482934,-1.361310532193,
    172.4664673346));
#1057 = CARTESIAN_POINT('',(1.966191013788,-1.361309691224,
    172.46646804026));
#1058 = CARTESIAN_POINT('',(3.934399000024,-1.887095648509,
    172.02528123742));
#1059 = CARTESIAN_POINT('',(5.636923832965,-2.972741643881,
    171.11431608312));
#1060 = CARTESIAN_POINT('',(6.82866283191,-4.263013934009,
    170.03164908035));
#1061 = CARTESIAN_POINT('',(7.853010859078,-5.7391238987,168.7930457534)
  );
#1062 = CARTESIAN_POINT('',(8.522790874998,-7.389689151916,
    167.4080570582));
#1063 = CARTESIAN_POINT('',(8.893238354014,-9.162898268607,
    165.92015794238));
#1064 = CARTESIAN_POINT('',(8.890074970832,-11.0072451036,
    164.37256719337));
#1065 = PCURVE('',#207,#1066);
#1066 = DEFINITIONAL_REPRESENTATION('',(#1067),#1084);
#1067 = B_SPLINE_CURVE_WITH_KNOTS('',8,(#1068,#1069,#1070,#1071,#1072,
    #1073,#1074,#1075,#1076,#1077,#1078,#1079,#1080,#1081,#1082,#1083),
  .UNSPECIFIED.,.F.,.F.,(9,7,9),(0.807315252527,1.566651447348,
    2.32598764217),.UNSPECIFIED.);
#1068 = CARTESIAN_POINT('',(31.257304570342,-5.079925031198));
#1069 = CARTESIAN_POINT('',(33.664929669381,-5.076761693611));
#1070 = CARTESIAN_POINT('',(35.97969034955,-5.447209658238));
#1071 = CARTESIAN_POINT('',(38.134349581002,-6.116990094837));
#1072 = CARTESIAN_POINT('',(40.06127299591,-7.141338062015));
#1073 = CARTESIAN_POINT('',(41.74560152936,-8.333075710878));
#1074 = CARTESIAN_POINT('',(43.162811678166,-10.03559823334));
#1075 = CARTESIAN_POINT('',(43.849177608014,-12.00380517066));
#1076 = CARTESIAN_POINT('',(43.849178705822,-15.93619101378));
#1077 = CARTESIAN_POINT('',(43.162813884551,-17.90439900002));
#1078 = CARTESIAN_POINT('',(41.745603688564,-19.60692383296));
#1079 = CARTESIAN_POINT('',(40.061272835798,-20.7986628319));
#1080 = CARTESIAN_POINT('',(38.134348128044,-21.82301085907));
#1081 = CARTESIAN_POINT('',(35.97968821497,-22.49279087499));
#1082 = CARTESIAN_POINT('',(33.664928108534,-22.86323835401));
#1083 = CARTESIAN_POINT('',(31.257304306069,-22.86007497083));
#1084 = ( GEOMETRIC_REPRESENTATION_CONTEXT(2) 
PARAMETRIC_REPRESENTATION_CONTEXT() REPRESENTATION_CONTEXT('2D SPACE',''
  ) );
#1085 = PCURVE('',#888,#1086);
#1086 = DEFINITIONAL_REPRESENTATION('',(#1087),#1091);
#1087 = LINE('',#1088,#1089);
#1088 = CARTESIAN_POINT('',(1.518672389642,0.));
#1089 = VECTOR('',#1090,1.);
#1090 = DIRECTION('',(0.,1.));
#1091 = ( GEOMETRIC_REPRESENTATION_CONTEXT(2) 
PARAMETRIC_REPRESENTATION_CONTEXT() REPRESENTATION_CONTEXT('2D SPACE',''
  ) );
#1092 = ADVANCED_FACE('',(#1093),#281,.T.);
#1093 = FACE_BOUND('',#1094,.F.);
#1094 = EDGE_LOOP('',(#1095,#1096,#1117,#1118));
#1095 = ORIENTED_EDGE('',*,*,#996,.F.);
#1096 = ORIENTED_EDGE('',*,*,#1097,.T.);
#1097 = EDGE_CURVE('',#974,#1024,#1098,.T.);
#1098 = SURFACE_CURVE('',#1099,(#1103,#1111),.PCURVE_S1.);
#1099 = ( BOUNDED_CURVE() B_SPLINE_CURVE(2,(#1100,#1101,#1102),
.UNSPECIFIED.,.F.,.F.) B_SPLINE_CURVE_WITH_KNOTS((3,3),(0.,
1.518672389642),.PIECEWISE_BEZIER_KNOTS.) CURVE() 
GEOMETRIC_REPRESENTATION_ITEM() RATIONAL_B_SPLINE_CURVE((1.,
0.707106781187,1.)) REPRESENTATION_ITEM('') );
#1100 = CARTESIAN_POINT('',(11.43,-12.62497605937,166.33086425995));
#1101 = CARTESIAN_POINT('',(11.43,-10.99229553077,164.38511137442));
#1102 = CARTESIAN_POINT('',(8.890074970832,-11.0072451036,
    164.37256719337));
#1103 = PCURVE('',#281,#1104);
#1104 = DEFINITIONAL_REPRESENTATION('',(#1105),#1110);
#1105 = B_SPLINE_CURVE_WITH_KNOTS('',3,(#1106,#1107,#1108,#1109),
  .UNSPECIFIED.,.F.,.F.,(4,4),(0.,1.518672389642),
  .PIECEWISE_BEZIER_KNOTS.);
#1106 = CARTESIAN_POINT('',(0.,-2.54));
#1107 = CARTESIAN_POINT('',(-0.471404520791,-2.54));
#1108 = CARTESIAN_POINT('',(-1.099391806004,-2.54));
#1109 = CARTESIAN_POINT('',(-1.570796326795,-2.54));
#1110 = ( GEOMETRIC_REPRESENTATION_CONTEXT(2) 
PARAMETRIC_REPRESENTATION_CONTEXT() REPRESENTATION_CONTEXT('2D SPACE',''
  ) );
#1111 = PCURVE('',#888,#1112);
#1112 = DEFINITIONAL_REPRESENTATION('',(#1113),#1116);
#1113 = B_SPLINE_CURVE_WITH_KNOTS('',1,(#1114,#1115),.UNSPECIFIED.,.F.,
  .F.,(2,2),(0.,1.518672389642),.PIECEWISE_BEZIER_KNOTS.);
#1114 = CARTESIAN_POINT('',(0.,2.32598764217));
#1115 = CARTESIAN_POINT('',(1.518672389642,2.32598764217));
#1116 = ( GEOMETRIC_REPRESENTATION_CONTEXT(2) 
PARAMETRIC_REPRESENTATION_CONTEXT() REPRESENTATION_CONTEXT('2D SPACE',''
  ) );
#1117 = ORIENTED_EDGE('',*,*,#1023,.T.);
#1118 = ORIENTED_EDGE('',*,*,#219,.F.);
#1119 = ADVANCED_FACE('',(#1120,#1123),#587,.T.);
#1120 = FACE_BOUND('',#1121,.T.);
#1121 = EDGE_LOOP('',(#1122));
#1122 = ORIENTED_EDGE('',*,*,#550,.F.);
#1123 = FACE_BOUND('',#1124,.T.);
#1124 = EDGE_LOOP('',(#1125,#1155,#1184,#1212,#1241,#1269,#1298,#1326));
#1125 = ORIENTED_EDGE('',*,*,#1126,.T.);
#1126 = EDGE_CURVE('',#1127,#1129,#1131,.T.);
#1127 = VERTEX_POINT('',#1128);
#1128 = CARTESIAN_POINT('',(-75.438,57.150000000004,6.35));
#1129 = VERTEX_POINT('',#1130);
#1130 = CARTESIAN_POINT('',(-75.438,-57.14999843295,6.35));
#1131 = SURFACE_CURVE('',#1132,(#1136,#1143),.PCURVE_S1.);
#1132 = LINE('',#1133,#1134);
#1133 = CARTESIAN_POINT('',(-75.438,57.150000000004,6.35));
#1134 = VECTOR('',#1135,25.4);
#1135 = DIRECTION('',(0.,-1.,0.));
#1136 = PCURVE('',#587,#1137);
#1137 = DEFINITIONAL_REPRESENTATION('',(#1138),#1142);
#1138 = LINE('',#1139,#1140);
#1139 = CARTESIAN_POINT('',(-75.4379999789,57.150000018559));
#1140 = VECTOR('',#1141,1.);
#1141 = DIRECTION('',(0.,-1.));
#1142 = ( GEOMETRIC_REPRESENTATION_CONTEXT(2) 
PARAMETRIC_REPRESENTATION_CONTEXT() REPRESENTATION_CONTEXT('2D SPACE',''
  ) );
#1143 = PCURVE('',#1144,#1149);
#1144 = CYLINDRICAL_SURFACE('',#1145,0.762);
#1145 = AXIS2_PLACEMENT_3D('',#1146,#1147,#1148);
#1146 = CARTESIAN_POINT('',(-75.438,57.150000000004,5.588));
#1147 = DIRECTION('',(0.,-1.,0.));
#1148 = DIRECTION('',(-1.,-0.,0.));
#1149 = DEFINITIONAL_REPRESENTATION('',(#1150),#1154);
#1150 = LINE('',#1151,#1152);
#1151 = CARTESIAN_POINT('',(-1.570796326795,0.));
#1152 = VECTOR('',#1153,1.);
#1153 = DIRECTION('',(-0.,1.));
#1154 = ( GEOMETRIC_REPRESENTATION_CONTEXT(2) 
PARAMETRIC_REPRESENTATION_CONTEXT() REPRESENTATION_CONTEXT('2D SPACE',''
  ) );
#1155 = ORIENTED_EDGE('',*,*,#1156,.T.);
#1156 = EDGE_CURVE('',#1129,#1157,#1159,.T.);
#1157 = VERTEX_POINT('',#1158);
#1158 = CARTESIAN_POINT('',(-69.85,-62.73799843295,6.35));
#1159 = SURFACE_CURVE('',#1160,(#1165,#1172),.PCURVE_S1.);
#1160 = CIRCLE('',#1161,5.588);
#1161 = AXIS2_PLACEMENT_3D('',#1162,#1163,#1164);
#1162 = CARTESIAN_POINT('',(-69.85,-57.14999843295,6.35));
#1163 = DIRECTION('',(0.,0.,1.));
#1164 = DIRECTION('',(-1.,0.,0.));
#1165 = PCURVE('',#587,#1166);
#1166 = DEFINITIONAL_REPRESENTATION('',(#1167),#1171);
#1167 = CIRCLE('',#1168,5.588);
#1168 = AXIS2_PLACEMENT_2D('',#1169,#1170);
#1169 = CARTESIAN_POINT('',(-69.8499999789,-57.14999841439));
#1170 = DIRECTION('',(-1.,0.));
#1171 = ( GEOMETRIC_REPRESENTATION_CONTEXT(2) 
PARAMETRIC_REPRESENTATION_CONTEXT() REPRESENTATION_CONTEXT('2D SPACE',''
  ) );
#1172 = PCURVE('',#1173,#1178);
#1173 = TOROIDAL_SURFACE('',#1174,5.588,0.762);
#1174 = AXIS2_PLACEMENT_3D('',#1175,#1176,#1177);
#1175 = CARTESIAN_POINT('',(-69.85,-57.14999843295,5.588));
#1176 = DIRECTION('',(0.,0.,1.));
#1177 = DIRECTION('',(-1.,0.,0.));
#1178 = DEFINITIONAL_REPRESENTATION('',(#1179),#1183);
#1179 = LINE('',#1180,#1181);
#1180 = CARTESIAN_POINT('',(0.,1.570796326795));
#1181 = VECTOR('',#1182,1.);
#1182 = DIRECTION('',(1.,0.));
#1183 = ( GEOMETRIC_REPRESENTATION_CONTEXT(2) 
PARAMETRIC_REPRESENTATION_CONTEXT() REPRESENTATION_CONTEXT('2D SPACE',''
  ) );
#1184 = ORIENTED_EDGE('',*,*,#1185,.T.);
#1185 = EDGE_CURVE('',#1157,#1186,#1188,.T.);
#1186 = VERTEX_POINT('',#1187);
#1187 = CARTESIAN_POINT('',(69.85,-62.738,6.35));
#1188 = SURFACE_CURVE('',#1189,(#1193,#1200),.PCURVE_S1.);
#1189 = LINE('',#1190,#1191);
#1190 = CARTESIAN_POINT('',(-69.85,-62.738,6.35));
#1191 = VECTOR('',#1192,25.4);
#1192 = DIRECTION('',(1.,0.,0.));
#1193 = PCURVE('',#587,#1194);
#1194 = DEFINITIONAL_REPRESENTATION('',(#1195),#1199);
#1195 = LINE('',#1196,#1197);
#1196 = CARTESIAN_POINT('',(-69.8499999789,-62.73799998144));
#1197 = VECTOR('',#1198,1.);
#1198 = DIRECTION('',(1.,0.));
#1199 = ( GEOMETRIC_REPRESENTATION_CONTEXT(2) 
PARAMETRIC_REPRESENTATION_CONTEXT() REPRESENTATION_CONTEXT('2D SPACE',''
  ) );
#1200 = PCURVE('',#1201,#1206);
#1201 = CYLINDRICAL_SURFACE('',#1202,0.762);
#1202 = AXIS2_PLACEMENT_3D('',#1203,#1204,#1205);
#1203 = CARTESIAN_POINT('',(-69.85,-62.738,5.588));
#1204 = DIRECTION('',(1.,0.,0.));
#1205 = DIRECTION('',(0.,-1.,-0.));
#1206 = DEFINITIONAL_REPRESENTATION('',(#1207),#1211);
#1207 = LINE('',#1208,#1209);
#1208 = CARTESIAN_POINT('',(-1.570796326795,0.));
#1209 = VECTOR('',#1210,1.);
#1210 = DIRECTION('',(-0.,1.));
#1211 = ( GEOMETRIC_REPRESENTATION_CONTEXT(2) 
PARAMETRIC_REPRESENTATION_CONTEXT() REPRESENTATION_CONTEXT('2D SPACE',''
  ) );
#1212 = ORIENTED_EDGE('',*,*,#1213,.T.);
#1213 = EDGE_CURVE('',#1186,#1214,#1216,.T.);
#1214 = VERTEX_POINT('',#1215);
#1215 = CARTESIAN_POINT('',(75.438,-57.15,6.35));
#1216 = SURFACE_CURVE('',#1217,(#1222,#1229),.PCURVE_S1.);
#1217 = CIRCLE('',#1218,5.588);
#1218 = AXIS2_PLACEMENT_3D('',#1219,#1220,#1221);
#1219 = CARTESIAN_POINT('',(69.85,-57.15,6.35));
#1220 = DIRECTION('',(0.,0.,1.));
#1221 = DIRECTION('',(0.,-1.,0.));
#1222 = PCURVE('',#587,#1223);
#1223 = DEFINITIONAL_REPRESENTATION('',(#1224),#1228);
#1224 = CIRCLE('',#1225,5.588);
#1225 = AXIS2_PLACEMENT_2D('',#1226,#1227);
#1226 = CARTESIAN_POINT('',(69.850000021099,-57.14999998145));
#1227 = DIRECTION('',(0.,-1.));
#1228 = ( GEOMETRIC_REPRESENTATION_CONTEXT(2) 
PARAMETRIC_REPRESENTATION_CONTEXT() REPRESENTATION_CONTEXT('2D SPACE',''
  ) );
#1229 = PCURVE('',#1230,#1235);
#1230 = TOROIDAL_SURFACE('',#1231,5.588,0.762);
#1231 = AXIS2_PLACEMENT_3D('',#1232,#1233,#1234);
#1232 = CARTESIAN_POINT('',(69.85,-57.15,5.588));
#1233 = DIRECTION('',(0.,0.,1.));
#1234 = DIRECTION('',(0.,-1.,0.));
#1235 = DEFINITIONAL_REPRESENTATION('',(#1236),#1240);
#1236 = LINE('',#1237,#1238);
#1237 = CARTESIAN_POINT('',(0.,1.570796326795));
#1238 = VECTOR('',#1239,1.);
#1239 = DIRECTION('',(1.,0.));
#1240 = ( GEOMETRIC_REPRESENTATION_CONTEXT(2) 
PARAMETRIC_REPRESENTATION_CONTEXT() REPRESENTATION_CONTEXT('2D SPACE',''
  ) );
#1241 = ORIENTED_EDGE('',*,*,#1242,.T.);
#1242 = EDGE_CURVE('',#1214,#1243,#1245,.T.);
#1243 = VERTEX_POINT('',#1244);
#1244 = CARTESIAN_POINT('',(75.438,57.149998281373,6.35));
#1245 = SURFACE_CURVE('',#1246,(#1250,#1257),.PCURVE_S1.);
#1246 = LINE('',#1247,#1248);
#1247 = CARTESIAN_POINT('',(75.438,-57.15,6.35));
#1248 = VECTOR('',#1249,25.4);
#1249 = DIRECTION('',(0.,1.,0.));
#1250 = PCURVE('',#587,#1251);
#1251 = DEFINITIONAL_REPRESENTATION('',(#1252),#1256);
#1252 = LINE('',#1253,#1254);
#1253 = CARTESIAN_POINT('',(75.438000021099,-57.14999998145));
#1254 = VECTOR('',#1255,1.);
#1255 = DIRECTION('',(0.,1.));
#1256 = ( GEOMETRIC_REPRESENTATION_CONTEXT(2) 
PARAMETRIC_REPRESENTATION_CONTEXT() REPRESENTATION_CONTEXT('2D SPACE',''
  ) );
#1257 = PCURVE('',#1258,#1263);
#1258 = CYLINDRICAL_SURFACE('',#1259,0.762);
#1259 = AXIS2_PLACEMENT_3D('',#1260,#1261,#1262);
#1260 = CARTESIAN_POINT('',(75.438,-57.15,5.588));
#1261 = DIRECTION('',(0.,1.,0.));
#1262 = DIRECTION('',(1.,0.,-0.));
#1263 = DEFINITIONAL_REPRESENTATION('',(#1264),#1268);
#1264 = LINE('',#1265,#1266);
#1265 = CARTESIAN_POINT('',(-1.570796326795,0.));
#1266 = VECTOR('',#1267,1.);
#1267 = DIRECTION('',(-0.,1.));
#1268 = ( GEOMETRIC_REPRESENTATION_CONTEXT(2) 
PARAMETRIC_REPRESENTATION_CONTEXT() REPRESENTATION_CONTEXT('2D SPACE',''
  ) );
#1269 = ORIENTED_EDGE('',*,*,#1270,.T.);
#1270 = EDGE_CURVE('',#1243,#1271,#1273,.T.);
#1271 = VERTEX_POINT('',#1272);
#1272 = CARTESIAN_POINT('',(69.85,62.737998281373,6.35));
#1273 = SURFACE_CURVE('',#1274,(#1279,#1286),.PCURVE_S1.);
#1274 = CIRCLE('',#1275,5.588);
#1275 = AXIS2_PLACEMENT_3D('',#1276,#1277,#1278);
#1276 = CARTESIAN_POINT('',(69.85,57.149998281373,6.35));
#1277 = DIRECTION('',(0.,0.,1.));
#1278 = DIRECTION('',(1.,0.,-0.));
#1279 = PCURVE('',#587,#1280);
#1280 = DEFINITIONAL_REPRESENTATION('',(#1281),#1285);
#1281 = CIRCLE('',#1282,5.588);
#1282 = AXIS2_PLACEMENT_2D('',#1283,#1284);
#1283 = CARTESIAN_POINT('',(69.850000021099,57.149998299927));
#1284 = DIRECTION('',(1.,0.));
#1285 = ( GEOMETRIC_REPRESENTATION_CONTEXT(2) 
PARAMETRIC_REPRESENTATION_CONTEXT() REPRESENTATION_CONTEXT('2D SPACE',''
  ) );
#1286 = PCURVE('',#1287,#1292);
#1287 = TOROIDAL_SURFACE('',#1288,5.588,0.762);
#1288 = AXIS2_PLACEMENT_3D('',#1289,#1290,#1291);
#1289 = CARTESIAN_POINT('',(69.85,57.149998281373,5.588));
#1290 = DIRECTION('',(0.,0.,1.));
#1291 = DIRECTION('',(1.,0.,-0.));
#1292 = DEFINITIONAL_REPRESENTATION('',(#1293),#1297);
#1293 = LINE('',#1294,#1295);
#1294 = CARTESIAN_POINT('',(0.,1.570796326795));
#1295 = VECTOR('',#1296,1.);
#1296 = DIRECTION('',(1.,0.));
#1297 = ( GEOMETRIC_REPRESENTATION_CONTEXT(2) 
PARAMETRIC_REPRESENTATION_CONTEXT() REPRESENTATION_CONTEXT('2D SPACE',''
  ) );
#1298 = ORIENTED_EDGE('',*,*,#1299,.T.);
#1299 = EDGE_CURVE('',#1271,#1300,#1302,.T.);
#1300 = VERTEX_POINT('',#1301);
#1301 = CARTESIAN_POINT('',(-69.85,62.738,6.35));
#1302 = SURFACE_CURVE('',#1303,(#1307,#1314),.PCURVE_S1.);
#1303 = LINE('',#1304,#1305);
#1304 = CARTESIAN_POINT('',(69.85,62.738,6.35));
#1305 = VECTOR('',#1306,25.4);
#1306 = DIRECTION('',(-1.,0.,0.));
#1307 = PCURVE('',#587,#1308);
#1308 = DEFINITIONAL_REPRESENTATION('',(#1309),#1313);
#1309 = LINE('',#1310,#1311);
#1310 = CARTESIAN_POINT('',(69.850000021099,62.738000018554));
#1311 = VECTOR('',#1312,1.);
#1312 = DIRECTION('',(-1.,0.));
#1313 = ( GEOMETRIC_REPRESENTATION_CONTEXT(2) 
PARAMETRIC_REPRESENTATION_CONTEXT() REPRESENTATION_CONTEXT('2D SPACE',''
  ) );
#1314 = PCURVE('',#1315,#1320);
#1315 = CYLINDRICAL_SURFACE('',#1316,0.762);
#1316 = AXIS2_PLACEMENT_3D('',#1317,#1318,#1319);
#1317 = CARTESIAN_POINT('',(69.85,62.738,5.588));
#1318 = DIRECTION('',(-1.,0.,0.));
#1319 = DIRECTION('',(0.,1.,-0.));
#1320 = DEFINITIONAL_REPRESENTATION('',(#1321),#1325);
#1321 = LINE('',#1322,#1323);
#1322 = CARTESIAN_POINT('',(-1.570796326795,0.));
#1323 = VECTOR('',#1324,1.);
#1324 = DIRECTION('',(-0.,1.));
#1325 = ( GEOMETRIC_REPRESENTATION_CONTEXT(2) 
PARAMETRIC_REPRESENTATION_CONTEXT() REPRESENTATION_CONTEXT('2D SPACE',''
  ) );
#1326 = ORIENTED_EDGE('',*,*,#1327,.T.);
#1327 = EDGE_CURVE('',#1300,#1127,#1328,.T.);
#1328 = SURFACE_CURVE('',#1329,(#1334,#1341),.PCURVE_S1.);
#1329 = CIRCLE('',#1330,5.588);
#1330 = AXIS2_PLACEMENT_3D('',#1331,#1332,#1333);
#1331 = CARTESIAN_POINT('',(-69.85,57.150000000004,6.35));
#1332 = DIRECTION('',(0.,0.,1.));
#1333 = DIRECTION('',(0.,1.,-0.));
#1334 = PCURVE('',#587,#1335);
#1335 = DEFINITIONAL_REPRESENTATION('',(#1336),#1340);
#1336 = CIRCLE('',#1337,5.588);
#1337 = AXIS2_PLACEMENT_2D('',#1338,#1339);
#1338 = CARTESIAN_POINT('',(-69.8499999789,57.150000018559));
#1339 = DIRECTION('',(0.,1.));
#1340 = ( GEOMETRIC_REPRESENTATION_CONTEXT(2) 
PARAMETRIC_REPRESENTATION_CONTEXT() REPRESENTATION_CONTEXT('2D SPACE',''
  ) );
#1341 = PCURVE('',#1342,#1347);
#1342 = TOROIDAL_SURFACE('',#1343,5.588,0.762);
#1343 = AXIS2_PLACEMENT_3D('',#1344,#1345,#1346);
#1344 = CARTESIAN_POINT('',(-69.85,57.150000000004,5.588));
#1345 = DIRECTION('',(0.,0.,1.));
#1346 = DIRECTION('',(0.,1.,-0.));
#1347 = DEFINITIONAL_REPRESENTATION('',(#1348),#1352);
#1348 = LINE('',#1349,#1350);
#1349 = CARTESIAN_POINT('',(0.,1.570796326795));
#1350 = VECTOR('',#1351,1.);
#1351 = DIRECTION('',(1.,0.));
#1352 = ( GEOMETRIC_REPRESENTATION_CONTEXT(2) 
PARAMETRIC_REPRESENTATION_CONTEXT() REPRESENTATION_CONTEXT('2D SPACE',''
  ) );
#1353 = ADVANCED_FACE('',(#1354),#646,.T.);
#1354 = FACE_BOUND('',#1355,.T.);
#1355 = EDGE_LOOP('',(#1356,#1357,#1380,#1413));
#1356 = ORIENTED_EDGE('',*,*,#627,.F.);
#1357 = ORIENTED_EDGE('',*,*,#1358,.F.);
#1358 = EDGE_CURVE('',#1359,#628,#1361,.T.);
#1359 = VERTEX_POINT('',#1360);
#1360 = CARTESIAN_POINT('',(9.906,-11.27773151695,181.72993984447));
#1361 = SURFACE_CURVE('',#1362,(#1366,#1373),.PCURVE_S1.);
#1362 = LINE('',#1363,#1364);
#1363 = CARTESIAN_POINT('',(9.906,-11.27773151695,181.72993984447));
#1364 = VECTOR('',#1365,25.4);
#1365 = DIRECTION('',(-0.,-0.996194698092,8.715574274766E-02));
#1366 = PCURVE('',#646,#1367);
#1367 = DEFINITIONAL_REPRESENTATION('',(#1368),#1372);
#1368 = LINE('',#1369,#1370);
#1369 = CARTESIAN_POINT('',(9.906,12.7));
#1370 = VECTOR('',#1371,1.);
#1371 = DIRECTION('',(0.,-1.));
#1372 = ( GEOMETRIC_REPRESENTATION_CONTEXT(2) 
PARAMETRIC_REPRESENTATION_CONTEXT() REPRESENTATION_CONTEXT('2D SPACE',''
  ) );
#1373 = PCURVE('',#749,#1374);
#1374 = DEFINITIONAL_REPRESENTATION('',(#1375),#1379);
#1375 = LINE('',#1376,#1377);
#1376 = CARTESIAN_POINT('',(1.570796326795,0.));
#1377 = VECTOR('',#1378,1.);
#1378 = DIRECTION('',(0.,1.));
#1379 = ( GEOMETRIC_REPRESENTATION_CONTEXT(2) 
PARAMETRIC_REPRESENTATION_CONTEXT() REPRESENTATION_CONTEXT('2D SPACE',''
  ) );
#1380 = ORIENTED_EDGE('',*,*,#1381,.F.);
#1381 = EDGE_CURVE('',#1382,#1359,#1384,.T.);
#1382 = VERTEX_POINT('',#1383);
#1383 = CARTESIAN_POINT('',(-9.906,-11.27773151695,181.72993984447));
#1384 = SURFACE_CURVE('',#1385,(#1390,#1401),.PCURVE_S1.);
#1385 = CIRCLE('',#1386,9.906);
#1386 = AXIS2_PLACEMENT_3D('',#1387,#1388,#1389);
#1387 = CARTESIAN_POINT('',(0.,-11.27773151695,181.72993984447));
#1388 = DIRECTION('',(-0.,-8.715574274766E-02,-0.996194698092));
#1389 = DIRECTION('',(-1.,0.,0.));
#1390 = PCURVE('',#646,#1391);
#1391 = DEFINITIONAL_REPRESENTATION('',(#1392),#1400);
#1392 = ( BOUNDED_CURVE() B_SPLINE_CURVE(2,(#1393,#1394,#1395,#1396,
#1397,#1398,#1399),.UNSPECIFIED.,.T.,.F.) B_SPLINE_CURVE_WITH_KNOTS((1,2
    ,2,2,2,1),(-2.094395102393,0.,2.094395102393,4.188790204786,
6.28318530718,8.377580409573),.UNSPECIFIED.) CURVE() 
GEOMETRIC_REPRESENTATION_ITEM() RATIONAL_B_SPLINE_CURVE((1.,0.5,1.,0.5,
1.,0.5,1.)) REPRESENTATION_ITEM('') );
#1393 = CARTESIAN_POINT('',(-9.906,12.7));
#1394 = CARTESIAN_POINT('',(-9.906,29.857695299777));
#1395 = CARTESIAN_POINT('',(4.953,21.278847649889));
#1396 = CARTESIAN_POINT('',(19.812,12.7));
#1397 = CARTESIAN_POINT('',(4.953,4.121152350111));
#1398 = CARTESIAN_POINT('',(-9.906,-4.457695299777));
#1399 = CARTESIAN_POINT('',(-9.906,12.7));
#1400 = ( GEOMETRIC_REPRESENTATION_CONTEXT(2) 
PARAMETRIC_REPRESENTATION_CONTEXT() REPRESENTATION_CONTEXT('2D SPACE',''
  ) );
#1401 = PCURVE('',#1402,#1407);
#1402 = TOROIDAL_SURFACE('',#1403,9.906,1.524);
#1403 = AXIS2_PLACEMENT_3D('',#1404,#1405,#1406);
#1404 = CARTESIAN_POINT('',(0.,-11.41055686889,180.21173912458));
#1405 = DIRECTION('',(0.,8.715574274766E-02,0.996194698092));
#1406 = DIRECTION('',(-1.,0.,0.));
#1407 = DEFINITIONAL_REPRESENTATION('',(#1408),#1412);
#1408 = LINE('',#1409,#1410);
#1409 = CARTESIAN_POINT('',(-0.,1.570796326795));
#1410 = VECTOR('',#1411,1.);
#1411 = DIRECTION('',(-1.,0.));
#1412 = ( GEOMETRIC_REPRESENTATION_CONTEXT(2) 
PARAMETRIC_REPRESENTATION_CONTEXT() REPRESENTATION_CONTEXT('2D SPACE',''
  ) );
#1413 = ORIENTED_EDGE('',*,*,#1414,.F.);
#1414 = EDGE_CURVE('',#630,#1382,#1415,.T.);
#1415 = SURFACE_CURVE('',#1416,(#1420,#1427),.PCURVE_S1.);
#1416 = LINE('',#1417,#1418);
#1417 = CARTESIAN_POINT('',(-9.906,-23.92940418271,182.83681777736));
#1418 = VECTOR('',#1419,25.4);
#1419 = DIRECTION('',(0.,0.996194698092,-8.715574274766E-02));
#1420 = PCURVE('',#646,#1421);
#1421 = DEFINITIONAL_REPRESENTATION('',(#1422),#1426);
#1422 = LINE('',#1423,#1424);
#1423 = CARTESIAN_POINT('',(-9.906,0.));
#1424 = VECTOR('',#1425,1.);
#1425 = DIRECTION('',(0.,1.));
#1426 = ( GEOMETRIC_REPRESENTATION_CONTEXT(2) 
PARAMETRIC_REPRESENTATION_CONTEXT() REPRESENTATION_CONTEXT('2D SPACE',''
  ) );
#1427 = PCURVE('',#694,#1428);
#1428 = DEFINITIONAL_REPRESENTATION('',(#1429),#1433);
#1429 = LINE('',#1430,#1431);
#1430 = CARTESIAN_POINT('',(1.570796326795,0.));
#1431 = VECTOR('',#1432,1.);
#1432 = DIRECTION('',(0.,1.));
#1433 = ( GEOMETRIC_REPRESENTATION_CONTEXT(2) 
PARAMETRIC_REPRESENTATION_CONTEXT() REPRESENTATION_CONTEXT('2D SPACE',''
  ) );
#1434 = ADVANCED_FACE('',(#1435),#694,.T.);
#1435 = FACE_BOUND('',#1436,.T.);
#1436 = EDGE_LOOP('',(#1437,#1438,#1439,#1440));
#1437 = ORIENTED_EDGE('',*,*,#773,.F.);
#1438 = ORIENTED_EDGE('',*,*,#662,.T.);
#1439 = ORIENTED_EDGE('',*,*,#1414,.T.);
#1440 = ORIENTED_EDGE('',*,*,#1441,.F.);
#1441 = EDGE_CURVE('',#774,#1382,#1442,.T.);
#1442 = SURFACE_CURVE('',#1443,(#1448,#1454),.PCURVE_S1.);
#1443 = CIRCLE('',#1444,1.524);
#1444 = AXIS2_PLACEMENT_3D('',#1445,#1446,#1447);
#1445 = CARTESIAN_POINT('',(-9.906,-11.41055686889,180.21173912458));
#1446 = DIRECTION('',(0.,0.996194698092,-8.715574274766E-02));
#1447 = DIRECTION('',(-1.,0.,0.));
#1448 = PCURVE('',#694,#1449);
#1449 = DEFINITIONAL_REPRESENTATION('',(#1450),#1453);
#1450 = B_SPLINE_CURVE_WITH_KNOTS('',1,(#1451,#1452),.UNSPECIFIED.,.F.,
  .F.,(2,2),(0.,1.570796326795),.PIECEWISE_BEZIER_KNOTS.);
#1451 = CARTESIAN_POINT('',(0.,12.7));
#1452 = CARTESIAN_POINT('',(1.570796326795,12.7));
#1453 = ( GEOMETRIC_REPRESENTATION_CONTEXT(2) 
PARAMETRIC_REPRESENTATION_CONTEXT() REPRESENTATION_CONTEXT('2D SPACE',''
  ) );
#1454 = PCURVE('',#1402,#1455);
#1455 = DEFINITIONAL_REPRESENTATION('',(#1456),#1459);
#1456 = B_SPLINE_CURVE_WITH_KNOTS('',1,(#1457,#1458),.UNSPECIFIED.,.F.,
  .F.,(2,2),(0.,1.570796326795),.PIECEWISE_BEZIER_KNOTS.);
#1457 = CARTESIAN_POINT('',(0.,0.));
#1458 = CARTESIAN_POINT('',(0.,1.570796326795));
#1459 = ( GEOMETRIC_REPRESENTATION_CONTEXT(2) 
PARAMETRIC_REPRESENTATION_CONTEXT() REPRESENTATION_CONTEXT('2D SPACE',''
  ) );
#1460 = ADVANCED_FACE('',(#1461),#749,.T.);
#1461 = FACE_BOUND('',#1462,.T.);
#1462 = EDGE_LOOP('',(#1463,#1464,#1484,#1485));
#1463 = ORIENTED_EDGE('',*,*,#950,.F.);
#1464 = ORIENTED_EDGE('',*,*,#1465,.T.);
#1465 = EDGE_CURVE('',#951,#1359,#1466,.T.);
#1466 = SURFACE_CURVE('',#1467,(#1472,#1478),.PCURVE_S1.);
#1467 = CIRCLE('',#1468,1.524);
#1468 = AXIS2_PLACEMENT_3D('',#1469,#1470,#1471);
#1469 = CARTESIAN_POINT('',(9.906,-11.41055686889,180.21173912458));
#1470 = DIRECTION('',(1.224646799147E-16,-0.996194698092,
    8.715574274766E-02));
#1471 = DIRECTION('',(1.,1.219986648346E-16,-1.067350013832E-17));
#1472 = PCURVE('',#749,#1473);
#1473 = DEFINITIONAL_REPRESENTATION('',(#1474),#1477);
#1474 = B_SPLINE_CURVE_WITH_KNOTS('',1,(#1475,#1476),.UNSPECIFIED.,.F.,
  .F.,(2,2),(0.,1.570796326795),.PIECEWISE_BEZIER_KNOTS.);
#1475 = CARTESIAN_POINT('',(0.,0.));
#1476 = CARTESIAN_POINT('',(1.570796326795,0.));
#1477 = ( GEOMETRIC_REPRESENTATION_CONTEXT(2) 
PARAMETRIC_REPRESENTATION_CONTEXT() REPRESENTATION_CONTEXT('2D SPACE',''
  ) );
#1478 = PCURVE('',#1402,#1479);
#1479 = DEFINITIONAL_REPRESENTATION('',(#1480),#1483);
#1480 = B_SPLINE_CURVE_WITH_KNOTS('',1,(#1481,#1482),.UNSPECIFIED.,.F.,
  .F.,(2,2),(0.,1.570796326795),.PIECEWISE_BEZIER_KNOTS.);
#1481 = CARTESIAN_POINT('',(-3.14159265359,0.));
#1482 = CARTESIAN_POINT('',(-3.14159265359,1.570796326795));
#1483 = ( GEOMETRIC_REPRESENTATION_CONTEXT(2) 
PARAMETRIC_REPRESENTATION_CONTEXT() REPRESENTATION_CONTEXT('2D SPACE',''
  ) );
#1484 = ORIENTED_EDGE('',*,*,#1358,.T.);
#1485 = ORIENTED_EDGE('',*,*,#717,.F.);
#1486 = ADVANCED_FACE('',(#1487),#812,.T.);
#1487 = FACE_BOUND('',#1488,.F.);
#1488 = EDGE_LOOP('',(#1489,#1490,#1537,#1538));
#1489 = ORIENTED_EDGE('',*,*,#796,.F.);
#1490 = ORIENTED_EDGE('',*,*,#1491,.T.);
#1491 = EDGE_CURVE('',#797,#974,#1492,.T.);
#1492 = SURFACE_CURVE('',#1493,(#1510,#1530),.PCURVE_S1.);
#1493 = ( BOUNDED_CURVE() B_SPLINE_CURVE(8,(#1494,#1495,#1496,#1497,
    #1498,#1499,#1500,#1501,#1502,#1503,#1504,#1505,#1506,#1507,#1508,
#1509),.UNSPECIFIED.,.F.,.F.) B_SPLINE_CURVE_WITH_KNOTS((9,7,9),(
0.807315252527,1.566651447348,2.32598764217),.UNSPECIFIED.) CURVE() 
GEOMETRIC_REPRESENTATION_ITEM() RATIONAL_B_SPLINE_CURVE((1.,1.,1.,1.,1.,
1.,1.,1.,1.,1.,1.,1.,1.,1.,1.,1.)) REPRESENTATION_ITEM('') );
#1494 = CARTESIAN_POINT('',(-11.43,-12.62497605937,166.33086425995));
#1495 = CARTESIAN_POINT('',(-11.43,-10.23869845738,167.87312512387));
#1496 = CARTESIAN_POINT('',(-10.92518274746,-7.921886080066,
    169.37019153086));
#1497 = CARTESIAN_POINT('',(-9.980641715662,-5.774791544241,
    170.75660198596));
#1498 = CARTESIAN_POINT('',(-8.591788704698,-3.870449772104,
    171.98089510698));
#1499 = CARTESIAN_POINT('',(-6.895873639304,-2.281529660753,
    172.99487062598));
#1500 = CARTESIAN_POINT('',(-4.754983485977,-1.062819960535,
    173.79833917596));
#1501 = CARTESIAN_POINT('',(-2.376644101469,-0.46365649069,
    174.19084471378));
#1502 = CARTESIAN_POINT('',(2.376640654991,-0.463655723628,
    174.19084525897));
#1503 = CARTESIAN_POINT('',(4.754980901413,-1.062818413837,
    173.79834027866));
#1504 = CARTESIAN_POINT('',(6.895872940843,-2.281528114426,
    172.99487167516));
#1505 = CARTESIAN_POINT('',(8.591789086467,-3.870449532389,
    171.98089512002));
#1506 = CARTESIAN_POINT('',(9.98064236247,-5.774792212448,
    170.75660154785));
#1507 = CARTESIAN_POINT('',(10.92518308385,-7.921887221664,
    169.37019078278));
#1508 = CARTESIAN_POINT('',(11.43,-10.23869925131,167.87312461038));
#1509 = CARTESIAN_POINT('',(11.43,-12.62497605937,166.33086425995));
#1510 = PCURVE('',#812,#1511);
#1511 = DEFINITIONAL_REPRESENTATION('',(#1512),#1529);
#1512 = B_SPLINE_CURVE_WITH_KNOTS('',8,(#1513,#1514,#1515,#1516,#1517,
    #1518,#1519,#1520,#1521,#1522,#1523,#1524,#1525,#1526,#1527,#1528),
  .UNSPECIFIED.,.F.,.F.,(9,7,9),(0.807315252527,1.566651447348,
    2.32598764217),.UNSPECIFIED.);
#1513 = CARTESIAN_POINT('',(-3.14159265359,-21.37210244842));
#1514 = CARTESIAN_POINT('',(-2.945373913068,-23.11647234095));
#1515 = CARTESIAN_POINT('',(-2.754753619611,-24.80956399304));
#1516 = CARTESIAN_POINT('',(-2.56727915751,-26.37865140255));
#1517 = CARTESIAN_POINT('',(-2.377449082746,-27.76281738168));
#1518 = CARTESIAN_POINT('',(-2.187929238754,-28.91278987043));
#1519 = CARTESIAN_POINT('',(-1.986765989522,-29.81871289245));
#1520 = CARTESIAN_POINT('',(-1.778730710602,-30.26210214343));
#1521 = CARTESIAN_POINT('',(-1.362862244517,-30.26210275341));
#1522 = CARTESIAN_POINT('',(-1.154826904422,-29.81871412479));
#1523 = CARTESIAN_POINT('',(-0.953663524598,-28.91279105325));
#1524 = CARTESIAN_POINT('',(-0.764143575313,-27.7628174119));
#1525 = CARTESIAN_POINT('',(-0.574313425908,-26.37865091023));
#1526 = CARTESIAN_POINT('',(-0.386838940976,-24.80956314766));
#1527 = CARTESIAN_POINT('',(-0.196218675242,-23.11647176021));
#1528 = CARTESIAN_POINT('',(2.553512956638E-15,-21.37210244842));
#1529 = ( GEOMETRIC_REPRESENTATION_CONTEXT(2) 
PARAMETRIC_REPRESENTATION_CONTEXT() REPRESENTATION_CONTEXT('2D SPACE',''
  ) );
#1530 = PCURVE('',#888,#1531);
#1531 = DEFINITIONAL_REPRESENTATION('',(#1532),#1536);
#1532 = LINE('',#1533,#1534);
#1533 = CARTESIAN_POINT('',(0.,0.));
#1534 = VECTOR('',#1535,1.);
#1535 = DIRECTION('',(0.,1.));
#1536 = ( GEOMETRIC_REPRESENTATION_CONTEXT(2) 
PARAMETRIC_REPRESENTATION_CONTEXT() REPRESENTATION_CONTEXT('2D SPACE',''
  ) );
#1537 = ORIENTED_EDGE('',*,*,#973,.T.);
#1538 = ORIENTED_EDGE('',*,*,#1539,.F.);
#1539 = EDGE_CURVE('',#774,#951,#1540,.T.);
#1540 = SURFACE_CURVE('',#1541,(#1546,#1553),.PCURVE_S1.);
#1541 = CIRCLE('',#1542,11.43);
#1542 = AXIS2_PLACEMENT_3D('',#1543,#1544,#1545);
#1543 = CARTESIAN_POINT('',(0.,-11.41055686889,180.21173912458));
#1544 = DIRECTION('',(-0.,-8.715574274766E-02,-0.996194698092));
#1545 = DIRECTION('',(-1.,0.,0.));
#1546 = PCURVE('',#812,#1547);
#1547 = DEFINITIONAL_REPRESENTATION('',(#1548),#1552);
#1548 = LINE('',#1549,#1550);
#1549 = CARTESIAN_POINT('',(-3.14159265359,-35.306));
#1550 = VECTOR('',#1551,1.);
#1551 = DIRECTION('',(1.,-0.));
#1552 = ( GEOMETRIC_REPRESENTATION_CONTEXT(2) 
PARAMETRIC_REPRESENTATION_CONTEXT() REPRESENTATION_CONTEXT('2D SPACE',''
  ) );
#1553 = PCURVE('',#1402,#1554);
#1554 = DEFINITIONAL_REPRESENTATION('',(#1555),#1559);
#1555 = LINE('',#1556,#1557);
#1556 = CARTESIAN_POINT('',(-0.,0.));
#1557 = VECTOR('',#1558,1.);
#1558 = DIRECTION('',(-1.,0.));
#1559 = ( GEOMETRIC_REPRESENTATION_CONTEXT(2) 
PARAMETRIC_REPRESENTATION_CONTEXT() REPRESENTATION_CONTEXT('2D SPACE',''
  ) );
#1560 = ADVANCED_FACE('',(#1561),#888,.F.);
#1561 = FACE_BOUND('',#1562,.F.);
#1562 = EDGE_LOOP('',(#1563,#1564,#1565,#1566));
#1563 = ORIENTED_EDGE('',*,*,#874,.T.);
#1564 = ORIENTED_EDGE('',*,*,#1046,.T.);
#1565 = ORIENTED_EDGE('',*,*,#1097,.F.);
#1566 = ORIENTED_EDGE('',*,*,#1491,.F.);
#1567 = ADVANCED_FACE('',(#1568),#1144,.T.);
#1568 = FACE_BOUND('',#1569,.F.);
#1569 = EDGE_LOOP('',(#1570,#1592,#1593,#1615));
#1570 = ORIENTED_EDGE('',*,*,#1571,.T.);
#1571 = EDGE_CURVE('',#1572,#1127,#1574,.T.);
#1572 = VERTEX_POINT('',#1573);
#1573 = CARTESIAN_POINT('',(-76.2,57.150000000004,5.588));
#1574 = SURFACE_CURVE('',#1575,(#1580,#1586),.PCURVE_S1.);
#1575 = CIRCLE('',#1576,0.762);
#1576 = AXIS2_PLACEMENT_3D('',#1577,#1578,#1579);
#1577 = CARTESIAN_POINT('',(-75.438,57.150000000004,5.588));
#1578 = DIRECTION('',(-0.,1.,0.));
#1579 = DIRECTION('',(-1.,-0.,0.));
#1580 = PCURVE('',#1144,#1581);
#1581 = DEFINITIONAL_REPRESENTATION('',(#1582),#1585);
#1582 = B_SPLINE_CURVE_WITH_KNOTS('',1,(#1583,#1584),.UNSPECIFIED.,.F.,
  .F.,(2,2),(0.,1.570796326795),.PIECEWISE_BEZIER_KNOTS.);
#1583 = CARTESIAN_POINT('',(0.,0.));
#1584 = CARTESIAN_POINT('',(-1.570796326795,0.));
#1585 = ( GEOMETRIC_REPRESENTATION_CONTEXT(2) 
PARAMETRIC_REPRESENTATION_CONTEXT() REPRESENTATION_CONTEXT('2D SPACE',''
  ) );
#1586 = PCURVE('',#1342,#1587);
#1587 = DEFINITIONAL_REPRESENTATION('',(#1588),#1591);
#1588 = B_SPLINE_CURVE_WITH_KNOTS('',1,(#1589,#1590),.UNSPECIFIED.,.F.,
  .F.,(2,2),(0.,1.570796326795),.PIECEWISE_BEZIER_KNOTS.);
#1589 = CARTESIAN_POINT('',(1.570796326795,0.));
#1590 = CARTESIAN_POINT('',(1.570796326795,1.570796326795));
#1591 = ( GEOMETRIC_REPRESENTATION_CONTEXT(2) 
PARAMETRIC_REPRESENTATION_CONTEXT() REPRESENTATION_CONTEXT('2D SPACE',''
  ) );
#1592 = ORIENTED_EDGE('',*,*,#1126,.T.);
#1593 = ORIENTED_EDGE('',*,*,#1594,.F.);
#1594 = EDGE_CURVE('',#1595,#1129,#1597,.T.);
#1595 = VERTEX_POINT('',#1596);
#1596 = CARTESIAN_POINT('',(-76.2,-57.14999843295,5.588));
#1597 = SURFACE_CURVE('',#1598,(#1603,#1609),.PCURVE_S1.);
#1598 = CIRCLE('',#1599,0.762);
#1599 = AXIS2_PLACEMENT_3D('',#1600,#1601,#1602);
#1600 = CARTESIAN_POINT('',(-75.438,-57.14999843295,5.588));
#1601 = DIRECTION('',(-0.,1.,0.));
#1602 = DIRECTION('',(-1.,-0.,0.));
#1603 = PCURVE('',#1144,#1604);
#1604 = DEFINITIONAL_REPRESENTATION('',(#1605),#1608);
#1605 = B_SPLINE_CURVE_WITH_KNOTS('',1,(#1606,#1607),.UNSPECIFIED.,.F.,
  .F.,(2,2),(0.,1.570796326795),.PIECEWISE_BEZIER_KNOTS.);
#1606 = CARTESIAN_POINT('',(0.,114.29999843295));
#1607 = CARTESIAN_POINT('',(-1.570796326795,114.29999843295));
#1608 = ( GEOMETRIC_REPRESENTATION_CONTEXT(2) 
PARAMETRIC_REPRESENTATION_CONTEXT() REPRESENTATION_CONTEXT('2D SPACE',''
  ) );
#1609 = PCURVE('',#1173,#1610);
#1610 = DEFINITIONAL_REPRESENTATION('',(#1611),#1614);
#1611 = B_SPLINE_CURVE_WITH_KNOTS('',1,(#1612,#1613),.UNSPECIFIED.,.F.,
  .F.,(2,2),(0.,1.570796326795),.PIECEWISE_BEZIER_KNOTS.);
#1612 = CARTESIAN_POINT('',(0.,0.));
#1613 = CARTESIAN_POINT('',(0.,1.570796326795));
#1614 = ( GEOMETRIC_REPRESENTATION_CONTEXT(2) 
PARAMETRIC_REPRESENTATION_CONTEXT() REPRESENTATION_CONTEXT('2D SPACE',''
  ) );
#1615 = ORIENTED_EDGE('',*,*,#1616,.F.);
#1616 = EDGE_CURVE('',#1572,#1595,#1617,.T.);
#1617 = SURFACE_CURVE('',#1618,(#1622,#1629),.PCURVE_S1.);
#1618 = LINE('',#1619,#1620);
#1619 = CARTESIAN_POINT('',(-76.2,57.150000000004,5.588));
#1620 = VECTOR('',#1621,25.4);
#1621 = DIRECTION('',(0.,-1.,0.));
#1622 = PCURVE('',#1144,#1623);
#1623 = DEFINITIONAL_REPRESENTATION('',(#1624),#1628);
#1624 = LINE('',#1625,#1626);
#1625 = CARTESIAN_POINT('',(-0.,0.));
#1626 = VECTOR('',#1627,1.);
#1627 = DIRECTION('',(-0.,1.));
#1628 = ( GEOMETRIC_REPRESENTATION_CONTEXT(2) 
PARAMETRIC_REPRESENTATION_CONTEXT() REPRESENTATION_CONTEXT('2D SPACE',''
  ) );
#1629 = PCURVE('',#1630,#1635);
#1630 = PLANE('',#1631);
#1631 = AXIS2_PLACEMENT_3D('',#1632,#1633,#1634);
#1632 = CARTESIAN_POINT('',(-76.2,57.150000000004,0.));
#1633 = DIRECTION('',(1.,0.,-0.));
#1634 = DIRECTION('',(0.,-1.,0.));
#1635 = DEFINITIONAL_REPRESENTATION('',(#1636),#1640);
#1636 = LINE('',#1637,#1638);
#1637 = CARTESIAN_POINT('',(0.,-5.588));
#1638 = VECTOR('',#1639,1.);
#1639 = DIRECTION('',(1.,0.));
#1640 = ( GEOMETRIC_REPRESENTATION_CONTEXT(2) 
PARAMETRIC_REPRESENTATION_CONTEXT() REPRESENTATION_CONTEXT('2D SPACE',''
  ) );
#1641 = ADVANCED_FACE('',(#1642),#1342,.T.);
#1642 = FACE_BOUND('',#1643,.T.);
#1643 = EDGE_LOOP('',(#1644,#1666,#1693,#1694));
#1644 = ORIENTED_EDGE('',*,*,#1645,.F.);
#1645 = EDGE_CURVE('',#1646,#1300,#1648,.T.);
#1646 = VERTEX_POINT('',#1647);
#1647 = CARTESIAN_POINT('',(-69.85,63.5,5.588));
#1648 = SURFACE_CURVE('',#1649,(#1654,#1660),.PCURVE_S1.);
#1649 = CIRCLE('',#1650,0.762);
#1650 = AXIS2_PLACEMENT_3D('',#1651,#1652,#1653);
#1651 = CARTESIAN_POINT('',(-69.85,62.738,5.588));
#1652 = DIRECTION('',(1.,0.,-0.));
#1653 = DIRECTION('',(0.,1.,0.));
#1654 = PCURVE('',#1342,#1655);
#1655 = DEFINITIONAL_REPRESENTATION('',(#1656),#1659);
#1656 = B_SPLINE_CURVE_WITH_KNOTS('',1,(#1657,#1658),.UNSPECIFIED.,.F.,
  .F.,(2,2),(0.,1.570796326795),.PIECEWISE_BEZIER_KNOTS.);
#1657 = CARTESIAN_POINT('',(0.,0.));
#1658 = CARTESIAN_POINT('',(0.,1.570796326795));
#1659 = ( GEOMETRIC_REPRESENTATION_CONTEXT(2) 
PARAMETRIC_REPRESENTATION_CONTEXT() REPRESENTATION_CONTEXT('2D SPACE',''
  ) );
#1660 = PCURVE('',#1315,#1661);
#1661 = DEFINITIONAL_REPRESENTATION('',(#1662),#1665);
#1662 = B_SPLINE_CURVE_WITH_KNOTS('',1,(#1663,#1664),.UNSPECIFIED.,.F.,
  .F.,(2,2),(0.,1.570796326795),.PIECEWISE_BEZIER_KNOTS.);
#1663 = CARTESIAN_POINT('',(0.,139.7));
#1664 = CARTESIAN_POINT('',(-1.570796326795,139.7));
#1665 = ( GEOMETRIC_REPRESENTATION_CONTEXT(2) 
PARAMETRIC_REPRESENTATION_CONTEXT() REPRESENTATION_CONTEXT('2D SPACE',''
  ) );
#1666 = ORIENTED_EDGE('',*,*,#1667,.T.);
#1667 = EDGE_CURVE('',#1646,#1572,#1668,.T.);
#1668 = SURFACE_CURVE('',#1669,(#1674,#1681),.PCURVE_S1.);
#1669 = CIRCLE('',#1670,6.35);
#1670 = AXIS2_PLACEMENT_3D('',#1671,#1672,#1673);
#1671 = CARTESIAN_POINT('',(-69.85,57.150000000004,5.588));
#1672 = DIRECTION('',(0.,0.,1.));
#1673 = DIRECTION('',(0.,1.,-0.));
#1674 = PCURVE('',#1342,#1675);
#1675 = DEFINITIONAL_REPRESENTATION('',(#1676),#1680);
#1676 = LINE('',#1677,#1678);
#1677 = CARTESIAN_POINT('',(0.,0.));
#1678 = VECTOR('',#1679,1.);
#1679 = DIRECTION('',(1.,0.));
#1680 = ( GEOMETRIC_REPRESENTATION_CONTEXT(2) 
PARAMETRIC_REPRESENTATION_CONTEXT() REPRESENTATION_CONTEXT('2D SPACE',''
  ) );
#1681 = PCURVE('',#1682,#1687);
#1682 = CYLINDRICAL_SURFACE('',#1683,6.35);
#1683 = AXIS2_PLACEMENT_3D('',#1684,#1685,#1686);
#1684 = CARTESIAN_POINT('',(-69.85,57.150000000004,0.));
#1685 = DIRECTION('',(-0.,-0.,-1.));
#1686 = DIRECTION('',(1.,0.,0.));
#1687 = DEFINITIONAL_REPRESENTATION('',(#1688),#1692);
#1688 = LINE('',#1689,#1690);
#1689 = CARTESIAN_POINT('',(-1.570796326795,-5.588));
#1690 = VECTOR('',#1691,1.);
#1691 = DIRECTION('',(-1.,0.));
#1692 = ( GEOMETRIC_REPRESENTATION_CONTEXT(2) 
PARAMETRIC_REPRESENTATION_CONTEXT() REPRESENTATION_CONTEXT('2D SPACE',''
  ) );
#1693 = ORIENTED_EDGE('',*,*,#1571,.T.);
#1694 = ORIENTED_EDGE('',*,*,#1327,.F.);
#1695 = ADVANCED_FACE('',(#1696),#1173,.T.);
#1696 = FACE_BOUND('',#1697,.T.);
#1697 = EDGE_LOOP('',(#1698,#1699,#1728,#1748));
#1698 = ORIENTED_EDGE('',*,*,#1594,.F.);
#1699 = ORIENTED_EDGE('',*,*,#1700,.T.);
#1700 = EDGE_CURVE('',#1595,#1701,#1703,.T.);
#1701 = VERTEX_POINT('',#1702);
#1702 = CARTESIAN_POINT('',(-69.85,-63.49999843295,5.588));
#1703 = SURFACE_CURVE('',#1704,(#1709,#1716),.PCURVE_S1.);
#1704 = CIRCLE('',#1705,6.35);
#1705 = AXIS2_PLACEMENT_3D('',#1706,#1707,#1708);
#1706 = CARTESIAN_POINT('',(-69.85,-57.14999843295,5.588));
#1707 = DIRECTION('',(0.,0.,1.));
#1708 = DIRECTION('',(-1.,0.,0.));
#1709 = PCURVE('',#1173,#1710);
#1710 = DEFINITIONAL_REPRESENTATION('',(#1711),#1715);
#1711 = LINE('',#1712,#1713);
#1712 = CARTESIAN_POINT('',(0.,0.));
#1713 = VECTOR('',#1714,1.);
#1714 = DIRECTION('',(1.,0.));
#1715 = ( GEOMETRIC_REPRESENTATION_CONTEXT(2) 
PARAMETRIC_REPRESENTATION_CONTEXT() REPRESENTATION_CONTEXT('2D SPACE',''
  ) );
#1716 = PCURVE('',#1717,#1722);
#1717 = CYLINDRICAL_SURFACE('',#1718,6.35);
#1718 = AXIS2_PLACEMENT_3D('',#1719,#1720,#1721);
#1719 = CARTESIAN_POINT('',(-69.85,-57.14999843295,0.));
#1720 = DIRECTION('',(-0.,-0.,-1.));
#1721 = DIRECTION('',(1.,0.,0.));
#1722 = DEFINITIONAL_REPRESENTATION('',(#1723),#1727);
#1723 = LINE('',#1724,#1725);
#1724 = CARTESIAN_POINT('',(-3.14159265359,-5.588));
#1725 = VECTOR('',#1726,1.);
#1726 = DIRECTION('',(-1.,0.));
#1727 = ( GEOMETRIC_REPRESENTATION_CONTEXT(2) 
PARAMETRIC_REPRESENTATION_CONTEXT() REPRESENTATION_CONTEXT('2D SPACE',''
  ) );
#1728 = ORIENTED_EDGE('',*,*,#1729,.T.);
#1729 = EDGE_CURVE('',#1701,#1157,#1730,.T.);
#1730 = SURFACE_CURVE('',#1731,(#1736,#1742),.PCURVE_S1.);
#1731 = CIRCLE('',#1732,0.762);
#1732 = AXIS2_PLACEMENT_3D('',#1733,#1734,#1735);
#1733 = CARTESIAN_POINT('',(-69.85,-62.73799843295,5.588));
#1734 = DIRECTION('',(-1.,6.123233995737E-17,0.));
#1735 = DIRECTION('',(-6.123233995737E-17,-1.,0.));
#1736 = PCURVE('',#1173,#1737);
#1737 = DEFINITIONAL_REPRESENTATION('',(#1738),#1741);
#1738 = B_SPLINE_CURVE_WITH_KNOTS('',1,(#1739,#1740),.UNSPECIFIED.,.F.,
  .F.,(2,2),(0.,1.570796326795),.PIECEWISE_BEZIER_KNOTS.);
#1739 = CARTESIAN_POINT('',(1.570796326795,0.));
#1740 = CARTESIAN_POINT('',(1.570796326795,1.570796326795));
#1741 = ( GEOMETRIC_REPRESENTATION_CONTEXT(2) 
PARAMETRIC_REPRESENTATION_CONTEXT() REPRESENTATION_CONTEXT('2D SPACE',''
  ) );
#1742 = PCURVE('',#1201,#1743);
#1743 = DEFINITIONAL_REPRESENTATION('',(#1744),#1747);
#1744 = B_SPLINE_CURVE_WITH_KNOTS('',1,(#1745,#1746),.UNSPECIFIED.,.F.,
  .F.,(2,2),(0.,1.570796326795),.PIECEWISE_BEZIER_KNOTS.);
#1745 = CARTESIAN_POINT('',(0.,0.));
#1746 = CARTESIAN_POINT('',(-1.570796326795,0.));
#1747 = ( GEOMETRIC_REPRESENTATION_CONTEXT(2) 
PARAMETRIC_REPRESENTATION_CONTEXT() REPRESENTATION_CONTEXT('2D SPACE',''
  ) );
#1748 = ORIENTED_EDGE('',*,*,#1156,.F.);
#1749 = ADVANCED_FACE('',(#1750),#1315,.T.);
#1750 = FACE_BOUND('',#1751,.F.);
#1751 = EDGE_LOOP('',(#1752,#1774,#1775,#1776));
#1752 = ORIENTED_EDGE('',*,*,#1753,.T.);
#1753 = EDGE_CURVE('',#1754,#1271,#1756,.T.);
#1754 = VERTEX_POINT('',#1755);
#1755 = CARTESIAN_POINT('',(69.85,63.499998281373,5.588));
#1756 = SURFACE_CURVE('',#1757,(#1762,#1768),.PCURVE_S1.);
#1757 = CIRCLE('',#1758,0.762);
#1758 = AXIS2_PLACEMENT_3D('',#1759,#1760,#1761);
#1759 = CARTESIAN_POINT('',(69.85,62.737998281373,5.588));
#1760 = DIRECTION('',(1.,-6.123233995737E-17,0.));
#1761 = DIRECTION('',(6.123233995737E-17,1.,0.));
#1762 = PCURVE('',#1315,#1763);
#1763 = DEFINITIONAL_REPRESENTATION('',(#1764),#1767);
#1764 = B_SPLINE_CURVE_WITH_KNOTS('',1,(#1765,#1766),.UNSPECIFIED.,.F.,
  .F.,(2,2),(0.,1.570796326795),.PIECEWISE_BEZIER_KNOTS.);
#1765 = CARTESIAN_POINT('',(0.,0.));
#1766 = CARTESIAN_POINT('',(-1.570796326795,0.));
#1767 = ( GEOMETRIC_REPRESENTATION_CONTEXT(2) 
PARAMETRIC_REPRESENTATION_CONTEXT() REPRESENTATION_CONTEXT('2D SPACE',''
  ) );
#1768 = PCURVE('',#1287,#1769);
#1769 = DEFINITIONAL_REPRESENTATION('',(#1770),#1773);
#1770 = B_SPLINE_CURVE_WITH_KNOTS('',1,(#1771,#1772),.UNSPECIFIED.,.F.,
  .F.,(2,2),(0.,1.570796326795),.PIECEWISE_BEZIER_KNOTS.);
#1771 = CARTESIAN_POINT('',(1.570796326795,0.));
#1772 = CARTESIAN_POINT('',(1.570796326795,1.570796326795));
#1773 = ( GEOMETRIC_REPRESENTATION_CONTEXT(2) 
PARAMETRIC_REPRESENTATION_CONTEXT() REPRESENTATION_CONTEXT('2D SPACE',''
  ) );
#1774 = ORIENTED_EDGE('',*,*,#1299,.T.);
#1775 = ORIENTED_EDGE('',*,*,#1645,.F.);
#1776 = ORIENTED_EDGE('',*,*,#1777,.F.);
#1777 = EDGE_CURVE('',#1754,#1646,#1778,.T.);
#1778 = SURFACE_CURVE('',#1779,(#1783,#1790),.PCURVE_S1.);
#1779 = LINE('',#1780,#1781);
#1780 = CARTESIAN_POINT('',(69.85,63.5,5.588));
#1781 = VECTOR('',#1782,25.4);
#1782 = DIRECTION('',(-1.,0.,0.));
#1783 = PCURVE('',#1315,#1784);
#1784 = DEFINITIONAL_REPRESENTATION('',(#1785),#1789);
#1785 = LINE('',#1786,#1787);
#1786 = CARTESIAN_POINT('',(-0.,0.));
#1787 = VECTOR('',#1788,1.);
#1788 = DIRECTION('',(-0.,1.));
#1789 = ( GEOMETRIC_REPRESENTATION_CONTEXT(2) 
PARAMETRIC_REPRESENTATION_CONTEXT() REPRESENTATION_CONTEXT('2D SPACE',''
  ) );
#1790 = PCURVE('',#1791,#1796);
#1791 = PLANE('',#1792);
#1792 = AXIS2_PLACEMENT_3D('',#1793,#1794,#1795);
#1793 = CARTESIAN_POINT('',(69.85,63.5,0.));
#1794 = DIRECTION('',(0.,-1.,0.));
#1795 = DIRECTION('',(-1.,0.,0.));
#1796 = DEFINITIONAL_REPRESENTATION('',(#1797),#1801);
#1797 = LINE('',#1798,#1799);
#1798 = CARTESIAN_POINT('',(0.,-5.588));
#1799 = VECTOR('',#1800,1.);
#1800 = DIRECTION('',(1.,0.));
#1801 = ( GEOMETRIC_REPRESENTATION_CONTEXT(2) 
PARAMETRIC_REPRESENTATION_CONTEXT() REPRESENTATION_CONTEXT('2D SPACE',''
  ) );
#1802 = ADVANCED_FACE('',(#1803),#1201,.T.);
#1803 = FACE_BOUND('',#1804,.F.);
#1804 = EDGE_LOOP('',(#1805,#1806,#1807,#1829));
#1805 = ORIENTED_EDGE('',*,*,#1729,.T.);
#1806 = ORIENTED_EDGE('',*,*,#1185,.T.);
#1807 = ORIENTED_EDGE('',*,*,#1808,.F.);
#1808 = EDGE_CURVE('',#1809,#1186,#1811,.T.);
#1809 = VERTEX_POINT('',#1810);
#1810 = CARTESIAN_POINT('',(69.85,-63.5,5.588));
#1811 = SURFACE_CURVE('',#1812,(#1817,#1823),.PCURVE_S1.);
#1812 = CIRCLE('',#1813,0.762);
#1813 = AXIS2_PLACEMENT_3D('',#1814,#1815,#1816);
#1814 = CARTESIAN_POINT('',(69.85,-62.738,5.588));
#1815 = DIRECTION('',(-1.,-0.,0.));
#1816 = DIRECTION('',(0.,-1.,0.));
#1817 = PCURVE('',#1201,#1818);
#1818 = DEFINITIONAL_REPRESENTATION('',(#1819),#1822);
#1819 = B_SPLINE_CURVE_WITH_KNOTS('',1,(#1820,#1821),.UNSPECIFIED.,.F.,
  .F.,(2,2),(0.,1.570796326795),.PIECEWISE_BEZIER_KNOTS.);
#1820 = CARTESIAN_POINT('',(0.,139.7));
#1821 = CARTESIAN_POINT('',(-1.570796326795,139.7));
#1822 = ( GEOMETRIC_REPRESENTATION_CONTEXT(2) 
PARAMETRIC_REPRESENTATION_CONTEXT() REPRESENTATION_CONTEXT('2D SPACE',''
  ) );
#1823 = PCURVE('',#1230,#1824);
#1824 = DEFINITIONAL_REPRESENTATION('',(#1825),#1828);
#1825 = B_SPLINE_CURVE_WITH_KNOTS('',1,(#1826,#1827),.UNSPECIFIED.,.F.,
  .F.,(2,2),(0.,1.570796326795),.PIECEWISE_BEZIER_KNOTS.);
#1826 = CARTESIAN_POINT('',(0.,0.));
#1827 = CARTESIAN_POINT('',(0.,1.570796326795));
#1828 = ( GEOMETRIC_REPRESENTATION_CONTEXT(2) 
PARAMETRIC_REPRESENTATION_CONTEXT() REPRESENTATION_CONTEXT('2D SPACE',''
  ) );
#1829 = ORIENTED_EDGE('',*,*,#1830,.F.);
#1830 = EDGE_CURVE('',#1701,#1809,#1831,.T.);
#1831 = SURFACE_CURVE('',#1832,(#1836,#1843),.PCURVE_S1.);
#1832 = LINE('',#1833,#1834);
#1833 = CARTESIAN_POINT('',(-69.85,-63.5,5.588));
#1834 = VECTOR('',#1835,25.4);
#1835 = DIRECTION('',(1.,0.,0.));
#1836 = PCURVE('',#1201,#1837);
#1837 = DEFINITIONAL_REPRESENTATION('',(#1838),#1842);
#1838 = LINE('',#1839,#1840);
#1839 = CARTESIAN_POINT('',(-0.,0.));
#1840 = VECTOR('',#1841,1.);
#1841 = DIRECTION('',(-0.,1.));
#1842 = ( GEOMETRIC_REPRESENTATION_CONTEXT(2) 
PARAMETRIC_REPRESENTATION_CONTEXT() REPRESENTATION_CONTEXT('2D SPACE',''
  ) );
#1843 = PCURVE('',#1844,#1849);
#1844 = PLANE('',#1845);
#1845 = AXIS2_PLACEMENT_3D('',#1846,#1847,#1848);
#1846 = CARTESIAN_POINT('',(-69.85,-63.5,0.));
#1847 = DIRECTION('',(0.,1.,0.));
#1848 = DIRECTION('',(1.,0.,0.));
#1849 = DEFINITIONAL_REPRESENTATION('',(#1850),#1854);
#1850 = LINE('',#1851,#1852);
#1851 = CARTESIAN_POINT('',(0.,-5.588));
#1852 = VECTOR('',#1853,1.);
#1853 = DIRECTION('',(1.,0.));
#1854 = ( GEOMETRIC_REPRESENTATION_CONTEXT(2) 
PARAMETRIC_REPRESENTATION_CONTEXT() REPRESENTATION_CONTEXT('2D SPACE',''
  ) );
#1855 = ADVANCED_FACE('',(#1856),#1287,.T.);
#1856 = FACE_BOUND('',#1857,.T.);
#1857 = EDGE_LOOP('',(#1858,#1880,#1907,#1908));
#1858 = ORIENTED_EDGE('',*,*,#1859,.F.);
#1859 = EDGE_CURVE('',#1860,#1243,#1862,.T.);
#1860 = VERTEX_POINT('',#1861);
#1861 = CARTESIAN_POINT('',(76.2,57.149998281373,5.588));
#1862 = SURFACE_CURVE('',#1863,(#1868,#1874),.PCURVE_S1.);
#1863 = CIRCLE('',#1864,0.762);
#1864 = AXIS2_PLACEMENT_3D('',#1865,#1866,#1867);
#1865 = CARTESIAN_POINT('',(75.438,57.149998281373,5.588));
#1866 = DIRECTION('',(0.,-1.,-0.));
#1867 = DIRECTION('',(1.,0.,-0.));
#1868 = PCURVE('',#1287,#1869);
#1869 = DEFINITIONAL_REPRESENTATION('',(#1870),#1873);
#1870 = B_SPLINE_CURVE_WITH_KNOTS('',1,(#1871,#1872),.UNSPECIFIED.,.F.,
  .F.,(2,2),(0.,1.570796326795),.PIECEWISE_BEZIER_KNOTS.);
#1871 = CARTESIAN_POINT('',(0.,0.));
#1872 = CARTESIAN_POINT('',(0.,1.570796326795));
#1873 = ( GEOMETRIC_REPRESENTATION_CONTEXT(2) 
PARAMETRIC_REPRESENTATION_CONTEXT() REPRESENTATION_CONTEXT('2D SPACE',''
  ) );
#1874 = PCURVE('',#1258,#1875);
#1875 = DEFINITIONAL_REPRESENTATION('',(#1876),#1879);
#1876 = B_SPLINE_CURVE_WITH_KNOTS('',1,(#1877,#1878),.UNSPECIFIED.,.F.,
  .F.,(2,2),(0.,1.570796326795),.PIECEWISE_BEZIER_KNOTS.);
#1877 = CARTESIAN_POINT('',(0.,114.29999828137));
#1878 = CARTESIAN_POINT('',(-1.570796326795,114.29999828137));
#1879 = ( GEOMETRIC_REPRESENTATION_CONTEXT(2) 
PARAMETRIC_REPRESENTATION_CONTEXT() REPRESENTATION_CONTEXT('2D SPACE',''
  ) );
#1880 = ORIENTED_EDGE('',*,*,#1881,.T.);
#1881 = EDGE_CURVE('',#1860,#1754,#1882,.T.);
#1882 = SURFACE_CURVE('',#1883,(#1888,#1895),.PCURVE_S1.);
#1883 = CIRCLE('',#1884,6.35);
#1884 = AXIS2_PLACEMENT_3D('',#1885,#1886,#1887);
#1885 = CARTESIAN_POINT('',(69.85,57.149998281373,5.588));
#1886 = DIRECTION('',(0.,0.,1.));
#1887 = DIRECTION('',(1.,0.,-0.));
#1888 = PCURVE('',#1287,#1889);
#1889 = DEFINITIONAL_REPRESENTATION('',(#1890),#1894);
#1890 = LINE('',#1891,#1892);
#1891 = CARTESIAN_POINT('',(0.,0.));
#1892 = VECTOR('',#1893,1.);
#1893 = DIRECTION('',(1.,0.));
#1894 = ( GEOMETRIC_REPRESENTATION_CONTEXT(2) 
PARAMETRIC_REPRESENTATION_CONTEXT() REPRESENTATION_CONTEXT('2D SPACE',''
  ) );
#1895 = PCURVE('',#1896,#1901);
#1896 = CYLINDRICAL_SURFACE('',#1897,6.35);
#1897 = AXIS2_PLACEMENT_3D('',#1898,#1899,#1900);
#1898 = CARTESIAN_POINT('',(69.85,57.149998281373,0.));
#1899 = DIRECTION('',(-0.,-0.,-1.));
#1900 = DIRECTION('',(1.,0.,0.));
#1901 = DEFINITIONAL_REPRESENTATION('',(#1902),#1906);
#1902 = LINE('',#1903,#1904);
#1903 = CARTESIAN_POINT('',(-0.,-5.588));
#1904 = VECTOR('',#1905,1.);
#1905 = DIRECTION('',(-1.,0.));
#1906 = ( GEOMETRIC_REPRESENTATION_CONTEXT(2) 
PARAMETRIC_REPRESENTATION_CONTEXT() REPRESENTATION_CONTEXT('2D SPACE',''
  ) );
#1907 = ORIENTED_EDGE('',*,*,#1753,.T.);
#1908 = ORIENTED_EDGE('',*,*,#1270,.F.);
#1909 = ADVANCED_FACE('',(#1910),#1230,.T.);
#1910 = FACE_BOUND('',#1911,.T.);
#1911 = EDGE_LOOP('',(#1912,#1913,#1942,#1962));
#1912 = ORIENTED_EDGE('',*,*,#1808,.F.);
#1913 = ORIENTED_EDGE('',*,*,#1914,.T.);
#1914 = EDGE_CURVE('',#1809,#1915,#1917,.T.);
#1915 = VERTEX_POINT('',#1916);
#1916 = CARTESIAN_POINT('',(76.2,-57.15,5.588));
#1917 = SURFACE_CURVE('',#1918,(#1923,#1930),.PCURVE_S1.);
#1918 = CIRCLE('',#1919,6.35);
#1919 = AXIS2_PLACEMENT_3D('',#1920,#1921,#1922);
#1920 = CARTESIAN_POINT('',(69.85,-57.15,5.588));
#1921 = DIRECTION('',(0.,0.,1.));
#1922 = DIRECTION('',(0.,-1.,0.));
#1923 = PCURVE('',#1230,#1924);
#1924 = DEFINITIONAL_REPRESENTATION('',(#1925),#1929);
#1925 = LINE('',#1926,#1927);
#1926 = CARTESIAN_POINT('',(0.,0.));
#1927 = VECTOR('',#1928,1.);
#1928 = DIRECTION('',(1.,0.));
#1929 = ( GEOMETRIC_REPRESENTATION_CONTEXT(2) 
PARAMETRIC_REPRESENTATION_CONTEXT() REPRESENTATION_CONTEXT('2D SPACE',''
  ) );
#1930 = PCURVE('',#1931,#1936);
#1931 = CYLINDRICAL_SURFACE('',#1932,6.35);
#1932 = AXIS2_PLACEMENT_3D('',#1933,#1934,#1935);
#1933 = CARTESIAN_POINT('',(69.85,-57.15,0.));
#1934 = DIRECTION('',(-0.,-0.,-1.));
#1935 = DIRECTION('',(1.,0.,0.));
#1936 = DEFINITIONAL_REPRESENTATION('',(#1937),#1941);
#1937 = LINE('',#1938,#1939);
#1938 = CARTESIAN_POINT('',(-4.712388980385,-5.588));
#1939 = VECTOR('',#1940,1.);
#1940 = DIRECTION('',(-1.,0.));
#1941 = ( GEOMETRIC_REPRESENTATION_CONTEXT(2) 
PARAMETRIC_REPRESENTATION_CONTEXT() REPRESENTATION_CONTEXT('2D SPACE',''
  ) );
#1942 = ORIENTED_EDGE('',*,*,#1943,.T.);
#1943 = EDGE_CURVE('',#1915,#1214,#1944,.T.);
#1944 = SURFACE_CURVE('',#1945,(#1950,#1956),.PCURVE_S1.);
#1945 = CIRCLE('',#1946,0.762);
#1946 = AXIS2_PLACEMENT_3D('',#1947,#1948,#1949);
#1947 = CARTESIAN_POINT('',(75.438,-57.15,5.588));
#1948 = DIRECTION('',(-6.123233995737E-17,-1.,0.));
#1949 = DIRECTION('',(1.,-6.123233995737E-17,0.));
#1950 = PCURVE('',#1230,#1951);
#1951 = DEFINITIONAL_REPRESENTATION('',(#1952),#1955);
#1952 = B_SPLINE_CURVE_WITH_KNOTS('',1,(#1953,#1954),.UNSPECIFIED.,.F.,
  .F.,(2,2),(0.,1.570796326795),.PIECEWISE_BEZIER_KNOTS.);
#1953 = CARTESIAN_POINT('',(1.570796326795,0.));
#1954 = CARTESIAN_POINT('',(1.570796326795,1.570796326795));
#1955 = ( GEOMETRIC_REPRESENTATION_CONTEXT(2) 
PARAMETRIC_REPRESENTATION_CONTEXT() REPRESENTATION_CONTEXT('2D SPACE',''
  ) );
#1956 = PCURVE('',#1258,#1957);
#1957 = DEFINITIONAL_REPRESENTATION('',(#1958),#1961);
#1958 = B_SPLINE_CURVE_WITH_KNOTS('',1,(#1959,#1960),.UNSPECIFIED.,.F.,
  .F.,(2,2),(0.,1.570796326795),.PIECEWISE_BEZIER_KNOTS.);
#1959 = CARTESIAN_POINT('',(0.,0.));
#1960 = CARTESIAN_POINT('',(-1.570796326795,0.));
#1961 = ( GEOMETRIC_REPRESENTATION_CONTEXT(2) 
PARAMETRIC_REPRESENTATION_CONTEXT() REPRESENTATION_CONTEXT('2D SPACE',''
  ) );
#1962 = ORIENTED_EDGE('',*,*,#1213,.F.);
#1963 = ADVANCED_FACE('',(#1964),#1258,.T.);
#1964 = FACE_BOUND('',#1965,.F.);
#1965 = EDGE_LOOP('',(#1966,#1967,#1968,#1969));
#1966 = ORIENTED_EDGE('',*,*,#1943,.T.);
#1967 = ORIENTED_EDGE('',*,*,#1242,.T.);
#1968 = ORIENTED_EDGE('',*,*,#1859,.F.);
#1969 = ORIENTED_EDGE('',*,*,#1970,.F.);
#1970 = EDGE_CURVE('',#1915,#1860,#1971,.T.);
#1971 = SURFACE_CURVE('',#1972,(#1976,#1983),.PCURVE_S1.);
#1972 = LINE('',#1973,#1974);
#1973 = CARTESIAN_POINT('',(76.2,-57.15,5.588));
#1974 = VECTOR('',#1975,25.4);
#1975 = DIRECTION('',(0.,1.,0.));
#1976 = PCURVE('',#1258,#1977);
#1977 = DEFINITIONAL_REPRESENTATION('',(#1978),#1982);
#1978 = LINE('',#1979,#1980);
#1979 = CARTESIAN_POINT('',(-0.,0.));
#1980 = VECTOR('',#1981,1.);
#1981 = DIRECTION('',(-0.,1.));
#1982 = ( GEOMETRIC_REPRESENTATION_CONTEXT(2) 
PARAMETRIC_REPRESENTATION_CONTEXT() REPRESENTATION_CONTEXT('2D SPACE',''
  ) );
#1983 = PCURVE('',#1984,#1989);
#1984 = PLANE('',#1985);
#1985 = AXIS2_PLACEMENT_3D('',#1986,#1987,#1988);
#1986 = CARTESIAN_POINT('',(76.2,-57.15,0.));
#1987 = DIRECTION('',(-1.,0.,0.));
#1988 = DIRECTION('',(0.,1.,0.));
#1989 = DEFINITIONAL_REPRESENTATION('',(#1990),#1994);
#1990 = LINE('',#1991,#1992);
#1991 = CARTESIAN_POINT('',(0.,-5.588));
#1992 = VECTOR('',#1993,1.);
#1993 = DIRECTION('',(1.,0.));
#1994 = ( GEOMETRIC_REPRESENTATION_CONTEXT(2) 
PARAMETRIC_REPRESENTATION_CONTEXT() REPRESENTATION_CONTEXT('2D SPACE',''
  ) );
#1995 = ADVANCED_FACE('',(#1996),#1402,.T.);
#1996 = FACE_BOUND('',#1997,.F.);
#1997 = EDGE_LOOP('',(#1998,#1999,#2000,#2001));
#1998 = ORIENTED_EDGE('',*,*,#1441,.F.);
#1999 = ORIENTED_EDGE('',*,*,#1539,.T.);
#2000 = ORIENTED_EDGE('',*,*,#1465,.T.);
#2001 = ORIENTED_EDGE('',*,*,#1381,.F.);
#2002 = ADVANCED_FACE('',(#2003),#1630,.F.);
#2003 = FACE_BOUND('',#2004,.F.);
#2004 = EDGE_LOOP('',(#2005,#2028,#2029,#2052));
#2005 = ORIENTED_EDGE('',*,*,#2006,.T.);
#2006 = EDGE_CURVE('',#2007,#1572,#2009,.T.);
#2007 = VERTEX_POINT('',#2008);
#2008 = CARTESIAN_POINT('',(-76.2,57.150000000004,0.));
#2009 = SURFACE_CURVE('',#2010,(#2014,#2021),.PCURVE_S1.);
#2010 = LINE('',#2011,#2012);
#2011 = CARTESIAN_POINT('',(-76.2,57.150000000004,0.));
#2012 = VECTOR('',#2013,25.4);
#2013 = DIRECTION('',(0.,0.,1.));
#2014 = PCURVE('',#1630,#2015);
#2015 = DEFINITIONAL_REPRESENTATION('',(#2016),#2020);
#2016 = LINE('',#2017,#2018);
#2017 = CARTESIAN_POINT('',(0.,0.));
#2018 = VECTOR('',#2019,1.);
#2019 = DIRECTION('',(0.,-1.));
#2020 = ( GEOMETRIC_REPRESENTATION_CONTEXT(2) 
PARAMETRIC_REPRESENTATION_CONTEXT() REPRESENTATION_CONTEXT('2D SPACE',''
  ) );
#2021 = PCURVE('',#1682,#2022);
#2022 = DEFINITIONAL_REPRESENTATION('',(#2023),#2027);
#2023 = LINE('',#2024,#2025);
#2024 = CARTESIAN_POINT('',(-3.14159265359,0.));
#2025 = VECTOR('',#2026,1.);
#2026 = DIRECTION('',(-0.,-1.));
#2027 = ( GEOMETRIC_REPRESENTATION_CONTEXT(2) 
PARAMETRIC_REPRESENTATION_CONTEXT() REPRESENTATION_CONTEXT('2D SPACE',''
  ) );
#2028 = ORIENTED_EDGE('',*,*,#1616,.T.);
#2029 = ORIENTED_EDGE('',*,*,#2030,.F.);
#2030 = EDGE_CURVE('',#2031,#1595,#2033,.T.);
#2031 = VERTEX_POINT('',#2032);
#2032 = CARTESIAN_POINT('',(-76.2,-57.14999843295,0.));
#2033 = SURFACE_CURVE('',#2034,(#2038,#2045),.PCURVE_S1.);
#2034 = LINE('',#2035,#2036);
#2035 = CARTESIAN_POINT('',(-76.2,-57.14999843295,0.));
#2036 = VECTOR('',#2037,25.4);
#2037 = DIRECTION('',(0.,0.,1.));
#2038 = PCURVE('',#1630,#2039);
#2039 = DEFINITIONAL_REPRESENTATION('',(#2040),#2044);
#2040 = LINE('',#2041,#2042);
#2041 = CARTESIAN_POINT('',(114.29999843295,0.));
#2042 = VECTOR('',#2043,1.);
#2043 = DIRECTION('',(0.,-1.));
#2044 = ( GEOMETRIC_REPRESENTATION_CONTEXT(2) 
PARAMETRIC_REPRESENTATION_CONTEXT() REPRESENTATION_CONTEXT('2D SPACE',''
  ) );
#2045 = PCURVE('',#1717,#2046);
#2046 = DEFINITIONAL_REPRESENTATION('',(#2047),#2051);
#2047 = LINE('',#2048,#2049);
#2048 = CARTESIAN_POINT('',(-3.14159265359,0.));
#2049 = VECTOR('',#2050,1.);
#2050 = DIRECTION('',(-0.,-1.));
#2051 = ( GEOMETRIC_REPRESENTATION_CONTEXT(2) 
PARAMETRIC_REPRESENTATION_CONTEXT() REPRESENTATION_CONTEXT('2D SPACE',''
  ) );
#2052 = ORIENTED_EDGE('',*,*,#2053,.F.);
#2053 = EDGE_CURVE('',#2007,#2031,#2054,.T.);
#2054 = SURFACE_CURVE('',#2055,(#2059,#2066),.PCURVE_S1.);
#2055 = LINE('',#2056,#2057);
#2056 = CARTESIAN_POINT('',(-76.2,63.5,0.));
#2057 = VECTOR('',#2058,25.4);
#2058 = DIRECTION('',(0.,-1.,0.));
#2059 = PCURVE('',#1630,#2060);
#2060 = DEFINITIONAL_REPRESENTATION('',(#2061),#2065);
#2061 = LINE('',#2062,#2063);
#2062 = CARTESIAN_POINT('',(-6.349999999996,0.));
#2063 = VECTOR('',#2064,1.);
#2064 = DIRECTION('',(1.,0.));
#2065 = ( GEOMETRIC_REPRESENTATION_CONTEXT(2) 
PARAMETRIC_REPRESENTATION_CONTEXT() REPRESENTATION_CONTEXT('2D SPACE',''
  ) );
#2066 = PCURVE('',#2067,#2072);
#2067 = PLANE('',#2068);
#2068 = AXIS2_PLACEMENT_3D('',#2069,#2070,#2071);
#2069 = CARTESIAN_POINT('',(-2.109857372875E-08,-1.855412735006E-08,0.)
  );
#2070 = DIRECTION('',(0.,0.,1.));
#2071 = DIRECTION('',(1.,0.,0.));
#2072 = DEFINITIONAL_REPRESENTATION('',(#2073),#2077);
#2073 = LINE('',#2074,#2075);
#2074 = CARTESIAN_POINT('',(-76.1999999789,63.500000018554));
#2075 = VECTOR('',#2076,1.);
#2076 = DIRECTION('',(0.,-1.));
#2077 = ( GEOMETRIC_REPRESENTATION_CONTEXT(2) 
PARAMETRIC_REPRESENTATION_CONTEXT() REPRESENTATION_CONTEXT('2D SPACE',''
  ) );
#2078 = ADVANCED_FACE('',(#2079),#1682,.T.);
#2079 = FACE_BOUND('',#2080,.F.);
#2080 = EDGE_LOOP('',(#2081,#2104,#2105,#2106));
#2081 = ORIENTED_EDGE('',*,*,#2082,.T.);
#2082 = EDGE_CURVE('',#2083,#1646,#2085,.T.);
#2083 = VERTEX_POINT('',#2084);
#2084 = CARTESIAN_POINT('',(-69.85,63.500000000002,0.));
#2085 = SURFACE_CURVE('',#2086,(#2090,#2097),.PCURVE_S1.);
#2086 = LINE('',#2087,#2088);
#2087 = CARTESIAN_POINT('',(-69.85,63.500000000002,0.));
#2088 = VECTOR('',#2089,25.4);
#2089 = DIRECTION('',(0.,0.,1.));
#2090 = PCURVE('',#1682,#2091);
#2091 = DEFINITIONAL_REPRESENTATION('',(#2092),#2096);
#2092 = LINE('',#2093,#2094);
#2093 = CARTESIAN_POINT('',(-1.570796326795,0.));
#2094 = VECTOR('',#2095,1.);
#2095 = DIRECTION('',(-0.,-1.));
#2096 = ( GEOMETRIC_REPRESENTATION_CONTEXT(2) 
PARAMETRIC_REPRESENTATION_CONTEXT() REPRESENTATION_CONTEXT('2D SPACE',''
  ) );
#2097 = PCURVE('',#1791,#2098);
#2098 = DEFINITIONAL_REPRESENTATION('',(#2099),#2103);
#2099 = LINE('',#2100,#2101);
#2100 = CARTESIAN_POINT('',(139.7,0.));
#2101 = VECTOR('',#2102,1.);
#2102 = DIRECTION('',(0.,-1.));
#2103 = ( GEOMETRIC_REPRESENTATION_CONTEXT(2) 
PARAMETRIC_REPRESENTATION_CONTEXT() REPRESENTATION_CONTEXT('2D SPACE',''
  ) );
#2104 = ORIENTED_EDGE('',*,*,#1667,.T.);
#2105 = ORIENTED_EDGE('',*,*,#2006,.F.);
#2106 = ORIENTED_EDGE('',*,*,#2107,.F.);
#2107 = EDGE_CURVE('',#2083,#2007,#2108,.T.);
#2108 = SURFACE_CURVE('',#2109,(#2114,#2121),.PCURVE_S1.);
#2109 = CIRCLE('',#2110,6.35);
#2110 = AXIS2_PLACEMENT_3D('',#2111,#2112,#2113);
#2111 = CARTESIAN_POINT('',(-69.85,57.150000000004,0.));
#2112 = DIRECTION('',(0.,0.,1.));
#2113 = DIRECTION('',(1.,0.,0.));
#2114 = PCURVE('',#1682,#2115);
#2115 = DEFINITIONAL_REPRESENTATION('',(#2116),#2120);
#2116 = LINE('',#2117,#2118);
#2117 = CARTESIAN_POINT('',(-0.,0.));
#2118 = VECTOR('',#2119,1.);
#2119 = DIRECTION('',(-1.,0.));
#2120 = ( GEOMETRIC_REPRESENTATION_CONTEXT(2) 
PARAMETRIC_REPRESENTATION_CONTEXT() REPRESENTATION_CONTEXT('2D SPACE',''
  ) );
#2121 = PCURVE('',#2067,#2122);
#2122 = DEFINITIONAL_REPRESENTATION('',(#2123),#2127);
#2123 = CIRCLE('',#2124,6.35);
#2124 = AXIS2_PLACEMENT_2D('',#2125,#2126);
#2125 = CARTESIAN_POINT('',(-69.8499999789,57.150000018559));
#2126 = DIRECTION('',(1.,0.));
#2127 = ( GEOMETRIC_REPRESENTATION_CONTEXT(2) 
PARAMETRIC_REPRESENTATION_CONTEXT() REPRESENTATION_CONTEXT('2D SPACE',''
  ) );
#2128 = ADVANCED_FACE('',(#2129),#1717,.T.);
#2129 = FACE_BOUND('',#2130,.F.);
#2130 = EDGE_LOOP('',(#2131,#2132,#2133,#2156));
#2131 = ORIENTED_EDGE('',*,*,#2030,.T.);
#2132 = ORIENTED_EDGE('',*,*,#1700,.T.);
#2133 = ORIENTED_EDGE('',*,*,#2134,.F.);
#2134 = EDGE_CURVE('',#2135,#1701,#2137,.T.);
#2135 = VERTEX_POINT('',#2136);
#2136 = CARTESIAN_POINT('',(-69.85,-63.49999921647,0.));
#2137 = SURFACE_CURVE('',#2138,(#2142,#2149),.PCURVE_S1.);
#2138 = LINE('',#2139,#2140);
#2139 = CARTESIAN_POINT('',(-69.85,-63.49999921647,0.));
#2140 = VECTOR('',#2141,25.4);
#2141 = DIRECTION('',(0.,0.,1.));
#2142 = PCURVE('',#1717,#2143);
#2143 = DEFINITIONAL_REPRESENTATION('',(#2144),#2148);
#2144 = LINE('',#2145,#2146);
#2145 = CARTESIAN_POINT('',(-4.712388980385,0.));
#2146 = VECTOR('',#2147,1.);
#2147 = DIRECTION('',(-0.,-1.));
#2148 = ( GEOMETRIC_REPRESENTATION_CONTEXT(2) 
PARAMETRIC_REPRESENTATION_CONTEXT() REPRESENTATION_CONTEXT('2D SPACE',''
  ) );
#2149 = PCURVE('',#1844,#2150);
#2150 = DEFINITIONAL_REPRESENTATION('',(#2151),#2155);
#2151 = LINE('',#2152,#2153);
#2152 = CARTESIAN_POINT('',(0.,0.));
#2153 = VECTOR('',#2154,1.);
#2154 = DIRECTION('',(0.,-1.));
#2155 = ( GEOMETRIC_REPRESENTATION_CONTEXT(2) 
PARAMETRIC_REPRESENTATION_CONTEXT() REPRESENTATION_CONTEXT('2D SPACE',''
  ) );
#2156 = ORIENTED_EDGE('',*,*,#2157,.F.);
#2157 = EDGE_CURVE('',#2031,#2135,#2158,.T.);
#2158 = SURFACE_CURVE('',#2159,(#2164,#2171),.PCURVE_S1.);
#2159 = CIRCLE('',#2160,6.35);
#2160 = AXIS2_PLACEMENT_3D('',#2161,#2162,#2163);
#2161 = CARTESIAN_POINT('',(-69.85,-57.14999843295,0.));
#2162 = DIRECTION('',(0.,0.,1.));
#2163 = DIRECTION('',(1.,0.,0.));
#2164 = PCURVE('',#1717,#2165);
#2165 = DEFINITIONAL_REPRESENTATION('',(#2166),#2170);
#2166 = LINE('',#2167,#2168);
#2167 = CARTESIAN_POINT('',(-0.,0.));
#2168 = VECTOR('',#2169,1.);
#2169 = DIRECTION('',(-1.,0.));
#2170 = ( GEOMETRIC_REPRESENTATION_CONTEXT(2) 
PARAMETRIC_REPRESENTATION_CONTEXT() REPRESENTATION_CONTEXT('2D SPACE',''
  ) );
#2171 = PCURVE('',#2067,#2172);
#2172 = DEFINITIONAL_REPRESENTATION('',(#2173),#2177);
#2173 = CIRCLE('',#2174,6.35);
#2174 = AXIS2_PLACEMENT_2D('',#2175,#2176);
#2175 = CARTESIAN_POINT('',(-69.8499999789,-57.14999841439));
#2176 = DIRECTION('',(1.,0.));
#2177 = ( GEOMETRIC_REPRESENTATION_CONTEXT(2) 
PARAMETRIC_REPRESENTATION_CONTEXT() REPRESENTATION_CONTEXT('2D SPACE',''
  ) );
#2178 = ADVANCED_FACE('',(#2179),#1791,.F.);
#2179 = FACE_BOUND('',#2180,.F.);
#2180 = EDGE_LOOP('',(#2181,#2204,#2205,#2206));
#2181 = ORIENTED_EDGE('',*,*,#2182,.T.);
#2182 = EDGE_CURVE('',#2183,#1754,#2185,.T.);
#2183 = VERTEX_POINT('',#2184);
#2184 = CARTESIAN_POINT('',(69.85,63.499999140687,0.));
#2185 = SURFACE_CURVE('',#2186,(#2190,#2197),.PCURVE_S1.);
#2186 = LINE('',#2187,#2188);
#2187 = CARTESIAN_POINT('',(69.85,63.499999140687,0.));
#2188 = VECTOR('',#2189,25.4);
#2189 = DIRECTION('',(0.,0.,1.));
#2190 = PCURVE('',#1791,#2191);
#2191 = DEFINITIONAL_REPRESENTATION('',(#2192),#2196);
#2192 = LINE('',#2193,#2194);
#2193 = CARTESIAN_POINT('',(0.,-0.));
#2194 = VECTOR('',#2195,1.);
#2195 = DIRECTION('',(0.,-1.));
#2196 = ( GEOMETRIC_REPRESENTATION_CONTEXT(2) 
PARAMETRIC_REPRESENTATION_CONTEXT() REPRESENTATION_CONTEXT('2D SPACE',''
  ) );
#2197 = PCURVE('',#1896,#2198);
#2198 = DEFINITIONAL_REPRESENTATION('',(#2199),#2203);
#2199 = LINE('',#2200,#2201);
#2200 = CARTESIAN_POINT('',(-1.570796326795,0.));
#2201 = VECTOR('',#2202,1.);
#2202 = DIRECTION('',(-0.,-1.));
#2203 = ( GEOMETRIC_REPRESENTATION_CONTEXT(2) 
PARAMETRIC_REPRESENTATION_CONTEXT() REPRESENTATION_CONTEXT('2D SPACE',''
  ) );
#2204 = ORIENTED_EDGE('',*,*,#1777,.T.);
#2205 = ORIENTED_EDGE('',*,*,#2082,.F.);
#2206 = ORIENTED_EDGE('',*,*,#2207,.F.);
#2207 = EDGE_CURVE('',#2183,#2083,#2208,.T.);
#2208 = SURFACE_CURVE('',#2209,(#2213,#2220),.PCURVE_S1.);
#2209 = LINE('',#2210,#2211);
#2210 = CARTESIAN_POINT('',(76.2,63.5,0.));
#2211 = VECTOR('',#2212,25.4);
#2212 = DIRECTION('',(-1.,0.,0.));
#2213 = PCURVE('',#1791,#2214);
#2214 = DEFINITIONAL_REPRESENTATION('',(#2215),#2219);
#2215 = LINE('',#2216,#2217);
#2216 = CARTESIAN_POINT('',(-6.35,-0.));
#2217 = VECTOR('',#2218,1.);
#2218 = DIRECTION('',(1.,0.));
#2219 = ( GEOMETRIC_REPRESENTATION_CONTEXT(2) 
PARAMETRIC_REPRESENTATION_CONTEXT() REPRESENTATION_CONTEXT('2D SPACE',''
  ) );
#2220 = PCURVE('',#2067,#2221);
#2221 = DEFINITIONAL_REPRESENTATION('',(#2222),#2226);
#2222 = LINE('',#2223,#2224);
#2223 = CARTESIAN_POINT('',(76.200000021099,63.500000018554));
#2224 = VECTOR('',#2225,1.);
#2225 = DIRECTION('',(-1.,0.));
#2226 = ( GEOMETRIC_REPRESENTATION_CONTEXT(2) 
PARAMETRIC_REPRESENTATION_CONTEXT() REPRESENTATION_CONTEXT('2D SPACE',''
  ) );
#2227 = ADVANCED_FACE('',(#2228),#1844,.F.);
#2228 = FACE_BOUND('',#2229,.F.);
#2229 = EDGE_LOOP('',(#2230,#2231,#2232,#2255));
#2230 = ORIENTED_EDGE('',*,*,#2134,.T.);
#2231 = ORIENTED_EDGE('',*,*,#1830,.T.);
#2232 = ORIENTED_EDGE('',*,*,#2233,.F.);
#2233 = EDGE_CURVE('',#2234,#1809,#2236,.T.);
#2234 = VERTEX_POINT('',#2235);
#2235 = CARTESIAN_POINT('',(69.85,-63.5,0.));
#2236 = SURFACE_CURVE('',#2237,(#2241,#2248),.PCURVE_S1.);
#2237 = LINE('',#2238,#2239);
#2238 = CARTESIAN_POINT('',(69.85,-63.5,0.));
#2239 = VECTOR('',#2240,25.4);
#2240 = DIRECTION('',(0.,0.,1.));
#2241 = PCURVE('',#1844,#2242);
#2242 = DEFINITIONAL_REPRESENTATION('',(#2243),#2247);
#2243 = LINE('',#2244,#2245);
#2244 = CARTESIAN_POINT('',(139.7,0.));
#2245 = VECTOR('',#2246,1.);
#2246 = DIRECTION('',(0.,-1.));
#2247 = ( GEOMETRIC_REPRESENTATION_CONTEXT(2) 
PARAMETRIC_REPRESENTATION_CONTEXT() REPRESENTATION_CONTEXT('2D SPACE',''
  ) );
#2248 = PCURVE('',#1931,#2249);
#2249 = DEFINITIONAL_REPRESENTATION('',(#2250),#2254);
#2250 = LINE('',#2251,#2252);
#2251 = CARTESIAN_POINT('',(-4.712388980385,0.));
#2252 = VECTOR('',#2253,1.);
#2253 = DIRECTION('',(-0.,-1.));
#2254 = ( GEOMETRIC_REPRESENTATION_CONTEXT(2) 
PARAMETRIC_REPRESENTATION_CONTEXT() REPRESENTATION_CONTEXT('2D SPACE',''
  ) );
#2255 = ORIENTED_EDGE('',*,*,#2256,.F.);
#2256 = EDGE_CURVE('',#2135,#2234,#2257,.T.);
#2257 = SURFACE_CURVE('',#2258,(#2262,#2269),.PCURVE_S1.);
#2258 = LINE('',#2259,#2260);
#2259 = CARTESIAN_POINT('',(-76.2,-63.5,0.));
#2260 = VECTOR('',#2261,25.4);
#2261 = DIRECTION('',(1.,0.,0.));
#2262 = PCURVE('',#1844,#2263);
#2263 = DEFINITIONAL_REPRESENTATION('',(#2264),#2268);
#2264 = LINE('',#2265,#2266);
#2265 = CARTESIAN_POINT('',(-6.35,0.));
#2266 = VECTOR('',#2267,1.);
#2267 = DIRECTION('',(1.,0.));
#2268 = ( GEOMETRIC_REPRESENTATION_CONTEXT(2) 
PARAMETRIC_REPRESENTATION_CONTEXT() REPRESENTATION_CONTEXT('2D SPACE',''
  ) );
#2269 = PCURVE('',#2067,#2270);
#2270 = DEFINITIONAL_REPRESENTATION('',(#2271),#2275);
#2271 = LINE('',#2272,#2273);
#2272 = CARTESIAN_POINT('',(-76.1999999789,-63.49999998144));
#2273 = VECTOR('',#2274,1.);
#2274 = DIRECTION('',(1.,0.));
#2275 = ( GEOMETRIC_REPRESENTATION_CONTEXT(2) 
PARAMETRIC_REPRESENTATION_CONTEXT() REPRESENTATION_CONTEXT('2D SPACE',''
  ) );
#2276 = ADVANCED_FACE('',(#2277),#1896,.T.);
#2277 = FACE_BOUND('',#2278,.F.);
#2278 = EDGE_LOOP('',(#2279,#2302,#2303,#2304));
#2279 = ORIENTED_EDGE('',*,*,#2280,.T.);
#2280 = EDGE_CURVE('',#2281,#1860,#2283,.T.);
#2281 = VERTEX_POINT('',#2282);
#2282 = CARTESIAN_POINT('',(76.2,57.149998281373,0.));
#2283 = SURFACE_CURVE('',#2284,(#2288,#2295),.PCURVE_S1.);
#2284 = LINE('',#2285,#2286);
#2285 = CARTESIAN_POINT('',(76.2,57.149998281373,0.));
#2286 = VECTOR('',#2287,25.4);
#2287 = DIRECTION('',(0.,0.,1.));
#2288 = PCURVE('',#1896,#2289);
#2289 = DEFINITIONAL_REPRESENTATION('',(#2290),#2294);
#2290 = LINE('',#2291,#2292);
#2291 = CARTESIAN_POINT('',(-0.,0.));
#2292 = VECTOR('',#2293,1.);
#2293 = DIRECTION('',(-0.,-1.));
#2294 = ( GEOMETRIC_REPRESENTATION_CONTEXT(2) 
PARAMETRIC_REPRESENTATION_CONTEXT() REPRESENTATION_CONTEXT('2D SPACE',''
  ) );
#2295 = PCURVE('',#1984,#2296);
#2296 = DEFINITIONAL_REPRESENTATION('',(#2297),#2301);
#2297 = LINE('',#2298,#2299);
#2298 = CARTESIAN_POINT('',(114.29999828137,0.));
#2299 = VECTOR('',#2300,1.);
#2300 = DIRECTION('',(0.,-1.));
#2301 = ( GEOMETRIC_REPRESENTATION_CONTEXT(2) 
PARAMETRIC_REPRESENTATION_CONTEXT() REPRESENTATION_CONTEXT('2D SPACE',''
  ) );
#2302 = ORIENTED_EDGE('',*,*,#1881,.T.);
#2303 = ORIENTED_EDGE('',*,*,#2182,.F.);
#2304 = ORIENTED_EDGE('',*,*,#2305,.F.);
#2305 = EDGE_CURVE('',#2281,#2183,#2306,.T.);
#2306 = SURFACE_CURVE('',#2307,(#2312,#2319),.PCURVE_S1.);
#2307 = CIRCLE('',#2308,6.35);
#2308 = AXIS2_PLACEMENT_3D('',#2309,#2310,#2311);
#2309 = CARTESIAN_POINT('',(69.85,57.149998281373,0.));
#2310 = DIRECTION('',(0.,0.,1.));
#2311 = DIRECTION('',(1.,0.,0.));
#2312 = PCURVE('',#1896,#2313);
#2313 = DEFINITIONAL_REPRESENTATION('',(#2314),#2318);
#2314 = LINE('',#2315,#2316);
#2315 = CARTESIAN_POINT('',(-0.,0.));
#2316 = VECTOR('',#2317,1.);
#2317 = DIRECTION('',(-1.,0.));
#2318 = ( GEOMETRIC_REPRESENTATION_CONTEXT(2) 
PARAMETRIC_REPRESENTATION_CONTEXT() REPRESENTATION_CONTEXT('2D SPACE',''
  ) );
#2319 = PCURVE('',#2067,#2320);
#2320 = DEFINITIONAL_REPRESENTATION('',(#2321),#2325);
#2321 = CIRCLE('',#2322,6.35);
#2322 = AXIS2_PLACEMENT_2D('',#2323,#2324);
#2323 = CARTESIAN_POINT('',(69.850000021099,57.149998299927));
#2324 = DIRECTION('',(1.,0.));
#2325 = ( GEOMETRIC_REPRESENTATION_CONTEXT(2) 
PARAMETRIC_REPRESENTATION_CONTEXT() REPRESENTATION_CONTEXT('2D SPACE',''
  ) );
#2326 = ADVANCED_FACE('',(#2327),#1931,.T.);
#2327 = FACE_BOUND('',#2328,.F.);
#2328 = EDGE_LOOP('',(#2329,#2330,#2331,#2354));
#2329 = ORIENTED_EDGE('',*,*,#2233,.T.);
#2330 = ORIENTED_EDGE('',*,*,#1914,.T.);
#2331 = ORIENTED_EDGE('',*,*,#2332,.F.);
#2332 = EDGE_CURVE('',#2333,#1915,#2335,.T.);
#2333 = VERTEX_POINT('',#2334);
#2334 = CARTESIAN_POINT('',(76.2,-57.15,0.));
#2335 = SURFACE_CURVE('',#2336,(#2340,#2347),.PCURVE_S1.);
#2336 = LINE('',#2337,#2338);
#2337 = CARTESIAN_POINT('',(76.2,-57.15,0.));
#2338 = VECTOR('',#2339,25.4);
#2339 = DIRECTION('',(0.,0.,1.));
#2340 = PCURVE('',#1931,#2341);
#2341 = DEFINITIONAL_REPRESENTATION('',(#2342),#2346);
#2342 = LINE('',#2343,#2344);
#2343 = CARTESIAN_POINT('',(-6.28318530718,0.));
#2344 = VECTOR('',#2345,1.);
#2345 = DIRECTION('',(-0.,-1.));
#2346 = ( GEOMETRIC_REPRESENTATION_CONTEXT(2) 
PARAMETRIC_REPRESENTATION_CONTEXT() REPRESENTATION_CONTEXT('2D SPACE',''
  ) );
#2347 = PCURVE('',#1984,#2348);
#2348 = DEFINITIONAL_REPRESENTATION('',(#2349),#2353);
#2349 = LINE('',#2350,#2351);
#2350 = CARTESIAN_POINT('',(0.,0.));
#2351 = VECTOR('',#2352,1.);
#2352 = DIRECTION('',(0.,-1.));
#2353 = ( GEOMETRIC_REPRESENTATION_CONTEXT(2) 
PARAMETRIC_REPRESENTATION_CONTEXT() REPRESENTATION_CONTEXT('2D SPACE',''
  ) );
#2354 = ORIENTED_EDGE('',*,*,#2355,.F.);
#2355 = EDGE_CURVE('',#2234,#2333,#2356,.T.);
#2356 = SURFACE_CURVE('',#2357,(#2362,#2369),.PCURVE_S1.);
#2357 = CIRCLE('',#2358,6.35);
#2358 = AXIS2_PLACEMENT_3D('',#2359,#2360,#2361);
#2359 = CARTESIAN_POINT('',(69.85,-57.15,0.));
#2360 = DIRECTION('',(0.,0.,1.));
#2361 = DIRECTION('',(1.,0.,0.));
#2362 = PCURVE('',#1931,#2363);
#2363 = DEFINITIONAL_REPRESENTATION('',(#2364),#2368);
#2364 = LINE('',#2365,#2366);
#2365 = CARTESIAN_POINT('',(-0.,0.));
#2366 = VECTOR('',#2367,1.);
#2367 = DIRECTION('',(-1.,0.));
#2368 = ( GEOMETRIC_REPRESENTATION_CONTEXT(2) 
PARAMETRIC_REPRESENTATION_CONTEXT() REPRESENTATION_CONTEXT('2D SPACE',''
  ) );
#2369 = PCURVE('',#2067,#2370);
#2370 = DEFINITIONAL_REPRESENTATION('',(#2371),#2375);
#2371 = CIRCLE('',#2372,6.35);
#2372 = AXIS2_PLACEMENT_2D('',#2373,#2374);
#2373 = CARTESIAN_POINT('',(69.850000021099,-57.14999998145));
#2374 = DIRECTION('',(1.,0.));
#2375 = ( GEOMETRIC_REPRESENTATION_CONTEXT(2) 
PARAMETRIC_REPRESENTATION_CONTEXT() REPRESENTATION_CONTEXT('2D SPACE',''
  ) );
#2376 = ADVANCED_FACE('',(#2377),#1984,.F.);
#2377 = FACE_BOUND('',#2378,.F.);
#2378 = EDGE_LOOP('',(#2379,#2380,#2381,#2382));
#2379 = ORIENTED_EDGE('',*,*,#2332,.T.);
#2380 = ORIENTED_EDGE('',*,*,#1970,.T.);
#2381 = ORIENTED_EDGE('',*,*,#2280,.F.);
#2382 = ORIENTED_EDGE('',*,*,#2383,.F.);
#2383 = EDGE_CURVE('',#2333,#2281,#2384,.T.);
#2384 = SURFACE_CURVE('',#2385,(#2389,#2396),.PCURVE_S1.);
#2385 = LINE('',#2386,#2387);
#2386 = CARTESIAN_POINT('',(76.2,-63.5,0.));
#2387 = VECTOR('',#2388,25.4);
#2388 = DIRECTION('',(0.,1.,0.));
#2389 = PCURVE('',#1984,#2390);
#2390 = DEFINITIONAL_REPRESENTATION('',(#2391),#2395);
#2391 = LINE('',#2392,#2393);
#2392 = CARTESIAN_POINT('',(-6.349999999996,0.));
#2393 = VECTOR('',#2394,1.);
#2394 = DIRECTION('',(1.,0.));
#2395 = ( GEOMETRIC_REPRESENTATION_CONTEXT(2) 
PARAMETRIC_REPRESENTATION_CONTEXT() REPRESENTATION_CONTEXT('2D SPACE',''
  ) );
#2396 = PCURVE('',#2067,#2397);
#2397 = DEFINITIONAL_REPRESENTATION('',(#2398),#2402);
#2398 = LINE('',#2399,#2400);
#2399 = CARTESIAN_POINT('',(76.200000021099,-63.49999998144));
#2400 = VECTOR('',#2401,1.);
#2401 = DIRECTION('',(0.,1.));
#2402 = ( GEOMETRIC_REPRESENTATION_CONTEXT(2) 
PARAMETRIC_REPRESENTATION_CONTEXT() REPRESENTATION_CONTEXT('2D SPACE',''
  ) );
#2403 = ADVANCED_FACE('',(#2404),#2067,.F.);
#2404 = FACE_BOUND('',#2405,.F.);
#2405 = EDGE_LOOP('',(#2406,#2407,#2408,#2409,#2410,#2411,#2412,#2413));
#2406 = ORIENTED_EDGE('',*,*,#2053,.T.);
#2407 = ORIENTED_EDGE('',*,*,#2157,.T.);
#2408 = ORIENTED_EDGE('',*,*,#2256,.T.);
#2409 = ORIENTED_EDGE('',*,*,#2355,.T.);
#2410 = ORIENTED_EDGE('',*,*,#2383,.T.);
#2411 = ORIENTED_EDGE('',*,*,#2305,.T.);
#2412 = ORIENTED_EDGE('',*,*,#2207,.T.);
#2413 = ORIENTED_EDGE('',*,*,#2107,.T.);
#2414 = ( GEOMETRIC_REPRESENTATION_CONTEXT(3) 
GLOBAL_UNCERTAINTY_ASSIGNED_CONTEXT((#2418)) 
GLOBAL_UNIT_ASSIGNED_CONTEXT((#2415,#2416,#2417)) REPRESENTATION_CONTEXT
('Context #1','3D Context with UNIT and UNCERTAINTY') );
#2415 = ( LENGTH_UNIT() NAMED_UNIT(*) SI_UNIT(.MILLI.,.METRE.) );
#2416 = ( NAMED_UNIT(*) PLANE_ANGLE_UNIT() SI_UNIT($,.RADIAN.) );
#2417 = ( NAMED_UNIT(*) SI_UNIT($,.STERADIAN.) SOLID_ANGLE_UNIT() );
#2418 = UNCERTAINTY_MEASURE_WITH_UNIT(LENGTH_MEASURE(1.27E-03),#2415,
  'distance_accuracy_value','confusion accuracy');
#2419 = PRODUCT_RELATED_PRODUCT_CATEGORY('part',$,(#7));
ENDSEC;
END-ISO-10303-21;
