ISO-10303-21;
HEADER;
FILE_DESCRIPTION(('Open CASCADE Model'),'2;1');
FILE_NAME('Open CASCADE Shape Model','2026-09-07T16:50:38',('Author'),(
    'Open CASCADE'),'Open CASCADE STEP processor 7.9','build123d',
  'Unknown');
FILE_SCHEMA(('AUTOMOTIVE_DESIGN { 1 0 10303 214 1 1 1 1 }'));
ENDSEC;
DATA;
#1 = APPLICATION_PROTOCOL_DEFINITION('international standard',
  'automotive_design',2000,#2);
#2 = APPLICATION_CONTEXT(
  'core data for automotive mechanical design processes');
#3 = SHAPE_DEFINITION_REPRESENTATION(#4,#10);
#4 = PRODUCT_DEFINITION_SHAPE('','',#5);
#5 = PRODUCT_DEFINITION('design','',#6,#9);
#6 = PRODUCT_DEFINITION_FORMATION('','',#7);
#7 = PRODUCT('SOLID','SOLID','',(#8));
#8 = PRODUCT_CONTEXT('',#2,'mechanical');
#9 = PRODUCT_DEFINITION_CONTEXT('part definition',#2,'design');
#10 = ADVANCED_BREP_SHAPE_REPRESENTATION('',(#11,#15),#4470);
#11 = AXIS2_PLACEMENT_3D('',#12,#13,#14);
#12 = CARTESIAN_POINT('',(0.,0.,0.));
#13 = DIRECTION('',(0.,0.,1.));
#14 = DIRECTION('',(1.,0.,-0.));
#15 = MANIFOLD_SOLID_BREP('',#16);
#16 = CLOSED_SHELL('',(#17,#785,#991,#1188,#1391,#1440,#1636,#1782,#1883
    ,#1959,#2060,#2135,#2184,#2233,#2310,#2367,#2419,#2837,#2918,#2964,
    #3013,#3020,#3069,#3154,#3204,#3285,#3311,#3337,#3393,#3420,#3494,
    #3501,#3528,#3555,#3629,#3683,#3737,#3790,#3843,#3897,#3951,#3983,
    #4030,#4037,#4044,#4051,#4058,#4134,#4184,#4234,#4283,#4332,#4382,
    #4432,#4459));
#17 = ADVANCED_FACE('',(#18),#32,.T.);
#18 = FACE_BOUND('',#19,.T.);
#19 = EDGE_LOOP('',(#20,#53,#216,#239,#267,#293,#372,#407,#504,#530,#551
    ,#552,#636,#662,#708,#741));
#20 = ORIENTED_EDGE('',*,*,#21,.F.);
#21 = EDGE_CURVE('',#22,#24,#26,.T.);
#22 = VERTEX_POINT('',#23);
#23 = CARTESIAN_POINT('',(-6.35,-84.58304125771,16.594343190147));
#24 = VERTEX_POINT('',#25);
#25 = CARTESIAN_POINT('',(-6.35,-84.11106715856,21.990856638618));
#26 = SURFACE_CURVE('',#27,(#31,#42),.PCURVE_S1.);
#27 = LINE('',#28,#29);
#28 = CARTESIAN_POINT('',(-6.35,-85.82898077497,2.355014151441));
#29 = VECTOR('',#30,25.4);
#30 = DIRECTION('',(0.,8.715574274766E-02,0.996194698092));
#31 = PCURVE('',#32,#37);
#32 = CYLINDRICAL_SURFACE('',#33,12.7);
#33 = AXIS2_PLACEMENT_3D('',#34,#35,#36);
#34 = CARTESIAN_POINT('',(0.,-96.78565070389,3.313598560216));
#35 = DIRECTION('',(0.,8.715574274766E-02,0.996194698092));
#36 = DIRECTION('',(1.,0.,0.));
#37 = DEFINITIONAL_REPRESENTATION('',(#38),#41);
#38 = B_SPLINE_CURVE_WITH_KNOTS('',1,(#39,#40),.UNSPECIFIED.,.F.,.F.,(2,
    2),(0.419383821068,0.942064424238),.PIECEWISE_BEZIER_KNOTS.);
#39 = CARTESIAN_POINT('',(2.094395102393,10.652349055127));
#40 = CARTESIAN_POINT('',(2.094395102393,23.928436375636));
#41 = ( GEOMETRIC_REPRESENTATION_CONTEXT(2) 
PARAMETRIC_REPRESENTATION_CONTEXT() REPRESENTATION_CONTEXT('2D SPACE',''
  ) );
#42 = PCURVE('',#43,#48);
#43 = PLANE('',#44);
#44 = AXIS2_PLACEMENT_3D('',#45,#46,#47);
#45 = CARTESIAN_POINT('',(-6.35,-32.43460888149,11.227193862134));
#46 = DIRECTION('',(1.,0.,0.));
#47 = DIRECTION('',(0.,1.,0.));
#48 = DEFINITIONAL_REPRESENTATION('',(#49),#52);
#49 = B_SPLINE_CURVE_WITH_KNOTS('',1,(#50,#51),.UNSPECIFIED.,.F.,.F.,(2,
    2),(0.419383821068,0.942064424238),.PIECEWISE_BEZIER_KNOTS.);
#50 = CARTESIAN_POINT('',(-52.46595849957,1.739633940247));
#51 = CARTESIAN_POINT('',(-51.30887124837,14.965201740341));
#52 = ( GEOMETRIC_REPRESENTATION_CONTEXT(2) 
PARAMETRIC_REPRESENTATION_CONTEXT() REPRESENTATION_CONTEXT('2D SPACE',''
  ) );
#53 = ORIENTED_EDGE('',*,*,#54,.T.);
#54 = EDGE_CURVE('',#22,#55,#57,.T.);
#55 = VERTEX_POINT('',#56);
#56 = CARTESIAN_POINT('',(12.7,-95.68667047991,15.875));
#57 = SURFACE_CURVE('',#58,(#85,#131),.PCURVE_S1.);
#58 = ( BOUNDED_CURVE() B_SPLINE_CURVE(9,(#59,#60,#61,#62,#63,#64,#65,
    #66,#67,#68,#69,#70,#71,#72,#73,#74,#75,#76,#77,#78,#79,#80,#81,#82,
#83,#84),.UNSPECIFIED.,.T.,.F.) B_SPLINE_CURVE_WITH_KNOTS((10,8,8,10),(
    3.313382892989E-02,1.590364765382,3.147595701834,3.180729530764),
.UNSPECIFIED.) CURVE() GEOMETRIC_REPRESENTATION_ITEM() 
RATIONAL_B_SPLINE_CURVE((1.,1.,1.,1.,1.,1.,1.,1.,1.,1.,1.,1.,1.,1.,1.,1.
,1.,1.,1.,1.,1.,1.,1.,1.,1.,1.)) REPRESENTATION_ITEM('') );
#59 = CARTESIAN_POINT('',(12.7,-95.68667047991,15.875));
#60 = CARTESIAN_POINT('',(12.7,-91.31692053447,16.158533607772));
#61 = CARTESIAN_POINT('',(11.041214208681,-86.76574566986,
    16.453695383738));
#62 = CARTESIAN_POINT('',(7.484892929628,-82.85054759719,16.708186312063
    ));
#63 = CARTESIAN_POINT('',(2.292454976485,-80.36925043737,16.864382424607
    ));
#64 = CARTESIAN_POINT('',(-3.935799862851,-80.79466845233,
    16.838267248928));
#65 = CARTESIAN_POINT('',(-8.70228335369,-83.73879716892,16.650679540637
    ));
#66 = CARTESIAN_POINT('',(-11.83405033937,-87.91551624261,
    16.379216511938));
#67 = CARTESIAN_POINT('',(-13.0645872106,-92.56672219276,16.077419711612
    ));
#68 = CARTESIAN_POINT('',(-12.21381157924,-101.3127770553,
    15.509971606789));
#69 = CARTESIAN_POINT('',(-10.13058570081,-105.4120862077,
    15.244175367264));
#70 = CARTESIAN_POINT('',(-6.58877999049,-108.5326808922,15.042471426253
    ));
#71 = CARTESIAN_POINT('',(-2.153103911201,-110.1418253861,
    14.939998374511));
#72 = CARTESIAN_POINT('',(2.587655138553,-110.0874620845,14.943443603886
    ));
#73 = CARTESIAN_POINT('',(7.022688746483,-108.3365534548,15.055044043615
    ));
#74 = CARTESIAN_POINT('',(10.485623320288,-105.0407984612,
    15.268193468565));
#75 = CARTESIAN_POINT('',(12.393759186567,-100.850423748,15.539958807506
    ));
#76 = CARTESIAN_POINT('',(12.679091008268,-96.42785983228,
    15.826908108281));
#77 = CARTESIAN_POINT('',(12.68430112716,-96.3355898535,15.83289491178)
  );
#78 = CARTESIAN_POINT('',(12.68877428437,-96.24319726829,15.838889713506
    ));
#79 = CARTESIAN_POINT('',(12.692508032894,-96.15068928124,
    15.844892040481));
#80 = CARTESIAN_POINT('',(12.695499925725,-96.05807309697,
    15.850901419734));
#81 = CARTESIAN_POINT('',(12.697747515856,-95.96535592009,
    15.856917378286));
#82 = CARTESIAN_POINT('',(12.699248356284,-95.87254495521,
    15.862939443165));
#83 = CARTESIAN_POINT('',(12.7,-95.77964740695,15.868967141394));
#84 = CARTESIAN_POINT('',(12.7,-95.68667047991,15.875));
#85 = PCURVE('',#32,#86);
#86 = DEFINITIONAL_REPRESENTATION('',(#87),#130);
#87 = B_SPLINE_CURVE_WITH_KNOTS('',11,(#88,#89,#90,#91,#92,#93,#94,#95,
    #96,#97,#98,#99,#100,#101,#102,#103,#104,#105,#106,#107,#108,#109,
    #110,#111,#112,#113,#114,#115,#116,#117,#118,#119,#120,#121,#122,
    #123,#124,#125,#126,#127,#128,#129),.UNSPECIFIED.,.F.,.F.,(12,10,10,
    10,12),(3.313382892989E-02,1.606931679847,2.393830605305,
    2.787280068035,3.180729530764),.UNSPECIFIED.);
#88 = CARTESIAN_POINT('',(2.108056948522E-14,12.6093839526));
#89 = CARTESIAN_POINT('',(0.281819107121,13.157860452345));
#90 = CARTESIAN_POINT('',(0.57292308809,13.725067767171));
#91 = CARTESIAN_POINT('',(0.871155570477,14.243594010936));
#92 = CARTESIAN_POINT('',(1.177257570301,14.654256644258));
#93 = CARTESIAN_POINT('',(1.486906529684,14.855371490142));
#94 = CARTESIAN_POINT('',(1.797507478658,14.79945806401));
#95 = CARTESIAN_POINT('',(2.10541161853,14.503820777694));
#96 = CARTESIAN_POINT('',(2.406481140666,14.033527547313));
#97 = CARTESIAN_POINT('',(2.701055751075,13.48114245416));
#98 = CARTESIAN_POINT('',(2.989458936176,12.901465794468));
#99 = CARTESIAN_POINT('',(3.413665404763,12.082969395251));
#100 = CARTESIAN_POINT('',(3.553677464804,11.818370422642));
#101 = CARTESIAN_POINT('',(3.692402357791,11.569135434333));
#102 = CARTESIAN_POINT('',(3.829971796345,11.341417113761));
#103 = CARTESIAN_POINT('',(3.966541176452,11.140406283817));
#104 = CARTESIAN_POINT('',(4.102284477304,10.970348186376));
#105 = CARTESIAN_POINT('',(4.237389161152,10.83455876231));
#106 = CARTESIAN_POINT('',(4.372051073142,10.735440930925));
#107 = CARTESIAN_POINT('',(4.506469341164,10.674500869958));
#108 = CARTESIAN_POINT('',(4.640841275697,10.652364295127));
#109 = CARTESIAN_POINT('',(4.842615266628,10.677006962391));
#110 = CARTESIAN_POINT('',(4.909905684217,10.694856966411));
#111 = CARTESIAN_POINT('',(4.977253142108,10.722323883052));
#112 = CARTESIAN_POINT('',(5.044680281515,10.759325997405));
#113 = CARTESIAN_POINT('',(5.112207765119,10.80571874853));
#114 = CARTESIAN_POINT('',(5.179854277157,10.86129472962));
#115 = CARTESIAN_POINT('',(5.24763652331,10.925783687794));
#116 = CARTESIAN_POINT('',(5.315569230819,10.998852524303));
#117 = CARTESIAN_POINT('',(5.383665148386,11.080105294364));
#118 = CARTESIAN_POINT('',(5.451935046242,11.169083207272));
#119 = CARTESIAN_POINT('',(5.588840385982,11.361446045401));
#120 = CARTESIAN_POINT('',(5.657540971825,11.464952887952));
#121 = CARTESIAN_POINT('',(5.725902070927,11.574097031796));
#122 = CARTESIAN_POINT('',(5.796433115956,11.69315538764));
#123 = CARTESIAN_POINT('',(5.862467997101,11.80848587278));
#124 = CARTESIAN_POINT('',(5.936315631312,11.9433151138));
#125 = CARTESIAN_POINT('',(6.001485389719,12.06476256822));
#126 = CARTESIAN_POINT('',(6.074054692492,12.203287986484));
#127 = CARTESIAN_POINT('',(6.142892670746,12.336349056963));
#128 = CARTESIAN_POINT('',(6.212730530399,12.472264827664));
#129 = CARTESIAN_POINT('',(6.28318530718,12.6093839526));
#130 = ( GEOMETRIC_REPRESENTATION_CONTEXT(2) 
PARAMETRIC_REPRESENTATION_CONTEXT() REPRESENTATION_CONTEXT('2D SPACE',''
  ) );
#131 = PCURVE('',#132,#211);
#132 = ( BOUNDED_SURFACE() B_SPLINE_SURFACE(2,9,(
    (#133,#134,#135,#136,#137,#138,#139,#140,#141,#142,#143,#144,#145
      ,#146,#147,#148,#149,#150,#151,#152,#153,#154,#155,#156,#157,#158)
    ,(#159,#160,#161,#162,#163,#164,#165,#166,#167,#168,#169,#170,#171
      ,#172,#173,#174,#175,#176,#177,#178,#179,#180,#181,#182,#183,#184)
    ,(#185,#186,#187,#188,#189,#190,#191,#192,#193,#194,#195,#196,#197
      ,#198,#199,#200,#201,#202,#203,#204,#205,#206,#207,#208,#209,#210
)),.UNSPECIFIED.,.F.,.T.,.F.) B_SPLINE_SURFACE_WITH_KNOTS((3,3),(1,9,8,8
    ,9,1),(0.,3.147595701834),(1.15463194561E-14,3.313382892989E-02,
    1.590364765382,3.147595701834,3.180729530764,4.737960467216),
.UNSPECIFIED.) GEOMETRIC_REPRESENTATION_ITEM() RATIONAL_B_SPLINE_SURFACE
((
    (1.,1.,1.,1.,1.,1.,1.,1.,1.,1.,1.,1.,1.,1.,1.,1.,1.,1.,1.,1.,1.,1.
      ,1.,1.,1.,1.)
    ,(0.707106781187,0.696582448549,0.685442070202,0.67566016235
      ,0.669237896581,0.670348040211,0.677904952497,0.688295976594
      ,0.699631520922,0.720605000787,0.730255082273,0.737407258094
      ,0.740967437952,0.74084810484,0.73696682832,0.729399479505
      ,0.719510680023,0.708889665404,0.708667994713,0.70844594981
      ,0.708223547825,0.708000805886,0.707777741124,0.707554370667
      ,0.707330711645,0.707106781187)
    ,(1.,1.,1.,1.,1.,1.,1.,1.,1.,1.,1.,1.,1.,1.,1.,1.,1.,1.,1.,1.,1.,1.
,1.,1.,1.,1.))) REPRESENTATION_ITEM('') SURFACE() );
#133 = CARTESIAN_POINT('',(12.7,-95.68667047991,15.875));
#134 = CARTESIAN_POINT('',(12.7,-91.31692053447,16.158533607772));
#135 = CARTESIAN_POINT('',(11.041214208681,-86.76574566986,
    16.453695383738));
#136 = CARTESIAN_POINT('',(7.484892929628,-82.85054759719,
    16.708186312063));
#137 = CARTESIAN_POINT('',(2.292454976485,-80.36925043737,
    16.864382424607));
#138 = CARTESIAN_POINT('',(-3.935799862851,-80.79466845233,
    16.838267248928));
#139 = CARTESIAN_POINT('',(-8.70228335369,-83.73879716892,
    16.650679540637));
#140 = CARTESIAN_POINT('',(-11.83405033937,-87.91551624261,
    16.379216511938));
#141 = CARTESIAN_POINT('',(-13.0645872106,-92.56672219276,
    16.077419711612));
#142 = CARTESIAN_POINT('',(-12.21381157924,-101.3127770553,
    15.509971606789));
#143 = CARTESIAN_POINT('',(-10.13058570081,-105.4120862077,
    15.244175367264));
#144 = CARTESIAN_POINT('',(-6.58877999049,-108.5326808922,
    15.042471426253));
#145 = CARTESIAN_POINT('',(-2.153103911201,-110.1418253861,
    14.939998374511));
#146 = CARTESIAN_POINT('',(2.587655138553,-110.0874620845,
    14.943443603886));
#147 = CARTESIAN_POINT('',(7.022688746483,-108.3365534548,
    15.055044043615));
#148 = CARTESIAN_POINT('',(10.485623320288,-105.0407984612,
    15.268193468565));
#149 = CARTESIAN_POINT('',(12.393759186567,-100.850423748,
    15.539958807506));
#150 = CARTESIAN_POINT('',(12.679091008268,-96.42785983228,
    15.826908108281));
#151 = CARTESIAN_POINT('',(12.68430112716,-96.3355898535,15.83289491178)
  );
#152 = CARTESIAN_POINT('',(12.68877428437,-96.24319726829,
    15.838889713506));
#153 = CARTESIAN_POINT('',(12.692508032894,-96.15068928124,
    15.844892040481));
#154 = CARTESIAN_POINT('',(12.695499925725,-96.05807309697,
    15.850901419734));
#155 = CARTESIAN_POINT('',(12.697747515856,-95.96535592009,
    15.856917378286));
#156 = CARTESIAN_POINT('',(12.699248356284,-95.87254495521,
    15.862939443165));
#157 = CARTESIAN_POINT('',(12.7,-95.77964740695,15.868967141394));
#158 = CARTESIAN_POINT('',(12.7,-95.68667047991,15.875));
#159 = CARTESIAN_POINT('',(12.7,-95.68667047991,6.35));
#160 = CARTESIAN_POINT('',(12.412790928713,-91.26960286457,6.35));
#161 = CARTESIAN_POINT('',(10.397159794586,-86.90985262717,6.35));
#162 = CARTESIAN_POINT('',(6.647474283294,-83.43493635756,6.35));
#163 = CARTESIAN_POINT('',(1.703410085538,-81.89593937327,6.35));
#164 = CARTESIAN_POINT('',(-3.105749881079,-82.10967728511,6.35));
#165 = CARTESIAN_POINT('',(-7.872084169758,-84.16871212928,6.35));
#166 = CARTESIAN_POINT('',(-11.24810272255,-87.93808568954,6.35));
#167 = CARTESIAN_POINT('',(-12.86952218533,-92.46636781394,6.35));
#168 = CARTESIAN_POINT('',(-12.5743742883,-101.2881653174,6.35));
#169 = CARTESIAN_POINT('',(-10.76404054444,-105.6040864369,6.35));
#170 = CARTESIAN_POINT('',(-7.254104444291,-109.1761678359,6.35));
#171 = CARTESIAN_POINT('',(-2.433520930354,-111.1957970589,6.35));
#172 = CARTESIAN_POINT('',(2.910106655326,-111.1265660823,6.35));
#173 = CARTESIAN_POINT('',(7.725327871551,-108.9389962377,6.35));
#174 = CARTESIAN_POINT('',(11.106750728208,-105.1829626648,6.35));
#175 = CARTESIAN_POINT('',(12.725340850959,-100.8058001299,6.35));
#176 = CARTESIAN_POINT('',(12.726944425512,-96.42744303271,6.35));
#177 = CARTESIAN_POINT('',(12.726223372964,-96.33485938547,6.35));
#178 = CARTESIAN_POINT('',(12.724746928068,-96.24225669315,6.35));
#179 = CARTESIAN_POINT('',(12.722514647208,-96.14964260905,6.35));
#180 = CARTESIAN_POINT('',(12.71952608409,-96.05702480506,6.35));
#181 = CARTESIAN_POINT('',(12.715780789948,-95.96441097164,6.35));
#182 = CARTESIAN_POINT('',(12.711278313688,-95.87180881793,6.35));
#183 = CARTESIAN_POINT('',(12.706018202098,-95.7792260718,6.35));
#184 = CARTESIAN_POINT('',(12.7,-95.68667047991,6.35));
#185 = CARTESIAN_POINT('',(22.204868622463,-95.06772179888,6.35));
#186 = CARTESIAN_POINT('',(21.994403925138,-87.46597644086,6.35));
#187 = CARTESIAN_POINT('',(18.875825780852,-79.71536150976,6.35));
#188 = CARTESIAN_POINT('',(12.584110982613,-73.20591670817,6.35));
#189 = CARTESIAN_POINT('',(3.68975301079,-69.40485650238,6.35));
#190 = CARTESIAN_POINT('',(-6.421967271197,-70.03027751577,
    6.350000000001));
#191 = CARTESIAN_POINT('',(-14.70556418412,-74.6556923544,6.35));
#192 = CARTESIAN_POINT('',(-20.29611278832,-81.63630311769,6.35));
#193 = CARTESIAN_POINT('',(-22.69444122434,-89.6050707318,6.35));
#194 = CARTESIAN_POINT('',(-21.62292675438,-104.9018921739,6.35));
#195 = CARTESIAN_POINT('',(-18.15221837309,-112.2334928829,6.35));
#196 = CARTESIAN_POINT('',(-11.96642985867,-117.9768790388,6.35));
#197 = CARTESIAN_POINT('',(-3.948002374971,-121.0546854918,6.35));
#198 = CARTESIAN_POINT('',(4.737879945871,-120.9499672065,6.35));
#199 = CARTESIAN_POINT('',(12.747623172306,-117.607785912,6.35));
#200 = CARTESIAN_POINT('',(18.766171695962,-111.5537651159,6.35));
#201 = CARTESIAN_POINT('',(21.917010712621,-104.0802963562,6.35));
#202 = CARTESIAN_POINT('',(22.203971475316,-96.35913653378,6.35));
#203 = CARTESIAN_POINT('',(22.208653272888,-96.19811796558,6.35));
#204 = CARTESIAN_POINT('',(22.212035349615,-96.03695711283,6.35));
#205 = CARTESIAN_POINT('',(22.214114758183,-95.87566679301,6.35));
#206 = CARTESIAN_POINT('',(22.214888551267,-95.71425982357,6.35));
#207 = CARTESIAN_POINT('',(22.214353781558,-95.55274902197,6.35));
#208 = CARTESIAN_POINT('',(22.212507501731,-95.39114720569,6.35));
#209 = CARTESIAN_POINT('',(22.209346764472,-95.22946719217,6.35));
#210 = CARTESIAN_POINT('',(22.204868622463,-95.06772179888,6.35));
#211 = DEFINITIONAL_REPRESENTATION('',(#212),#215);
#212 = B_SPLINE_CURVE_WITH_KNOTS('',1,(#213,#214),.UNSPECIFIED.,.F.,.F.,
  (2,2),(1.032580727654,3.180729530764),.PIECEWISE_BEZIER_KNOTS.);
#213 = CARTESIAN_POINT('',(0.,1.032580727654));
#214 = CARTESIAN_POINT('',(0.,3.180729530764));
#215 = ( GEOMETRIC_REPRESENTATION_CONTEXT(2) 
PARAMETRIC_REPRESENTATION_CONTEXT() REPRESENTATION_CONTEXT('2D SPACE',''
  ) );
#216 = ORIENTED_EDGE('',*,*,#217,.T.);
#217 = EDGE_CURVE('',#55,#218,#220,.T.);
#218 = VERTEX_POINT('',#219);
#219 = CARTESIAN_POINT('',(12.7,-81.21222953466,181.31861705747));
#220 = SEAM_CURVE('',#221,(#225,#232),.PCURVE_S1.);
#221 = LINE('',#222,#223);
#222 = CARTESIAN_POINT('',(12.7,-96.78565070389,3.313598560216));
#223 = VECTOR('',#224,25.4);
#224 = DIRECTION('',(0.,8.715574274766E-02,0.996194698092));
#225 = PCURVE('',#32,#226);
#226 = DEFINITIONAL_REPRESENTATION('',(#227),#231);
#227 = LINE('',#228,#229);
#228 = CARTESIAN_POINT('',(6.28318530718,-0.));
#229 = VECTOR('',#230,1.);
#230 = DIRECTION('',(0.,1.));
#231 = ( GEOMETRIC_REPRESENTATION_CONTEXT(2) 
PARAMETRIC_REPRESENTATION_CONTEXT() REPRESENTATION_CONTEXT('2D SPACE',''
  ) );
#232 = PCURVE('',#32,#233);
#233 = DEFINITIONAL_REPRESENTATION('',(#234),#238);
#234 = LINE('',#235,#236);
#235 = CARTESIAN_POINT('',(0.,-0.));
#236 = VECTOR('',#237,1.);
#237 = DIRECTION('',(0.,1.));
#238 = ( GEOMETRIC_REPRESENTATION_CONTEXT(2) 
PARAMETRIC_REPRESENTATION_CONTEXT() REPRESENTATION_CONTEXT('2D SPACE',''
  ) );
#239 = ORIENTED_EDGE('',*,*,#240,.F.);
#240 = EDGE_CURVE('',#241,#218,#243,.T.);
#241 = VERTEX_POINT('',#242);
#242 = CARTESIAN_POINT('',(-11.43,-75.69749327299,180.83614015224));
#243 = SURFACE_CURVE('',#244,(#249,#256),.PCURVE_S1.);
#244 = CIRCLE('',#245,12.7);
#245 = AXIS2_PLACEMENT_3D('',#246,#247,#248);
#246 = CARTESIAN_POINT('',(0.,-81.21222953466,181.31861705747));
#247 = DIRECTION('',(-0.,8.715574274766E-02,0.996194698092));
#248 = DIRECTION('',(1.,0.,0.));
#249 = PCURVE('',#32,#250);
#250 = DEFINITIONAL_REPRESENTATION('',(#251),#255);
#251 = LINE('',#252,#253);
#252 = CARTESIAN_POINT('',(0.,178.68496874981));
#253 = VECTOR('',#254,1.);
#254 = DIRECTION('',(1.,0.));
#255 = ( GEOMETRIC_REPRESENTATION_CONTEXT(2) 
PARAMETRIC_REPRESENTATION_CONTEXT() REPRESENTATION_CONTEXT('2D SPACE',''
  ) );
#256 = PCURVE('',#257,#262);
#257 = TOROIDAL_SURFACE('',#258,11.176,1.524);
#258 = AXIS2_PLACEMENT_3D('',#259,#260,#261);
#259 = CARTESIAN_POINT('',(0.,-81.21222953466,181.31861705747));
#260 = DIRECTION('',(0.,8.715574274766E-02,0.996194698092));
#261 = DIRECTION('',(1.,0.,0.));
#262 = DEFINITIONAL_REPRESENTATION('',(#263),#266);
#263 = B_SPLINE_CURVE_WITH_KNOTS('',1,(#264,#265),.UNSPECIFIED.,.F.,.F.,
  (2,2),(2.690565841794,6.28318530718),.PIECEWISE_BEZIER_KNOTS.);
#264 = CARTESIAN_POINT('',(2.690565841794,0.));
#265 = CARTESIAN_POINT('',(6.28318530718,0.));
#266 = ( GEOMETRIC_REPRESENTATION_CONTEXT(2) 
PARAMETRIC_REPRESENTATION_CONTEXT() REPRESENTATION_CONTEXT('2D SPACE',''
  ) );
#267 = ORIENTED_EDGE('',*,*,#268,.F.);
#268 = EDGE_CURVE('',#269,#241,#271,.T.);
#269 = VERTEX_POINT('',#270);
#270 = CARTESIAN_POINT('',(-11.43,-77.53631349111,159.81832888353));
#271 = SURFACE_CURVE('',#272,(#276,#282),.PCURVE_S1.);
#272 = LINE('',#273,#274);
#273 = CARTESIAN_POINT('',(-11.43,-91.27091444221,2.831121654984));
#274 = VECTOR('',#275,25.4);
#275 = DIRECTION('',(0.,8.715574274766E-02,0.996194698092));
#276 = PCURVE('',#32,#277);
#277 = DEFINITIONAL_REPRESENTATION('',(#278),#281);
#278 = B_SPLINE_CURVE_WITH_KNOTS('',1,(#279,#280),.UNSPECIFIED.,.F.,.F.,
  (2,2),(5.881404781224,7.034841889363),.PIECEWISE_BEZIER_KNOTS.);
#279 = CARTESIAN_POINT('',(2.690565841794,149.38768144308));
#280 = CARTESIAN_POINT('',(2.690565841794,178.68498398981));
#281 = ( GEOMETRIC_REPRESENTATION_CONTEXT(2) 
PARAMETRIC_REPRESENTATION_CONTEXT() REPRESENTATION_CONTEXT('2D SPACE',''
  ) );
#282 = PCURVE('',#283,#288);
#283 = PLANE('',#284);
#284 = AXIS2_PLACEMENT_3D('',#285,#286,#287);
#285 = CARTESIAN_POINT('',(-11.43,-84.28935018811,146.14696704664));
#286 = DIRECTION('',(-1.,0.,0.));
#287 = DIRECTION('',(0.,0.996194698092,-8.715574274766E-02));
#288 = DEFINITIONAL_REPRESENTATION('',(#289),#292);
#289 = B_SPLINE_CURVE_WITH_KNOTS('',1,(#290,#291),.UNSPECIFIED.,.F.,.F.,
  (2,2),(5.881404781224,7.034841889363),.PIECEWISE_BEZIER_KNOTS.);
#290 = CARTESIAN_POINT('',(5.535801658297,-6.00871269327));
#291 = CARTESIAN_POINT('',(5.535801658297,-35.30601524));
#292 = ( GEOMETRIC_REPRESENTATION_CONTEXT(2) 
PARAMETRIC_REPRESENTATION_CONTEXT() REPRESENTATION_CONTEXT('2D SPACE',''
  ) );
#293 = ORIENTED_EDGE('',*,*,#294,.T.);
#294 = EDGE_CURVE('',#269,#295,#297,.T.);
#295 = VERTEX_POINT('',#296);
#296 = CARTESIAN_POINT('',(-8.89,-74.02102857687,159.45226864365));
#297 = SURFACE_CURVE('',#298,(#319,#343),.PCURVE_S1.);
#298 = B_SPLINE_CURVE_WITH_KNOTS('',7,(#299,#300,#301,#302,#303,#304,
    #305,#306,#307,#308,#309,#310,#311,#312,#313,#314,#315,#316,#317,
    #318),.UNSPECIFIED.,.F.,.F.,(8,6,6,8),(0.,0.581573205548,
    0.917148443532,1.),.UNSPECIFIED.);
#299 = CARTESIAN_POINT('',(-11.43,-77.53631349111,159.81832888353));
#300 = CARTESIAN_POINT('',(-11.43,-77.57922151209,159.32788795956));
#301 = CARTESIAN_POINT('',(-11.37434594725,-77.4965107413,
    158.95445475299));
#302 = CARTESIAN_POINT('',(-11.2680925902,-77.29937555281,
    158.69259755975));
#303 = CARTESIAN_POINT('',(-11.11155869753,-77.00716154849,
    158.53093809206));
#304 = CARTESIAN_POINT('',(-10.90438673429,-76.65039985054,
    158.45968080847));
#305 = CARTESIAN_POINT('',(-10.65908988087,-76.265478002,158.46830108056
    ));
#306 = CARTESIAN_POINT('',(-10.24903123333,-75.66914363257,
    158.57331108096));
#307 = CARTESIAN_POINT('',(-10.08986692992,-75.44706907313,
    158.63212290659));
#308 = CARTESIAN_POINT('',(-9.923045679793,-75.22441729627,
    158.70974638185));
#309 = CARTESIAN_POINT('',(-9.750108700346,-75.00375009272,
    158.80486734826));
#310 = CARTESIAN_POINT('',(-9.572518207584,-74.78689404684,
    158.91644521555));
#311 = CARTESIAN_POINT('',(-9.391566951185,-74.57503646643,
    159.04376152039));
#312 = CARTESIAN_POINT('',(-9.163110337922,-74.31801801915,
    159.22175052957));
#313 = CARTESIAN_POINT('',(-9.117756422302,-74.26749882143,
    159.25791823272));
#314 = CARTESIAN_POINT('',(-9.072306865019,-74.21736842977,
    159.29500018843));
#315 = CARTESIAN_POINT('',(-9.026783973505,-74.16764229586,
    159.33298620166));
#316 = CARTESIAN_POINT('',(-8.981210164,-74.11833484601,159.37186621121)
  );
#317 = CARTESIAN_POINT('',(-8.935607961547,-74.06945948116,
    159.41163028972));
#318 = CARTESIAN_POINT('',(-8.89,-74.02102857687,159.45226864365));
#319 = PCURVE('',#32,#320);
#320 = DEFINITIONAL_REPRESENTATION('',(#321),#342);
#321 = B_SPLINE_CURVE_WITH_KNOTS('',7,(#322,#323,#324,#325,#326,#327,
    #328,#329,#330,#331,#332,#333,#334,#335,#336,#337,#338,#339,#340,
    #341),.UNSPECIFIED.,.F.,.F.,(8,6,6,8),(0.,0.581573205548,
    0.917148443532,1.),.UNSPECIFIED.);
#322 = CARTESIAN_POINT('',(2.690565841794,157.58687285654));
#323 = CARTESIAN_POINT('',(2.690565841794,157.09455852792));
#324 = CARTESIAN_POINT('',(2.680510793034,156.7297550661));
#325 = CARTESIAN_POINT('',(2.661326244479,156.48607578231));
#326 = CARTESIAN_POINT('',(2.634333884103,156.35049960629));
#327 = CARTESIAN_POINT('',(2.60158580023,156.31060730895));
#328 = CARTESIAN_POINT('',(2.565822679518,156.35274292791));
#329 = CARTESIAN_POINT('',(2.50957601004,156.50932729845));
#330 = CARTESIAN_POINT('',(2.488448577668,156.5872704005));
#331 = CARTESIAN_POINT('',(2.467029478425,156.68400387599));
#332 = CARTESIAN_POINT('',(2.445527763829,156.79799529243));
#333 = CARTESIAN_POINT('',(2.424104232047,156.928048822));
#334 = CARTESIAN_POINT('',(2.402876031816,157.07334525464));
#335 = CARTESIAN_POINT('',(2.376755419123,157.27305759558));
#336 = CARTESIAN_POINT('',(2.371602734765,157.31349070789));
#337 = CARTESIAN_POINT('',(2.366471299305,157.35480070708));
#338 = CARTESIAN_POINT('',(2.361362932716,157.3969760902));
#339 = CARTESIAN_POINT('',(2.35627941347,157.44000557699));
#340 = CARTESIAN_POINT('',(2.351222478542,157.4838781099));
#341 = CARTESIAN_POINT('',(2.346193823406,157.52858285406));
#342 = ( GEOMETRIC_REPRESENTATION_CONTEXT(2) 
PARAMETRIC_REPRESENTATION_CONTEXT() REPRESENTATION_CONTEXT('2D SPACE',''
  ) );
#343 = PCURVE('',#344,#349);
#344 = CYLINDRICAL_SURFACE('',#345,2.54);
#345 = AXIS2_PLACEMENT_3D('',#346,#347,#348);
#346 = CARTESIAN_POINT('',(-8.89,-85.47927954355,153.15338899847));
#347 = DIRECTION('',(0.,0.766044443119,0.642787609687));
#348 = DIRECTION('',(-1.,0.,0.));
#349 = DEFINITIONAL_REPRESENTATION('',(#350),#371);
#350 = B_SPLINE_CURVE_WITH_KNOTS('',7,(#351,#352,#353,#354,#355,#356,
    #357,#358,#359,#360,#361,#362,#363,#364,#365,#366,#367,#368,#369,
    #370),.UNSPECIFIED.,.F.,.F.,(8,6,6,8),(0.,0.581573205548,
    0.917148443532,1.),.UNSPECIFIED.);
#351 = CARTESIAN_POINT('',(0.,10.368805783771));
#352 = CARTESIAN_POINT('',(-0.137054645765,10.020686983527));
#353 = CARTESIAN_POINT('',(-0.270604661543,9.844008871647));
#354 = CARTESIAN_POINT('',(-0.403700477073,9.826704628011));
#355 = CARTESIAN_POINT('',(-0.537986713544,9.946640839403));
#356 = CARTESIAN_POINT('',(-0.673341226057,10.174132856645));
#357 = CARTESIAN_POINT('',(-0.80735614037,10.474541103841));
#358 = CARTESIAN_POINT('',(-1.00805890328,10.998858860935));
#359 = CARTESIAN_POINT('',(-1.081315013032,11.206781355974));
#360 = CARTESIAN_POINT('',(-1.154358141796,11.427237920507));
#361 = CARTESIAN_POINT('',(-1.227185235244,11.657421384199));
#362 = CARTESIAN_POINT('',(-1.29983900157,11.895263623709));
#363 = CARTESIAN_POINT('',(-1.372425231116,12.139393289176));
#364 = CARTESIAN_POINT('',(-1.463083648343,12.450689972255));
#365 = CARTESIAN_POINT('',(-1.481033943536,12.512638074396));
#366 = CARTESIAN_POINT('',(-1.498984156956,12.574876004027));
#367 = CARTESIAN_POINT('',(-1.516934914167,12.637385371232));
#368 = CARTESIAN_POINT('',(-1.534886815574,12.700148657599));
#369 = CARTESIAN_POINT('',(-1.552840436422,12.763149216227));
#370 = CARTESIAN_POINT('',(-1.570796326795,12.82637127172));
#371 = ( GEOMETRIC_REPRESENTATION_CONTEXT(2) 
PARAMETRIC_REPRESENTATION_CONTEXT() REPRESENTATION_CONTEXT('2D SPACE',''
  ) );
#372 = ORIENTED_EDGE('',*,*,#373,.F.);
#373 = EDGE_CURVE('',#374,#295,#376,.T.);
#374 = VERTEX_POINT('',#375);
#375 = CARTESIAN_POINT('',(8.89,-74.02102857687,159.45226864365));
#376 = SURFACE_CURVE('',#377,(#382,#395),.PCURVE_S1.);
#377 = ELLIPSE('',#378,17.960512242138,12.7);
#378 = AXIS2_PLACEMENT_3D('',#379,#380,#381);
#379 = CARTESIAN_POINT('',(0.,-83.84659901495,151.20763611295));
#380 = DIRECTION('',(0.,-0.642787609687,0.766044443119));
#381 = DIRECTION('',(0.,0.766044443119,0.642787609687));
#382 = PCURVE('',#32,#383);
#383 = DEFINITIONAL_REPRESENTATION('',(#384),#394);
#384 = B_SPLINE_CURVE_WITH_KNOTS('',8,(#385,#386,#387,#388,#389,#390,
    #391,#392,#393),.UNSPECIFIED.,.F.,.F.,(9,9),(5.285337899018,
    7.281032708423),.PIECEWISE_BEZIER_KNOTS.);
#385 = CARTESIAN_POINT('',(0.572948918634,155.34379618229));
#386 = CARTESIAN_POINT('',(0.822410769809,158.00602462439));
#387 = CARTESIAN_POINT('',(1.071872620986,160.17859502228));
#388 = CARTESIAN_POINT('',(1.321334472155,161.60904697109));
#389 = CARTESIAN_POINT('',(1.570796323344,162.10996318353));
#390 = CARTESIAN_POINT('',(1.820258174504,161.60904699512));
#391 = CARTESIAN_POINT('',(2.069720025688,160.17859506712));
#392 = CARTESIAN_POINT('',(2.319181876863,158.00602468633));
#393 = CARTESIAN_POINT('',(2.568643728039,155.34379625611));
#394 = ( GEOMETRIC_REPRESENTATION_CONTEXT(2) 
PARAMETRIC_REPRESENTATION_CONTEXT() REPRESENTATION_CONTEXT('2D SPACE',''
  ) );
#395 = PCURVE('',#396,#401);
#396 = PLANE('',#397);
#397 = AXIS2_PLACEMENT_3D('',#398,#399,#400);
#398 = CARTESIAN_POINT('',(-13.97,-92.10172937414,144.28075927323));
#399 = DIRECTION('',(0.,-0.642787609687,0.766044443119));
#400 = DIRECTION('',(0.,0.766044443119,0.642787609687));
#401 = DEFINITIONAL_REPRESENTATION('',(#402),#406);
#402 = ELLIPSE('',#403,17.960512242138,12.7);
#403 = AXIS2_PLACEMENT_2D('',#404,#405);
#404 = CARTESIAN_POINT('',(10.776307345283,-13.97));
#405 = DIRECTION('',(1.,0.));
#406 = ( GEOMETRIC_REPRESENTATION_CONTEXT(2) 
PARAMETRIC_REPRESENTATION_CONTEXT() REPRESENTATION_CONTEXT('2D SPACE',''
  ) );
#407 = ORIENTED_EDGE('',*,*,#408,.F.);
#408 = EDGE_CURVE('',#409,#374,#411,.T.);
#409 = VERTEX_POINT('',#410);
#410 = CARTESIAN_POINT('',(11.43,-77.53631349111,159.81832888353));
#411 = SURFACE_CURVE('',#412,(#439,#469),.PCURVE_S1.);
#412 = B_SPLINE_CURVE_WITH_KNOTS('',7,(#413,#414,#415,#416,#417,#418,
    #419,#420,#421,#422,#423,#424,#425,#426,#427,#428,#429,#430,#431,
    #432,#433,#434,#435,#436,#437,#438),.UNSPECIFIED.,.F.,.F.,(8,6,6,6,8
    ),(0.,5.274039589303E-02,0.583540470197,0.914959332674,1.),
  .UNSPECIFIED.);
#413 = CARTESIAN_POINT('',(11.43,-77.53631349111,159.81832888353));
#414 = CARTESIAN_POINT('',(11.43,-77.5401652797,159.77430273853));
#415 = CARTESIAN_POINT('',(11.429551454723,-77.54301835986,
    159.73106570366));
#416 = CARTESIAN_POINT('',(11.428652404737,-77.54486706698,
    159.68863612361));
#417 = CARTESIAN_POINT('',(11.427301313103,-77.54570797731,
    159.64703067451));
#418 = CARTESIAN_POINT('',(11.425497065373,-77.54553990798,
    159.60626436388));
#419 = CARTESIAN_POINT('',(11.423238969591,-77.54436391697,
    159.56635053065));
#420 = CARTESIAN_POINT('',(11.393229975599,-77.52023674835,
    159.13428946189));
#421 = CARTESIAN_POINT('',(11.320762840628,-77.39719191577,
    158.84068354771));
#422 = CARTESIAN_POINT('',(11.207073196819,-77.18690095813,
    158.63742937889));
#423 = CARTESIAN_POINT('',(11.052939101752,-76.90741322037,
    158.51408337735));
#424 = CARTESIAN_POINT('',(10.860205941073,-76.58167902535,
    158.46238524543));
#425 = CARTESIAN_POINT('',(10.637514108182,-76.23410108829,
    158.47382631923));
#426 = CARTESIAN_POINT('',(10.250187144347,-75.67082463471,
    158.57301506911));
#427 = CARTESIAN_POINT('',(10.092321755171,-75.45049492806,
    158.63121715602));
#428 = CARTESIAN_POINT('',(9.926908433238,-75.22957480976,
    158.70795226904));
#429 = CARTESIAN_POINT('',(9.755451424834,-75.01057116223,
    158.80193415682));
#430 = CARTESIAN_POINT('',(9.579378356306,-74.79527666371,
    158.91214299726));
#431 = CARTESIAN_POINT('',(9.399952323735,-74.58486149885,
    159.03787280907));
#432 = CARTESIAN_POINT('',(9.171613188127,-74.32749651598,
    159.21498215233));
#433 = CARTESIAN_POINT('',(9.124857531658,-74.27533601768,
    159.25213272815));
#434 = CARTESIAN_POINT('',(9.077997197908,-74.22358694381,
    159.29025695176));
#435 = CARTESIAN_POINT('',(9.031056639944,-74.17226635152,
    159.32934362218));
#436 = CARTESIAN_POINT('',(8.98406043407,-74.12139013405,159.36938169437
    ));
#437 = CARTESIAN_POINT('',(8.937033279828,-74.0709730207,159.41036027925
    ));
#438 = CARTESIAN_POINT('',(8.89,-74.02102857687,159.45226864365));
#439 = PCURVE('',#32,#440);
#440 = DEFINITIONAL_REPRESENTATION('',(#441),#468);
#441 = B_SPLINE_CURVE_WITH_KNOTS('',7,(#442,#443,#444,#445,#446,#447,
    #448,#449,#450,#451,#452,#453,#454,#455,#456,#457,#458,#459,#460,
    #461,#462,#463,#464,#465,#466,#467),.UNSPECIFIED.,.F.,.F.,(8,6,6,6,8
    ),(0.,5.274039589303E-02,0.583540470197,0.914959332674,1.),
  .UNSPECIFIED.);
#442 = CARTESIAN_POINT('',(0.451026811796,157.58687285654));
#443 = CARTESIAN_POINT('',(0.451026811796,157.54267853882));
#444 = CARTESIAN_POINT('',(0.451107838276,157.4993573716));
#445 = CARTESIAN_POINT('',(0.451270244978,157.45692812347));
#446 = CARTESIAN_POINT('',(0.451514223352,157.4154077055));
#447 = CARTESIAN_POINT('',(0.451839802558,157.3748111712));
#448 = CARTESIAN_POINT('',(0.452246849465,157.33515171653));
#449 = CARTESIAN_POINT('',(0.457648698445,156.90683759188));
#450 = CARTESIAN_POINT('',(0.470635585182,156.62507300061));
#451 = CARTESIAN_POINT('',(0.490641297632,156.44092033988));
#452 = CARTESIAN_POINT('',(0.516424337361,156.34240266849));
#453 = CARTESIAN_POINT('',(0.546403040177,156.31929086928));
#454 = CARTESIAN_POINT('',(0.578729466239,156.3609818196));
#455 = CARTESIAN_POINT('',(0.631858090267,156.50888590403));
#456 = CARTESIAN_POINT('',(0.652818167302,156.58606951366));
#457 = CARTESIAN_POINT('',(0.674067071255,156.6817670834));
#458 = CARTESIAN_POINT('',(0.695400354491,156.79447876729));
#459 = CARTESIAN_POINT('',(0.716660469665,156.92303238175));
#460 = CARTESIAN_POINT('',(0.737732404035,157.06662264364));
#461 = CARTESIAN_POINT('',(0.76387074924,157.26548886862));
#462 = CARTESIAN_POINT('',(0.769187868649,157.30704416226));
#463 = CARTESIAN_POINT('',(0.774482632644,157.34953354065));
#464 = CARTESIAN_POINT('',(0.779753040586,157.39294435883));
#465 = CARTESIAN_POINT('',(0.784997139067,157.43726422859));
#466 = CARTESIAN_POINT('',(0.790213021914,157.48248101854));
#467 = CARTESIAN_POINT('',(0.795398830184,157.52858285406));
#468 = ( GEOMETRIC_REPRESENTATION_CONTEXT(2) 
PARAMETRIC_REPRESENTATION_CONTEXT() REPRESENTATION_CONTEXT('2D SPACE',''
  ) );
#469 = PCURVE('',#470,#475);
#470 = CYLINDRICAL_SURFACE('',#471,2.54);
#471 = AXIS2_PLACEMENT_3D('',#472,#473,#474);
#472 = CARTESIAN_POINT('',(8.89,-71.72072894489,164.69818373134));
#473 = DIRECTION('',(-0.,-0.766044443119,-0.642787609687));
#474 = DIRECTION('',(1.,0.,0.));
#475 = DEFINITIONAL_REPRESENTATION('',(#476),#503);
#476 = B_SPLINE_CURVE_WITH_KNOTS('',7,(#477,#478,#479,#480,#481,#482,
    #483,#484,#485,#486,#487,#488,#489,#490,#491,#492,#493,#494,#495,
    #496,#497,#498,#499,#500,#501,#502),.UNSPECIFIED.,.F.,.F.,(8,6,6,6,8
    ),(0.,5.274039589303E-02,0.583540470197,0.914959332674,1.),
  .UNSPECIFIED.);
#477 = CARTESIAN_POINT('',(0.,7.591706458368));
#478 = CARTESIAN_POINT('',(-1.230318966463E-02,7.622956560116));
#479 = CARTESIAN_POINT('',(-2.462112441218E-02,7.652934376613));
#480 = CARTESIAN_POINT('',(-3.695275764608E-02,7.681623776766));
#481 = CARTESIAN_POINT('',(-4.929699861146E-02,7.709011418632));
#482 = CARTESIAN_POINT('',(-6.16527123952E-02,7.73508674942));
#483 = CARTESIAN_POINT('',(-7.401871992586E-02,7.759842005491));
#484 = CARTESIAN_POINT('',(-0.210941447571,8.019083023672));
#485 = CARTESIAN_POINT('',(-0.332642920581,8.113551457187));
#486 = CARTESIAN_POINT('',(-0.453758896852,8.083108498984));
#487 = CARTESIAN_POINT('',(-0.575322611294,7.948293752045));
#488 = CARTESIAN_POINT('',(-0.697183164396,7.731997800658));
#489 = CARTESIAN_POINT('',(-0.81791637905,7.458383472941));
#490 = CARTESIAN_POINT('',(-1.007493143882,6.963131376296));
#491 = CARTESIAN_POINT('',(-1.080184816492,6.75693744854));
#492 = CARTESIAN_POINT('',(-1.152666082914,6.538378439665));
#493 = CARTESIAN_POINT('',(-1.224934264507,6.310201519452));
#494 = CARTESIAN_POINT('',(-1.297031238679,6.074435488115));
#495 = CARTESIAN_POINT('',(-1.369060333249,5.832430555127));
#496 = CARTESIAN_POINT('',(-1.459717805394,5.521433848735));
#497 = CARTESIAN_POINT('',(-1.478229093667,5.45759665903));
#498 = CARTESIAN_POINT('',(-1.496740211567,5.393448789994));
#499 = CARTESIAN_POINT('',(-1.515251847698,5.329010508007));
#500 = CARTESIAN_POINT('',(-1.533764662348,5.264301087603));
#501 = CARTESIAN_POINT('',(-1.552279287492,5.199338811463));
#502 = CARTESIAN_POINT('',(-1.570796326795,5.134140970418));
#503 = ( GEOMETRIC_REPRESENTATION_CONTEXT(2) 
PARAMETRIC_REPRESENTATION_CONTEXT() REPRESENTATION_CONTEXT('2D SPACE',''
  ) );
#504 = ORIENTED_EDGE('',*,*,#505,.T.);
#505 = EDGE_CURVE('',#409,#506,#508,.T.);
#506 = VERTEX_POINT('',#507);
#507 = CARTESIAN_POINT('',(11.430000000003,-75.69749327299,
    180.83614015224));
#508 = SURFACE_CURVE('',#509,(#513,#519),.PCURVE_S1.);
#509 = LINE('',#510,#511);
#510 = CARTESIAN_POINT('',(11.43,-91.27091444221,2.831121654984));
#511 = VECTOR('',#512,25.4);
#512 = DIRECTION('',(0.,8.715574274766E-02,0.996194698092));
#513 = PCURVE('',#32,#514);
#514 = DEFINITIONAL_REPRESENTATION('',(#515),#518);
#515 = B_SPLINE_CURVE_WITH_KNOTS('',1,(#516,#517),.UNSPECIFIED.,.F.,.F.,
  (2,2),(5.881404781224,7.034841889363),.PIECEWISE_BEZIER_KNOTS.);
#516 = CARTESIAN_POINT('',(0.451026811796,149.38768144308));
#517 = CARTESIAN_POINT('',(0.451026811796,178.68498398981));
#518 = ( GEOMETRIC_REPRESENTATION_CONTEXT(2) 
PARAMETRIC_REPRESENTATION_CONTEXT() REPRESENTATION_CONTEXT('2D SPACE',''
  ) );
#519 = PCURVE('',#520,#525);
#520 = PLANE('',#521);
#521 = AXIS2_PLACEMENT_3D('',#522,#523,#524);
#522 = CARTESIAN_POINT('',(11.43,-84.28935018811,146.14696704664));
#523 = DIRECTION('',(-1.,0.,0.));
#524 = DIRECTION('',(0.,0.996194698092,-8.715574274766E-02));
#525 = DEFINITIONAL_REPRESENTATION('',(#526),#529);
#526 = B_SPLINE_CURVE_WITH_KNOTS('',1,(#527,#528),.UNSPECIFIED.,.F.,.F.,
  (2,2),(5.881404781224,7.034841889363),.PIECEWISE_BEZIER_KNOTS.);
#527 = CARTESIAN_POINT('',(5.535801658297,-6.00871269327));
#528 = CARTESIAN_POINT('',(5.535801658297,-35.30601524));
#529 = ( GEOMETRIC_REPRESENTATION_CONTEXT(2) 
PARAMETRIC_REPRESENTATION_CONTEXT() REPRESENTATION_CONTEXT('2D SPACE',''
  ) );
#530 = ORIENTED_EDGE('',*,*,#531,.F.);
#531 = EDGE_CURVE('',#218,#506,#532,.T.);
#532 = SURFACE_CURVE('',#533,(#538,#545),.PCURVE_S1.);
#533 = CIRCLE('',#534,12.7);
#534 = AXIS2_PLACEMENT_3D('',#535,#536,#537);
#535 = CARTESIAN_POINT('',(0.,-81.21222953466,181.31861705747));
#536 = DIRECTION('',(-0.,8.715574274766E-02,0.996194698092));
#537 = DIRECTION('',(1.,0.,0.));
#538 = PCURVE('',#32,#539);
#539 = DEFINITIONAL_REPRESENTATION('',(#540),#544);
#540 = LINE('',#541,#542);
#541 = CARTESIAN_POINT('',(0.,178.68496874981));
#542 = VECTOR('',#543,1.);
#543 = DIRECTION('',(1.,0.));
#544 = ( GEOMETRIC_REPRESENTATION_CONTEXT(2) 
PARAMETRIC_REPRESENTATION_CONTEXT() REPRESENTATION_CONTEXT('2D SPACE',''
  ) );
#545 = PCURVE('',#257,#546);
#546 = DEFINITIONAL_REPRESENTATION('',(#547),#550);
#547 = B_SPLINE_CURVE_WITH_KNOTS('',1,(#548,#549),.UNSPECIFIED.,.F.,.F.,
  (2,2),(0.,0.451026811795),.PIECEWISE_BEZIER_KNOTS.);
#548 = CARTESIAN_POINT('',(6.28318530718,0.));
#549 = CARTESIAN_POINT('',(6.734212118975,0.));
#550 = ( GEOMETRIC_REPRESENTATION_CONTEXT(2) 
PARAMETRIC_REPRESENTATION_CONTEXT() REPRESENTATION_CONTEXT('2D SPACE',''
  ) );
#551 = ORIENTED_EDGE('',*,*,#217,.F.);
#552 = ORIENTED_EDGE('',*,*,#553,.T.);
#553 = EDGE_CURVE('',#55,#554,#556,.T.);
#554 = VERTEX_POINT('',#555);
#555 = CARTESIAN_POINT('',(6.35,-84.58306166883,16.594341696396));
#556 = SURFACE_CURVE('',#557,(#584,#630),.PCURVE_S1.);
#557 = ( BOUNDED_CURVE() B_SPLINE_CURVE(9,(#558,#559,#560,#561,#562,#563
    ,#564,#565,#566,#567,#568,#569,#570,#571,#572,#573,#574,#575,#576,
    #577,#578,#579,#580,#581,#582,#583),.UNSPECIFIED.,.T.,.F.) 
B_SPLINE_CURVE_WITH_KNOTS((10,8,8,10),(3.313382892989E-02,1.590364765382
,3.147595701834,3.180729530764),.UNSPECIFIED.) CURVE() 
GEOMETRIC_REPRESENTATION_ITEM() RATIONAL_B_SPLINE_CURVE((1.,1.,1.,1.,1.,
    1.,1.,1.,1.,1.,1.,1.,1.,1.,1.,1.,1.,1.,1.,1.,1.,1.,1.,1.,1.,1.)) 
REPRESENTATION_ITEM('') );
#558 = CARTESIAN_POINT('',(12.7,-95.68667047991,15.875));
#559 = CARTESIAN_POINT('',(12.7,-91.31692053447,16.158533607772));
#560 = CARTESIAN_POINT('',(11.041214208681,-86.76574566986,
    16.453695383738));
#561 = CARTESIAN_POINT('',(7.484892929628,-82.85054759719,
    16.708186312063));
#562 = CARTESIAN_POINT('',(2.292454976485,-80.36925043737,
    16.864382424607));
#563 = CARTESIAN_POINT('',(-3.935799862851,-80.79466845233,
    16.838267248928));
#564 = CARTESIAN_POINT('',(-8.70228335369,-83.73879716892,
    16.650679540637));
#565 = CARTESIAN_POINT('',(-11.83405033937,-87.91551624261,
    16.379216511938));
#566 = CARTESIAN_POINT('',(-13.0645872106,-92.56672219276,
    16.077419711612));
#567 = CARTESIAN_POINT('',(-12.21381157924,-101.3127770553,
    15.509971606789));
#568 = CARTESIAN_POINT('',(-10.13058570081,-105.4120862077,
    15.244175367264));
#569 = CARTESIAN_POINT('',(-6.58877999049,-108.5326808922,
    15.042471426253));
#570 = CARTESIAN_POINT('',(-2.153103911201,-110.1418253861,
    14.939998374511));
#571 = CARTESIAN_POINT('',(2.587655138553,-110.0874620845,
    14.943443603886));
#572 = CARTESIAN_POINT('',(7.022688746483,-108.3365534548,
    15.055044043615));
#573 = CARTESIAN_POINT('',(10.485623320288,-105.0407984612,
    15.268193468565));
#574 = CARTESIAN_POINT('',(12.393759186567,-100.850423748,
    15.539958807506));
#575 = CARTESIAN_POINT('',(12.679091008268,-96.42785983228,
    15.826908108281));
#576 = CARTESIAN_POINT('',(12.68430112716,-96.3355898535,15.83289491178)
  );
#577 = CARTESIAN_POINT('',(12.68877428437,-96.24319726829,
    15.838889713506));
#578 = CARTESIAN_POINT('',(12.692508032894,-96.15068928124,
    15.844892040481));
#579 = CARTESIAN_POINT('',(12.695499925725,-96.05807309697,
    15.850901419734));
#580 = CARTESIAN_POINT('',(12.697747515856,-95.96535592009,
    15.856917378286));
#581 = CARTESIAN_POINT('',(12.699248356284,-95.87254495521,
    15.862939443165));
#582 = CARTESIAN_POINT('',(12.7,-95.77964740695,15.868967141394));
#583 = CARTESIAN_POINT('',(12.7,-95.68667047991,15.875));
#584 = PCURVE('',#32,#585);
#585 = DEFINITIONAL_REPRESENTATION('',(#586),#629);
#586 = B_SPLINE_CURVE_WITH_KNOTS('',11,(#587,#588,#589,#590,#591,#592,
    #593,#594,#595,#596,#597,#598,#599,#600,#601,#602,#603,#604,#605,
    #606,#607,#608,#609,#610,#611,#612,#613,#614,#615,#616,#617,#618,
    #619,#620,#621,#622,#623,#624,#625,#626,#627,#628),.UNSPECIFIED.,.F.
  ,.F.,(12,10,10,10,12),(3.313382892989E-02,1.606931679847,
    2.393830605305,2.787280068035,3.180729530764),.UNSPECIFIED.);
#587 = CARTESIAN_POINT('',(2.108056948522E-14,12.6093839526));
#588 = CARTESIAN_POINT('',(0.281819107121,13.157860452345));
#589 = CARTESIAN_POINT('',(0.57292308809,13.725067767171));
#590 = CARTESIAN_POINT('',(0.871155570477,14.243594010936));
#591 = CARTESIAN_POINT('',(1.177257570301,14.654256644258));
#592 = CARTESIAN_POINT('',(1.486906529684,14.855371490142));
#593 = CARTESIAN_POINT('',(1.797507478658,14.79945806401));
#594 = CARTESIAN_POINT('',(2.10541161853,14.503820777694));
#595 = CARTESIAN_POINT('',(2.406481140666,14.033527547313));
#596 = CARTESIAN_POINT('',(2.701055751075,13.48114245416));
#597 = CARTESIAN_POINT('',(2.989458936176,12.901465794468));
#598 = CARTESIAN_POINT('',(3.413665404763,12.082969395251));
#599 = CARTESIAN_POINT('',(3.553677464804,11.818370422642));
#600 = CARTESIAN_POINT('',(3.692402357791,11.569135434333));
#601 = CARTESIAN_POINT('',(3.829971796345,11.341417113761));
#602 = CARTESIAN_POINT('',(3.966541176452,11.140406283817));
#603 = CARTESIAN_POINT('',(4.102284477304,10.970348186376));
#604 = CARTESIAN_POINT('',(4.237389161152,10.83455876231));
#605 = CARTESIAN_POINT('',(4.372051073142,10.735440930925));
#606 = CARTESIAN_POINT('',(4.506469341164,10.674500869958));
#607 = CARTESIAN_POINT('',(4.640841275697,10.652364295127));
#608 = CARTESIAN_POINT('',(4.842615266628,10.677006962391));
#609 = CARTESIAN_POINT('',(4.909905684217,10.694856966411));
#610 = CARTESIAN_POINT('',(4.977253142108,10.722323883052));
#611 = CARTESIAN_POINT('',(5.044680281515,10.759325997405));
#612 = CARTESIAN_POINT('',(5.112207765119,10.80571874853));
#613 = CARTESIAN_POINT('',(5.179854277157,10.86129472962));
#614 = CARTESIAN_POINT('',(5.24763652331,10.925783687794));
#615 = CARTESIAN_POINT('',(5.315569230819,10.998852524303));
#616 = CARTESIAN_POINT('',(5.383665148386,11.080105294364));
#617 = CARTESIAN_POINT('',(5.451935046242,11.169083207272));
#618 = CARTESIAN_POINT('',(5.588840385982,11.361446045401));
#619 = CARTESIAN_POINT('',(5.657540971825,11.464952887952));
#620 = CARTESIAN_POINT('',(5.725902070927,11.574097031796));
#621 = CARTESIAN_POINT('',(5.796433115956,11.69315538764));
#622 = CARTESIAN_POINT('',(5.862467997101,11.80848587278));
#623 = CARTESIAN_POINT('',(5.936315631312,11.9433151138));
#624 = CARTESIAN_POINT('',(6.001485389719,12.06476256822));
#625 = CARTESIAN_POINT('',(6.074054692492,12.203287986484));
#626 = CARTESIAN_POINT('',(6.142892670746,12.336349056963));
#627 = CARTESIAN_POINT('',(6.212730530399,12.472264827664));
#628 = CARTESIAN_POINT('',(6.28318530718,12.6093839526));
#629 = ( GEOMETRIC_REPRESENTATION_CONTEXT(2) 
PARAMETRIC_REPRESENTATION_CONTEXT() REPRESENTATION_CONTEXT('2D SPACE',''
  ) );
#630 = PCURVE('',#132,#631);
#631 = DEFINITIONAL_REPRESENTATION('',(#632),#635);
#632 = B_SPLINE_CURVE_WITH_KNOTS('',1,(#633,#634),.UNSPECIFIED.,.F.,.F.,
  (2,2),(3.313382892989E-02,0.5422738242),.PIECEWISE_BEZIER_KNOTS.);
#633 = CARTESIAN_POINT('',(0.,3.180729530764));
#634 = CARTESIAN_POINT('',(0.,3.689869526034));
#635 = ( GEOMETRIC_REPRESENTATION_CONTEXT(2) 
PARAMETRIC_REPRESENTATION_CONTEXT() REPRESENTATION_CONTEXT('2D SPACE',''
  ) );
#636 = ORIENTED_EDGE('',*,*,#637,.T.);
#637 = EDGE_CURVE('',#554,#638,#640,.T.);
#638 = VERTEX_POINT('',#639);
#639 = CARTESIAN_POINT('',(6.35,-84.11106715856,21.990856638618));
#640 = SURFACE_CURVE('',#641,(#645,#651),.PCURVE_S1.);
#641 = LINE('',#642,#643);
#642 = CARTESIAN_POINT('',(6.35,-85.82898077497,2.355014151441));
#643 = VECTOR('',#644,25.4);
#644 = DIRECTION('',(0.,8.715574274766E-02,0.996194698092));
#645 = PCURVE('',#32,#646);
#646 = DEFINITIONAL_REPRESENTATION('',(#647),#650);
#647 = B_SPLINE_CURVE_WITH_KNOTS('',1,(#648,#649),.UNSPECIFIED.,.F.,.F.,
  (2,2),(0.419383821068,0.942064424238),.PIECEWISE_BEZIER_KNOTS.);
#648 = CARTESIAN_POINT('',(1.047197551197,10.652349055127));
#649 = CARTESIAN_POINT('',(1.047197551197,23.928436375636));
#650 = ( GEOMETRIC_REPRESENTATION_CONTEXT(2) 
PARAMETRIC_REPRESENTATION_CONTEXT() REPRESENTATION_CONTEXT('2D SPACE',''
  ) );
#651 = PCURVE('',#652,#657);
#652 = PLANE('',#653);
#653 = AXIS2_PLACEMENT_3D('',#654,#655,#656);
#654 = CARTESIAN_POINT('',(6.35,-32.43460888149,11.227193862134));
#655 = DIRECTION('',(1.,0.,0.));
#656 = DIRECTION('',(0.,1.,0.));
#657 = DEFINITIONAL_REPRESENTATION('',(#658),#661);
#658 = B_SPLINE_CURVE_WITH_KNOTS('',1,(#659,#660),.UNSPECIFIED.,.F.,.F.,
  (2,2),(0.419383821068,0.942064424238),.PIECEWISE_BEZIER_KNOTS.);
#659 = CARTESIAN_POINT('',(-52.46595849957,1.739633940247));
#660 = CARTESIAN_POINT('',(-51.30887124837,14.965201740341));
#661 = ( GEOMETRIC_REPRESENTATION_CONTEXT(2) 
PARAMETRIC_REPRESENTATION_CONTEXT() REPRESENTATION_CONTEXT('2D SPACE',''
  ) );
#662 = ORIENTED_EDGE('',*,*,#663,.T.);
#663 = EDGE_CURVE('',#638,#664,#666,.T.);
#664 = VERTEX_POINT('',#665);
#665 = CARTESIAN_POINT('',(4.826,-83.2322854895,23.443794637276));
#666 = SURFACE_CURVE('',#667,(#677,#690),.PCURVE_S1.);
#667 = B_SPLINE_CURVE_WITH_KNOTS('',8,(#668,#669,#670,#671,#672,#673,
    #674,#675,#676),.UNSPECIFIED.,.F.,.F.,(9,9),(0.,1.),
  .PIECEWISE_BEZIER_KNOTS.);
#668 = CARTESIAN_POINT('',(6.35,-84.11106715856,21.990856638618));
#669 = CARTESIAN_POINT('',(6.35,-84.08488177797,22.29015690838));
#670 = CARTESIAN_POINT('',(6.282309049716,-84.01976151372,
    22.586041452482));
#671 = CARTESIAN_POINT('',(6.146931567957,-83.91732287865,22.86036624002
    ));
#672 = CARTESIAN_POINT('',(5.950034902252,-83.78566114323,
    23.095787264779));
#673 = CARTESIAN_POINT('',(5.703412738327,-83.63944330031,
    23.278586438697));
#674 = CARTESIAN_POINT('',(5.422428365461,-83.49226637526,
    23.399580360258));
#675 = CARTESIAN_POINT('',(5.124247136198,-83.35434418297,23.45447338924
    ));
#676 = CARTESIAN_POINT('',(4.826,-83.2322854895,23.443794637276));
#677 = PCURVE('',#32,#678);
#678 = DEFINITIONAL_REPRESENTATION('',(#679),#689);
#679 = B_SPLINE_CURVE_WITH_KNOTS('',8,(#680,#681,#682,#683,#684,#685,
    #686,#687,#688),.UNSPECIFIED.,.F.,.F.,(9,9),(0.,1.),
  .PIECEWISE_BEZIER_KNOTS.);
#680 = CARTESIAN_POINT('',(1.047197551197,19.710848215505));
#681 = CARTESIAN_POINT('',(1.047197551197,20.011291763674));
#682 = CARTESIAN_POINT('',(1.053352260644,20.311725982755));
#683 = CARTESIAN_POINT('',(1.065659851461,20.59393499698));
#684 = CARTESIAN_POINT('',(1.08344369286,20.839935250007));
#685 = CARTESIAN_POINT('',(1.105364408077,21.034782542583));
#686 = CARTESIAN_POINT('',(1.129925970205,21.16814335996));
#687 = CARTESIAN_POINT('',(1.155611522685,21.234848215505));
#688 = CARTESIAN_POINT('',(1.181000030321,21.234848215505));
#689 = ( GEOMETRIC_REPRESENTATION_CONTEXT(2) 
PARAMETRIC_REPRESENTATION_CONTEXT() REPRESENTATION_CONTEXT('2D SPACE',''
  ) );
#690 = PCURVE('',#691,#696);
#691 = CYLINDRICAL_SURFACE('',#692,1.524);
#692 = AXIS2_PLACEMENT_3D('',#693,#694,#695);
#693 = CARTESIAN_POINT('',(4.826,34.157174648053,11.643726225396));
#694 = DIRECTION('',(0.,-0.996194698092,8.715574274766E-02));
#695 = DIRECTION('',(1.,0.,0.));
#696 = DEFINITIONAL_REPRESENTATION('',(#697),#707);
#697 = B_SPLINE_CURVE_WITH_KNOTS('',8,(#698,#699,#700,#701,#702,#703,
    #704,#705,#706),.UNSPECIFIED.,.F.,.F.,(9,9),(0.,1.),
  .PIECEWISE_BEZIER_KNOTS.);
#698 = CARTESIAN_POINT('',(0.,118.72000727686));
#699 = CARTESIAN_POINT('',(0.197141435807,118.72000727686));
#700 = CARTESIAN_POINT('',(0.394277087912,118.68092285208));
#701 = CARTESIAN_POINT('',(0.591126656337,118.60278300756));
#702 = CARTESIAN_POINT('',(0.787574218068,118.49214057906));
#703 = CARTESIAN_POINT('',(0.983646451783,118.36241113695));
#704 = CARTESIAN_POINT('',(1.17943887479,118.22633957964));
#705 = CARTESIAN_POINT('',(1.375096106193,118.09372646564));
#706 = CARTESIAN_POINT('',(1.570796326795,117.97120152779));
#707 = ( GEOMETRIC_REPRESENTATION_CONTEXT(2) 
PARAMETRIC_REPRESENTATION_CONTEXT() REPRESENTATION_CONTEXT('2D SPACE',''
  ) );
#708 = ORIENTED_EDGE('',*,*,#709,.T.);
#709 = EDGE_CURVE('',#664,#710,#712,.T.);
#710 = VERTEX_POINT('',#711);
#711 = CARTESIAN_POINT('',(-4.826,-83.2322854895,23.443794637276));
#712 = SURFACE_CURVE('',#713,(#718,#725),.PCURVE_S1.);
#713 = CIRCLE('',#714,12.7);
#714 = AXIS2_PLACEMENT_3D('',#715,#716,#717);
#715 = CARTESIAN_POINT('',(0.,-94.93491173553,24.467641767285));
#716 = DIRECTION('',(0.,8.715574274766E-02,0.996194698092));
#717 = DIRECTION('',(1.,0.,-0.));
#718 = PCURVE('',#32,#719);
#719 = DEFINITIONAL_REPRESENTATION('',(#720),#724);
#720 = LINE('',#721,#722);
#721 = CARTESIAN_POINT('',(0.,21.234848215505));
#722 = VECTOR('',#723,1.);
#723 = DIRECTION('',(1.,0.));
#724 = ( GEOMETRIC_REPRESENTATION_CONTEXT(2) 
PARAMETRIC_REPRESENTATION_CONTEXT() REPRESENTATION_CONTEXT('2D SPACE',''
  ) );
#725 = PCURVE('',#726,#731);
#726 = PLANE('',#727);
#727 = AXIS2_PLACEMENT_3D('',#728,#729,#730);
#728 = CARTESIAN_POINT('',(-6.35,34.29,13.161926945287));
#729 = DIRECTION('',(0.,-8.715574274766E-02,-0.996194698092));
#730 = DIRECTION('',(0.,-0.996194698092,8.715574274766E-02));
#731 = DEFINITIONAL_REPRESENTATION('',(#732),#740);
#732 = ( BOUNDED_CURVE() B_SPLINE_CURVE(2,(#733,#734,#735,#736,#737,#738
,#739),.UNSPECIFIED.,.T.,.F.) B_SPLINE_CURVE_WITH_KNOTS((1,2,2,2,2,1),(
    -2.094395102393,0.,2.094395102393,4.188790204786,6.28318530718,
8.377580409573),.UNSPECIFIED.) CURVE() GEOMETRIC_REPRESENTATION_ITEM() 
RATIONAL_B_SPLINE_CURVE((1.,0.5,1.,0.5,1.,0.5,1.)) REPRESENTATION_ITEM(
  '') );
#733 = CARTESIAN_POINT('',(129.71852990492,-19.05));
#734 = CARTESIAN_POINT('',(107.72148464879,-19.05));
#735 = CARTESIAN_POINT('',(118.72000727686,-2.6645352591E-15));
#736 = CARTESIAN_POINT('',(129.71852990492,19.05));
#737 = CARTESIAN_POINT('',(140.71705253298,5.329070518201E-15));
#738 = CARTESIAN_POINT('',(151.71557516104,-19.05));
#739 = CARTESIAN_POINT('',(129.71852990492,-19.05));
#740 = ( GEOMETRIC_REPRESENTATION_CONTEXT(2) 
PARAMETRIC_REPRESENTATION_CONTEXT() REPRESENTATION_CONTEXT('2D SPACE',''
  ) );
#741 = ORIENTED_EDGE('',*,*,#742,.T.);
#742 = EDGE_CURVE('',#710,#24,#743,.T.);
#743 = SURFACE_CURVE('',#744,(#754,#767),.PCURVE_S1.);
#744 = B_SPLINE_CURVE_WITH_KNOTS('',8,(#745,#746,#747,#748,#749,#750,
    #751,#752,#753),.UNSPECIFIED.,.F.,.F.,(9,9),(0.,1.),
  .PIECEWISE_BEZIER_KNOTS.);
#745 = CARTESIAN_POINT('',(-4.826,-83.2322854895,23.443794637276));
#746 = CARTESIAN_POINT('',(-5.124247136198,-83.35434418297,
    23.45447338924));
#747 = CARTESIAN_POINT('',(-5.422428365461,-83.49226637526,
    23.399580360258));
#748 = CARTESIAN_POINT('',(-5.703412738328,-83.63944330031,
    23.278586438697));
#749 = CARTESIAN_POINT('',(-5.950034902251,-83.78566114323,
    23.09578726478));
#750 = CARTESIAN_POINT('',(-6.146931567957,-83.91732287866,
    22.860366240019));
#751 = CARTESIAN_POINT('',(-6.282309049716,-84.01976151372,
    22.586041452483));
#752 = CARTESIAN_POINT('',(-6.35,-84.08488177797,22.29015690838));
#753 = CARTESIAN_POINT('',(-6.35,-84.11106715856,21.990856638618));
#754 = PCURVE('',#32,#755);
#755 = DEFINITIONAL_REPRESENTATION('',(#756),#766);
#756 = B_SPLINE_CURVE_WITH_KNOTS('',8,(#757,#758,#759,#760,#761,#762,
    #763,#764,#765),.UNSPECIFIED.,.F.,.F.,(9,9),(0.,1.),
  .PIECEWISE_BEZIER_KNOTS.);
#757 = CARTESIAN_POINT('',(1.960592623269,21.234848215505));
#758 = CARTESIAN_POINT('',(1.985981130905,21.234848215505));
#759 = CARTESIAN_POINT('',(2.011666683385,21.16814335996));
#760 = CARTESIAN_POINT('',(2.036228245513,21.034782542582));
#761 = CARTESIAN_POINT('',(2.05814896073,20.839935250007));
#762 = CARTESIAN_POINT('',(2.075932802129,20.593934996979));
#763 = CARTESIAN_POINT('',(2.088240392946,20.311725982756));
#764 = CARTESIAN_POINT('',(2.094395102393,20.011291763674));
#765 = CARTESIAN_POINT('',(2.094395102393,19.710848215505));
#766 = ( GEOMETRIC_REPRESENTATION_CONTEXT(2) 
PARAMETRIC_REPRESENTATION_CONTEXT() REPRESENTATION_CONTEXT('2D SPACE',''
  ) );
#767 = PCURVE('',#768,#773);
#768 = CYLINDRICAL_SURFACE('',#769,1.524);
#769 = AXIS2_PLACEMENT_3D('',#770,#771,#772);
#770 = CARTESIAN_POINT('',(-4.826,34.157174648053,11.643726225396));
#771 = DIRECTION('',(0.,-0.996194698092,8.715574274766E-02));
#772 = DIRECTION('',(-0.,8.715574274766E-02,0.996194698092));
#773 = DEFINITIONAL_REPRESENTATION('',(#774),#784);
#774 = B_SPLINE_CURVE_WITH_KNOTS('',8,(#775,#776,#777,#778,#779,#780,
    #781,#782,#783),.UNSPECIFIED.,.F.,.F.,(9,9),(0.,1.),
  .PIECEWISE_BEZIER_KNOTS.);
#775 = CARTESIAN_POINT('',(0.,117.97120152779));
#776 = CARTESIAN_POINT('',(0.195700220602,118.09372646564));
#777 = CARTESIAN_POINT('',(0.391357452004,118.22633957964));
#778 = CARTESIAN_POINT('',(0.587149875013,118.36241113695));
#779 = CARTESIAN_POINT('',(0.783222108725,118.49214057906));
#780 = CARTESIAN_POINT('',(0.979669670459,118.60278300756));
#781 = CARTESIAN_POINT('',(1.176519238883,118.68092285208));
#782 = CARTESIAN_POINT('',(1.373654890988,118.72000727686));
#783 = CARTESIAN_POINT('',(1.570796326795,118.72000727686));
#784 = ( GEOMETRIC_REPRESENTATION_CONTEXT(2) 
PARAMETRIC_REPRESENTATION_CONTEXT() REPRESENTATION_CONTEXT('2D SPACE',''
  ) );
#785 = ADVANCED_FACE('',(#786),#43,.F.);
#786 = FACE_BOUND('',#787,.F.);
#787 = EDGE_LOOP('',(#788,#816,#837,#838,#912,#938,#964));
#788 = ORIENTED_EDGE('',*,*,#789,.F.);
#789 = EDGE_CURVE('',#790,#792,#794,.T.);
#790 = VERTEX_POINT('',#791);
#791 = CARTESIAN_POINT('',(-6.35,22.430227438106,12.669701164033));
#792 = VERTEX_POINT('',#793);
#793 = CARTESIAN_POINT('',(-6.35,14.224,12.669701164033));
#794 = SURFACE_CURVE('',#795,(#799,#805),.PCURVE_S1.);
#795 = LINE('',#796,#797);
#796 = CARTESIAN_POINT('',(-6.35,-9.867304440747,12.669701164033));
#797 = VECTOR('',#798,25.4);
#798 = DIRECTION('',(0.,-1.,0.));
#799 = PCURVE('',#43,#800);
#800 = DEFINITIONAL_REPRESENTATION('',(#801),#804);
#801 = B_SPLINE_CURVE_WITH_KNOTS('',1,(#802,#803),.UNSPECIFIED.,.F.,.F.,
  (2,2),(-1.328476552785,-0.948476552785),.PIECEWISE_BEZIER_KNOTS.);
#802 = CARTESIAN_POINT('',(56.310608881494,1.442507301899));
#803 = CARTESIAN_POINT('',(46.658608881494,1.442507301899));
#804 = ( GEOMETRIC_REPRESENTATION_CONTEXT(2) 
PARAMETRIC_REPRESENTATION_CONTEXT() REPRESENTATION_CONTEXT('2D SPACE',''
  ) );
#805 = PCURVE('',#806,#811);
#806 = PLANE('',#807);
#807 = AXIS2_PLACEMENT_3D('',#808,#809,#810);
#808 = CARTESIAN_POINT('',(-68.64684210526,12.7,12.669701164033));
#809 = DIRECTION('',(0.,0.,1.));
#810 = DIRECTION('',(1.,0.,0.));
#811 = DEFINITIONAL_REPRESENTATION('',(#812),#815);
#812 = B_SPLINE_CURVE_WITH_KNOTS('',1,(#813,#814),.UNSPECIFIED.,.F.,.F.,
  (2,2),(-1.328476552785,-0.948476552785),.PIECEWISE_BEZIER_KNOTS.);
#813 = CARTESIAN_POINT('',(62.296842105263,11.176));
#814 = CARTESIAN_POINT('',(62.296842105263,1.524));
#815 = ( GEOMETRIC_REPRESENTATION_CONTEXT(2) 
PARAMETRIC_REPRESENTATION_CONTEXT() REPRESENTATION_CONTEXT('2D SPACE',''
  ) );
#816 = ORIENTED_EDGE('',*,*,#817,.T.);
#817 = EDGE_CURVE('',#790,#24,#818,.T.);
#818 = SURFACE_CURVE('',#819,(#823,#830),.PCURVE_S1.);
#819 = LINE('',#820,#821);
#820 = CARTESIAN_POINT('',(-6.35,34.157174648053,11.643726225396));
#821 = VECTOR('',#822,25.4);
#822 = DIRECTION('',(0.,-0.996194698092,8.715574274766E-02));
#823 = PCURVE('',#43,#824);
#824 = DEFINITIONAL_REPRESENTATION('',(#825),#829);
#825 = LINE('',#826,#827);
#826 = CARTESIAN_POINT('',(66.591783529546,0.416532363261));
#827 = VECTOR('',#828,1.);
#828 = DIRECTION('',(-0.996194698092,8.715574274766E-02));
#829 = ( GEOMETRIC_REPRESENTATION_CONTEXT(2) 
PARAMETRIC_REPRESENTATION_CONTEXT() REPRESENTATION_CONTEXT('2D SPACE',''
  ) );
#830 = PCURVE('',#768,#831);
#831 = DEFINITIONAL_REPRESENTATION('',(#832),#836);
#832 = LINE('',#833,#834);
#833 = CARTESIAN_POINT('',(1.570796326795,0.));
#834 = VECTOR('',#835,1.);
#835 = DIRECTION('',(0.,1.));
#836 = ( GEOMETRIC_REPRESENTATION_CONTEXT(2) 
PARAMETRIC_REPRESENTATION_CONTEXT() REPRESENTATION_CONTEXT('2D SPACE',''
  ) );
#837 = ORIENTED_EDGE('',*,*,#21,.F.);
#838 = ORIENTED_EDGE('',*,*,#839,.F.);
#839 = EDGE_CURVE('',#840,#22,#842,.T.);
#840 = VERTEX_POINT('',#841);
#841 = CARTESIAN_POINT('',(-6.35,-74.30787690269,6.35));
#842 = SURFACE_CURVE('',#843,(#864,#888),.PCURVE_S1.);
#843 = B_SPLINE_CURVE_WITH_KNOTS('',7,(#844,#845,#846,#847,#848,#849,
    #850,#851,#852,#853,#854,#855,#856,#857,#858,#859,#860,#861,#862,
    #863),.UNSPECIFIED.,.F.,.F.,(8,6,6,8),(0.,0.388060822399,
    0.776833440943,1.),.UNSPECIFIED.);
#844 = CARTESIAN_POINT('',(-6.35,-74.30787690269,6.35));
#845 = CARTESIAN_POINT('',(-6.35,-75.12249337553,6.35));
#846 = CARTESIAN_POINT('',(-6.35,-75.97285519217,6.424596357231));
#847 = CARTESIAN_POINT('',(-6.35,-76.84861115395,6.584582188683));
#848 = CARTESIAN_POINT('',(-6.35,-77.73508306954,6.838906671241));
#849 = CARTESIAN_POINT('',(-6.35,-78.61284336254,7.192286313806));
#850 = CARTESIAN_POINT('',(-6.35,-79.46034201642,7.641885773273));
#851 = CARTESIAN_POINT('',(-6.35,-81.05627119029,8.716484568572));
#852 = CARTESIAN_POINT('',(-6.35,-81.8045739887,9.34184158507));
#853 = CARTESIAN_POINT('',(-6.35,-82.48235299639,10.045731698151));
#854 = CARTESIAN_POINT('',(-6.35,-83.0710703483,10.812923604502));
#855 = CARTESIAN_POINT('',(-6.35,-83.55716542868,11.623303466891));
#856 = CARTESIAN_POINT('',(-6.35,-83.93473236119,12.456947063576));
#857 = CARTESIAN_POINT('',(-6.35,-84.36022715384,13.777292604964));
#858 = CARTESIAN_POINT('',(-6.35,-84.48006828148,14.260536057545));
#859 = CARTESIAN_POINT('',(-6.35,-84.56481224428,14.742096413189));
#860 = CARTESIAN_POINT('',(-6.35,-84.61549285638,15.218815277275));
#861 = CARTESIAN_POINT('',(-6.35,-84.63385623315,15.687913285854));
#862 = CARTESIAN_POINT('',(-6.35,-84.62218605248,16.147053409275));
#863 = CARTESIAN_POINT('',(-6.35,-84.58304125771,16.594343190147));
#864 = PCURVE('',#43,#865);
#865 = DEFINITIONAL_REPRESENTATION('',(#866),#887);
#866 = B_SPLINE_CURVE_WITH_KNOTS('',7,(#867,#868,#869,#870,#871,#872,
    #873,#874,#875,#876,#877,#878,#879,#880,#881,#882,#883,#884,#885,
    #886),.UNSPECIFIED.,.F.,.F.,(8,6,6,8),(0.,0.388060822399,
    0.776833440943,1.),.UNSPECIFIED.);
#867 = CARTESIAN_POINT('',(-41.87326802119,-4.877193862134));
#868 = CARTESIAN_POINT('',(-42.68788449404,-4.877193862134));
#869 = CARTESIAN_POINT('',(-43.53824631068,-4.802597504903));
#870 = CARTESIAN_POINT('',(-44.41400227246,-4.642611673451));
#871 = CARTESIAN_POINT('',(-45.30047418805,-4.388287190893));
#872 = CARTESIAN_POINT('',(-46.17823448104,-4.034907548328));
#873 = CARTESIAN_POINT('',(-47.02573313493,-3.585308088861));
#874 = CARTESIAN_POINT('',(-48.62166230879,-2.510709293563));
#875 = CARTESIAN_POINT('',(-49.3699651072,-1.885352277064));
#876 = CARTESIAN_POINT('',(-50.04774411489,-1.181462163983));
#877 = CARTESIAN_POINT('',(-50.6364614668,-0.414270257632));
#878 = CARTESIAN_POINT('',(-51.12255654719,0.396109604757));
#879 = CARTESIAN_POINT('',(-51.5001234797,1.229753201442));
#880 = CARTESIAN_POINT('',(-51.92561827235,2.55009874283));
#881 = CARTESIAN_POINT('',(-52.04545939999,3.033342195411));
#882 = CARTESIAN_POINT('',(-52.13020336278,3.514902551054));
#883 = CARTESIAN_POINT('',(-52.18088397489,3.991621415141));
#884 = CARTESIAN_POINT('',(-52.19924735166,4.46071942372));
#885 = CARTESIAN_POINT('',(-52.18757717098,4.919859547141));
#886 = CARTESIAN_POINT('',(-52.14843237621,5.367149328012));
#887 = ( GEOMETRIC_REPRESENTATION_CONTEXT(2) 
PARAMETRIC_REPRESENTATION_CONTEXT() REPRESENTATION_CONTEXT('2D SPACE',''
  ) );
#888 = PCURVE('',#132,#889);
#889 = DEFINITIONAL_REPRESENTATION('',(#890),#911);
#890 = B_SPLINE_CURVE_WITH_KNOTS('',7,(#891,#892,#893,#894,#895,#896,
    #897,#898,#899,#900,#901,#902,#903,#904,#905,#906,#907,#908,#909,
    #910),.UNSPECIFIED.,.F.,.F.,(8,6,6,8),(0.,0.388060822399,
    0.776833440943,1.),.UNSPECIFIED.);
#891 = CARTESIAN_POINT('',(3.147595701834,0.9265981893));
#892 = CARTESIAN_POINT('',(2.972394867575,0.931468839324));
#893 = CARTESIAN_POINT('',(2.797450866622,0.936939841893));
#894 = CARTESIAN_POINT('',(2.62278959235,0.943065063829));
#895 = CARTESIAN_POINT('',(2.448405235661,0.949876128342));
#896 = CARTESIAN_POINT('',(2.274251094216,0.957370615705));
#897 = CARTESIAN_POINT('',(2.100250471591,0.965429488792));
#898 = CARTESIAN_POINT('',(1.752090078049,0.982174146067));
#899 = CARTESIAN_POINT('',(1.577917653844,0.990862347434));
#900 = CARTESIAN_POINT('',(1.403735397841,0.999595897019));
#901 = CARTESIAN_POINT('',(1.229437314725,1.007995820438));
#902 = CARTESIAN_POINT('',(1.054914053808,1.015492694683));
#903 = CARTESIAN_POINT('',(0.880113748895,1.021608045895));
#904 = CARTESIAN_POINT('',(0.604576295793,1.028706439206));
#905 = CARTESIAN_POINT('',(0.504004151057,1.030766038176));
#906 = CARTESIAN_POINT('',(0.403349107925,1.032253163532));
#907 = CARTESIAN_POINT('',(0.302615334343,1.033151128889));
#908 = CARTESIAN_POINT('',(0.201808013621,1.033474897565));
#909 = CARTESIAN_POINT('',(0.100933700491,1.033266473966));
#910 = CARTESIAN_POINT('',(0.,1.032580727654));
#911 = ( GEOMETRIC_REPRESENTATION_CONTEXT(2) 
PARAMETRIC_REPRESENTATION_CONTEXT() REPRESENTATION_CONTEXT('2D SPACE',''
  ) );
#912 = ORIENTED_EDGE('',*,*,#913,.T.);
#913 = EDGE_CURVE('',#840,#914,#916,.T.);
#914 = VERTEX_POINT('',#915);
#915 = CARTESIAN_POINT('',(-6.35,12.7,6.35));
#916 = SURFACE_CURVE('',#917,(#921,#927),.PCURVE_S1.);
#917 = LINE('',#918,#919);
#918 = CARTESIAN_POINT('',(-6.35,-9.096725614475,6.35));
#919 = VECTOR('',#920,25.4);
#920 = DIRECTION('',(0.,1.,0.));
#921 = PCURVE('',#43,#922);
#922 = DEFINITIONAL_REPRESENTATION('',(#923),#926);
#923 = B_SPLINE_CURVE_WITH_KNOTS('',1,(#924,#925),.UNSPECIFIED.,.F.,.F.,
  (2,2),(-3.439951277509,1.70813880372),.PIECEWISE_BEZIER_KNOTS.);
#924 = CARTESIAN_POINT('',(-64.0368791817,-4.877193862134));
#925 = CARTESIAN_POINT('',(66.724608881494,-4.877193862134));
#926 = ( GEOMETRIC_REPRESENTATION_CONTEXT(2) 
PARAMETRIC_REPRESENTATION_CONTEXT() REPRESENTATION_CONTEXT('2D SPACE',''
  ) );
#927 = PCURVE('',#928,#933);
#928 = PLANE('',#929);
#929 = AXIS2_PLACEMENT_3D('',#930,#931,#932);
#930 = CARTESIAN_POINT('',(1.347213489546E-07,14.241157652543,6.35));
#931 = DIRECTION('',(0.,0.,1.));
#932 = DIRECTION('',(1.,0.,0.));
#933 = DEFINITIONAL_REPRESENTATION('',(#934),#937);
#934 = B_SPLINE_CURVE_WITH_KNOTS('',1,(#935,#936),.UNSPECIFIED.,.F.,.F.,
  (2,2),(-3.439951277509,1.70813880372),.PIECEWISE_BEZIER_KNOTS.);
#935 = CARTESIAN_POINT('',(-6.350000134721,-110.7126457157));
#936 = CARTESIAN_POINT('',(-6.350000134721,20.048842347457));
#937 = ( GEOMETRIC_REPRESENTATION_CONTEXT(2) 
PARAMETRIC_REPRESENTATION_CONTEXT() REPRESENTATION_CONTEXT('2D SPACE',''
  ) );
#938 = ORIENTED_EDGE('',*,*,#939,.T.);
#939 = EDGE_CURVE('',#914,#940,#942,.T.);
#940 = VERTEX_POINT('',#941);
#941 = CARTESIAN_POINT('',(-6.35,12.7,11.145701164033));
#942 = SURFACE_CURVE('',#943,(#947,#953),.PCURVE_S1.);
#943 = LINE('',#944,#945);
#944 = CARTESIAN_POINT('',(-6.35,12.7,7.518596931067));
#945 = VECTOR('',#946,25.4);
#946 = DIRECTION('',(0.,0.,1.));
#947 = PCURVE('',#43,#948);
#948 = DEFINITIONAL_REPRESENTATION('',(#949),#952);
#949 = B_SPLINE_CURVE_WITH_KNOTS('',1,(#950,#951),.UNSPECIFIED.,.F.,.F.,
  (2,2),(-4.600775319162E-02,0.142799379251),.PIECEWISE_BEZIER_KNOTS.);
#950 = CARTESIAN_POINT('',(45.134608881494,-4.877193862134));
#951 = CARTESIAN_POINT('',(45.134608881494,-8.14926981013E-02));
#952 = ( GEOMETRIC_REPRESENTATION_CONTEXT(2) 
PARAMETRIC_REPRESENTATION_CONTEXT() REPRESENTATION_CONTEXT('2D SPACE',''
  ) );
#953 = PCURVE('',#954,#959);
#954 = PLANE('',#955);
#955 = AXIS2_PLACEMENT_3D('',#956,#957,#958);
#956 = CARTESIAN_POINT('',(-68.64684210526,12.7,3.81));
#957 = DIRECTION('',(0.,1.,0.));
#958 = DIRECTION('',(0.,0.,1.));
#959 = DEFINITIONAL_REPRESENTATION('',(#960),#963);
#960 = B_SPLINE_CURVE_WITH_KNOTS('',1,(#961,#962),.UNSPECIFIED.,.F.,.F.,
  (2,2),(-4.600775319162E-02,0.142799379251),.PIECEWISE_BEZIER_KNOTS.);
#961 = CARTESIAN_POINT('',(2.54,62.296842105263));
#962 = CARTESIAN_POINT('',(7.335701164033,62.296842105263));
#963 = ( GEOMETRIC_REPRESENTATION_CONTEXT(2) 
PARAMETRIC_REPRESENTATION_CONTEXT() REPRESENTATION_CONTEXT('2D SPACE',''
  ) );
#964 = ORIENTED_EDGE('',*,*,#965,.F.);
#965 = EDGE_CURVE('',#792,#940,#966,.T.);
#966 = SURFACE_CURVE('',#967,(#972,#979),.PCURVE_S1.);
#967 = CIRCLE('',#968,1.524);
#968 = AXIS2_PLACEMENT_3D('',#969,#970,#971);
#969 = CARTESIAN_POINT('',(-6.35,14.224,11.145701164033));
#970 = DIRECTION('',(1.,0.,0.));
#971 = DIRECTION('',(0.,-1.,0.));
#972 = PCURVE('',#43,#973);
#973 = DEFINITIONAL_REPRESENTATION('',(#974),#978);
#974 = CIRCLE('',#975,1.524);
#975 = AXIS2_PLACEMENT_2D('',#976,#977);
#976 = CARTESIAN_POINT('',(46.658608881494,-8.14926981013E-02));
#977 = DIRECTION('',(-1.,0.));
#978 = ( GEOMETRIC_REPRESENTATION_CONTEXT(2) 
PARAMETRIC_REPRESENTATION_CONTEXT() REPRESENTATION_CONTEXT('2D SPACE',''
  ) );
#979 = PCURVE('',#980,#985);
#980 = CYLINDRICAL_SURFACE('',#981,1.524);
#981 = AXIS2_PLACEMENT_3D('',#982,#983,#984);
#982 = CARTESIAN_POINT('',(-68.64684210526,14.224,11.145701164033));
#983 = DIRECTION('',(1.,0.,0.));
#984 = DIRECTION('',(0.,-1.,0.));
#985 = DEFINITIONAL_REPRESENTATION('',(#986),#990);
#986 = LINE('',#987,#988);
#987 = CARTESIAN_POINT('',(-6.28318530718,62.296842105263));
#988 = VECTOR('',#989,1.);
#989 = DIRECTION('',(1.,-0.));
#990 = ( GEOMETRIC_REPRESENTATION_CONTEXT(2) 
PARAMETRIC_REPRESENTATION_CONTEXT() REPRESENTATION_CONTEXT('2D SPACE',''
  ) );
#991 = ADVANCED_FACE('',(#992),#768,.T.);
#992 = FACE_BOUND('',#993,.T.);
#993 = EDGE_LOOP('',(#994,#1017,#1052,#1084,#1112,#1161,#1186,#1187));
#994 = ORIENTED_EDGE('',*,*,#995,.F.);
#995 = EDGE_CURVE('',#996,#710,#998,.T.);
#996 = VERTEX_POINT('',#997);
#997 = CARTESIAN_POINT('',(-4.826,32.898825351947,13.283638955977));
#998 = SURFACE_CURVE('',#999,(#1003,#1010),.PCURVE_S1.);
#999 = LINE('',#1000,#1001);
#1000 = CARTESIAN_POINT('',(-4.826,34.29,13.161926945287));
#1001 = VECTOR('',#1002,25.4);
#1002 = DIRECTION('',(0.,-0.996194698092,8.715574274766E-02));
#1003 = PCURVE('',#768,#1004);
#1004 = DEFINITIONAL_REPRESENTATION('',(#1005),#1009);
#1005 = LINE('',#1006,#1007);
#1006 = CARTESIAN_POINT('',(0.,0.));
#1007 = VECTOR('',#1008,1.);
#1008 = DIRECTION('',(0.,1.));
#1009 = ( GEOMETRIC_REPRESENTATION_CONTEXT(2) 
PARAMETRIC_REPRESENTATION_CONTEXT() REPRESENTATION_CONTEXT('2D SPACE',''
  ) );
#1010 = PCURVE('',#726,#1011);
#1011 = DEFINITIONAL_REPRESENTATION('',(#1012),#1016);
#1012 = LINE('',#1013,#1014);
#1013 = CARTESIAN_POINT('',(0.,-1.524));
#1014 = VECTOR('',#1015,1.);
#1015 = DIRECTION('',(1.,0.));
#1016 = ( GEOMETRIC_REPRESENTATION_CONTEXT(2) 
PARAMETRIC_REPRESENTATION_CONTEXT() REPRESENTATION_CONTEXT('2D SPACE',''
  ) );
#1017 = ORIENTED_EDGE('',*,*,#1018,.T.);
#1018 = EDGE_CURVE('',#996,#1019,#1021,.T.);
#1019 = VERTEX_POINT('',#1020);
#1020 = CARTESIAN_POINT('',(-6.344200719892,34.29,11.765438236085));
#1021 = SURFACE_CURVE('',#1022,(#1027,#1037),.PCURVE_S1.);
#1022 = ELLIPSE('',#1023,2.155261469057,1.524);
#1023 = AXIS2_PLACEMENT_3D('',#1024,#1025,#1026);
#1024 = CARTESIAN_POINT('',(-4.826,32.766,11.765438236085));
#1025 = DIRECTION('',(-0.707106781187,-0.704416026403,6.162841671622E-02
    ));
#1026 = DIRECTION('',(0.707106781187,-0.704416026403,6.162841671622E-02)
  );
#1027 = PCURVE('',#768,#1028);
#1028 = DEFINITIONAL_REPRESENTATION('',(#1029),#1036);
#1029 = B_SPLINE_CURVE_WITH_KNOTS('',5,(#1030,#1031,#1032,#1033,#1034,
    #1035),.UNSPECIFIED.,.F.,.F.,(6,6),(1.570796326795,3.05432619099),
  .PIECEWISE_BEZIER_KNOTS.);
#1030 = CARTESIAN_POINT('',(0.,1.396488709203));
#1031 = CARTESIAN_POINT('',(0.296705972839,0.944308806596));
#1032 = CARTESIAN_POINT('',(0.59341403757,0.491849753613));
#1033 = CARTESIAN_POINT('',(0.890124361719,0.123796668815));
#1034 = CARTESIAN_POINT('',(1.186823891356,-8.230193542202E-02));
#1035 = CARTESIAN_POINT('',(1.483529864195,-0.121712010689));
#1036 = ( GEOMETRIC_REPRESENTATION_CONTEXT(2) 
PARAMETRIC_REPRESENTATION_CONTEXT() REPRESENTATION_CONTEXT('2D SPACE',''
  ) );
#1037 = PCURVE('',#1038,#1043);
#1038 = CYLINDRICAL_SURFACE('',#1039,1.524);
#1039 = AXIS2_PLACEMENT_3D('',#1040,#1041,#1042);
#1040 = CARTESIAN_POINT('',(-6.35,32.766,11.765438236085));
#1041 = DIRECTION('',(1.,0.,0.));
#1042 = DIRECTION('',(-0.,1.,0.));
#1043 = DEFINITIONAL_REPRESENTATION('',(#1044),#1051);
#1044 = B_SPLINE_CURVE_WITH_KNOTS('',5,(#1045,#1046,#1047,#1048,#1049,
    #1050),.UNSPECIFIED.,.F.,.F.,(6,6),(1.570796326795,3.05432619099),
  .PIECEWISE_BEZIER_KNOTS.);
#1045 = CARTESIAN_POINT('',(1.483529864195,1.524));
#1046 = CARTESIAN_POINT('',(1.186823891356,1.071820097393));
#1047 = CARTESIAN_POINT('',(0.890115826626,0.619361044411));
#1048 = CARTESIAN_POINT('',(0.593405502476,0.251307959613));
#1049 = CARTESIAN_POINT('',(0.296705972839,4.520935537543E-02));
#1050 = CARTESIAN_POINT('',(-3.65710479784E-18,5.799280108179E-03));
#1051 = ( GEOMETRIC_REPRESENTATION_CONTEXT(2) 
PARAMETRIC_REPRESENTATION_CONTEXT() REPRESENTATION_CONTEXT('2D SPACE',''
  ) );
#1052 = ORIENTED_EDGE('',*,*,#1053,.T.);
#1053 = EDGE_CURVE('',#1019,#1054,#1056,.T.);
#1054 = VERTEX_POINT('',#1055);
#1055 = CARTESIAN_POINT('',(-6.35,34.29,11.632105512871));
#1056 = SURFACE_CURVE('',#1057,(#1062,#1072),.PCURVE_S1.);
#1057 = ELLIPSE('',#1058,1.529821432416,1.524);
#1058 = AXIS2_PLACEMENT_3D('',#1059,#1060,#1061);
#1059 = CARTESIAN_POINT('',(-4.826,34.29,11.632105512871));
#1060 = DIRECTION('',(0.,-1.,0.));
#1061 = DIRECTION('',(0.,0.,1.));
#1062 = PCURVE('',#768,#1063);
#1063 = DEFINITIONAL_REPRESENTATION('',(#1064),#1071);
#1064 = B_SPLINE_CURVE_WITH_KNOTS('',5,(#1065,#1066,#1067,#1068,#1069,
    #1070),.UNSPECIFIED.,.F.,.F.,(6,6),(1.483529864195,1.570796326795),
  .PIECEWISE_BEZIER_KNOTS.);
#1065 = CARTESIAN_POINT('',(1.483529864195,-0.121712010689));
#1066 = CARTESIAN_POINT('',(1.500983156715,-0.124030250411));
#1067 = CARTESIAN_POINT('',(1.518436449235,-0.126352914972));
#1068 = CARTESIAN_POINT('',(1.535889741755,-0.128678533172));
#1069 = CARTESIAN_POINT('',(1.553343034275,-0.131005628193));
#1070 = CARTESIAN_POINT('',(1.570796326795,-0.133332723214));
#1071 = ( GEOMETRIC_REPRESENTATION_CONTEXT(2) 
PARAMETRIC_REPRESENTATION_CONTEXT() REPRESENTATION_CONTEXT('2D SPACE',''
  ) );
#1072 = PCURVE('',#1073,#1078);
#1073 = PLANE('',#1074);
#1074 = AXIS2_PLACEMENT_3D('',#1075,#1076,#1077);
#1075 = CARTESIAN_POINT('',(-6.35,34.29,3.81));
#1076 = DIRECTION('',(0.,-1.,0.));
#1077 = DIRECTION('',(0.,0.,1.));
#1078 = DEFINITIONAL_REPRESENTATION('',(#1079),#1083);
#1079 = ELLIPSE('',#1080,1.529821432416,1.524);
#1080 = AXIS2_PLACEMENT_2D('',#1081,#1082);
#1081 = CARTESIAN_POINT('',(7.822105512871,-1.524));
#1082 = DIRECTION('',(1.,0.));
#1083 = ( GEOMETRIC_REPRESENTATION_CONTEXT(2) 
PARAMETRIC_REPRESENTATION_CONTEXT() REPRESENTATION_CONTEXT('2D SPACE',''
  ) );
#1084 = ORIENTED_EDGE('',*,*,#1085,.T.);
#1085 = EDGE_CURVE('',#1054,#1086,#1088,.T.);
#1086 = VERTEX_POINT('',#1087);
#1087 = CARTESIAN_POINT('',(-6.35,24.614957234751,12.478562073959));
#1088 = SURFACE_CURVE('',#1089,(#1093,#1100),.PCURVE_S1.);
#1089 = LINE('',#1090,#1091);
#1090 = CARTESIAN_POINT('',(-6.35,34.157174648053,11.643726225396));
#1091 = VECTOR('',#1092,25.4);
#1092 = DIRECTION('',(0.,-0.996194698092,8.715574274766E-02));
#1093 = PCURVE('',#768,#1094);
#1094 = DEFINITIONAL_REPRESENTATION('',(#1095),#1099);
#1095 = LINE('',#1096,#1097);
#1096 = CARTESIAN_POINT('',(1.570796326795,0.));
#1097 = VECTOR('',#1098,1.);
#1098 = DIRECTION('',(0.,1.));
#1099 = ( GEOMETRIC_REPRESENTATION_CONTEXT(2) 
PARAMETRIC_REPRESENTATION_CONTEXT() REPRESENTATION_CONTEXT('2D SPACE',''
  ) );
#1100 = PCURVE('',#1101,#1106);
#1101 = PLANE('',#1102);
#1102 = AXIS2_PLACEMENT_3D('',#1103,#1104,#1105);
#1103 = CARTESIAN_POINT('',(-6.35,-32.43460888149,11.227193862134));
#1104 = DIRECTION('',(1.,0.,0.));
#1105 = DIRECTION('',(0.,1.,0.));
#1106 = DEFINITIONAL_REPRESENTATION('',(#1107),#1111);
#1107 = LINE('',#1108,#1109);
#1108 = CARTESIAN_POINT('',(66.591783529546,0.416532363261));
#1109 = VECTOR('',#1110,1.);
#1110 = DIRECTION('',(-0.996194698092,8.715574274766E-02));
#1111 = ( GEOMETRIC_REPRESENTATION_CONTEXT(2) 
PARAMETRIC_REPRESENTATION_CONTEXT() REPRESENTATION_CONTEXT('2D SPACE',''
  ) );
#1112 = ORIENTED_EDGE('',*,*,#1113,.T.);
#1113 = EDGE_CURVE('',#1086,#1114,#1116,.T.);
#1114 = VERTEX_POINT('',#1115);
#1115 = CARTESIAN_POINT('',(-6.344781794667,23.876,12.669701164033));
#1116 = SURFACE_CURVE('',#1117,(#1128,#1142),.PCURVE_S1.);
#1117 = B_SPLINE_CURVE_WITH_KNOTS('',5,(#1118,#1119,#1120,#1121,#1122,
    #1123,#1124,#1125,#1126,#1127),.UNSPECIFIED.,.F.,.F.,(6,4,6),(0.,
    0.832073962322,1.),.UNSPECIFIED.);
#1118 = CARTESIAN_POINT('',(-6.35,24.614957234751,12.478562073959));
#1119 = CARTESIAN_POINT('',(-6.35,24.508852561708,12.537388028867));
#1120 = CARTESIAN_POINT('',(-6.347991258866,24.392622193075,
    12.588022798079));
#1121 = CARTESIAN_POINT('',(-6.345505106101,24.26855091984,
    12.626985038833));
#1122 = CARTESIAN_POINT('',(-6.344286699529,24.139547474537,
    12.652497555125));
#1123 = CARTESIAN_POINT('',(-6.344290069238,23.981995676211,
    12.66624258722));
#1124 = CARTESIAN_POINT('',(-6.344340866423,23.955488378019,
    12.667974410237));
#1125 = CARTESIAN_POINT('',(-6.34444184285,23.928964625097,
    12.669127026084));
#1126 = CARTESIAN_POINT('',(-6.34459048035,23.902457625281,
    12.669701164033));
#1127 = CARTESIAN_POINT('',(-6.344781794668,23.876,12.669701164033));
#1128 = PCURVE('',#768,#1129);
#1129 = DEFINITIONAL_REPRESENTATION('',(#1130),#1141);
#1130 = B_SPLINE_CURVE_WITH_KNOTS('',5,(#1131,#1132,#1133,#1134,#1135,
    #1136,#1137,#1138,#1139,#1140),.UNSPECIFIED.,.F.,.F.,(6,4,6),(0.,
    0.832073962322,1.),.UNSPECIFIED.);
#1131 = CARTESIAN_POINT('',(1.570796326795,9.578667133624));
#1132 = CARTESIAN_POINT('',(1.538411502122,9.689495066145));
#1133 = CARTESIAN_POINT('',(1.511960526656,9.809696254054));
#1134 = CARTESIAN_POINT('',(1.493512944186,9.936691181668));
#1135 = CARTESIAN_POINT('',(1.484179587655,10.067427292221));
#1136 = CARTESIAN_POINT('',(1.484205153205,10.22557751687));
#1137 = CARTESIAN_POINT('',(1.484590476883,10.252134885111));
#1138 = CARTESIAN_POINT('',(1.485356775061,10.278658164235));
#1139 = CARTESIAN_POINT('',(1.486501541595,10.305114336334));
#1140 = CARTESIAN_POINT('',(1.488019820252,10.331471282363));
#1141 = ( GEOMETRIC_REPRESENTATION_CONTEXT(2) 
PARAMETRIC_REPRESENTATION_CONTEXT() REPRESENTATION_CONTEXT('2D SPACE',''
  ) );
#1142 = PCURVE('',#1143,#1148);
#1143 = CYLINDRICAL_SURFACE('',#1144,1.524);
#1144 = AXIS2_PLACEMENT_3D('',#1145,#1146,#1147);
#1145 = CARTESIAN_POINT('',(-68.64684210526,23.876,11.145701164033));
#1146 = DIRECTION('',(1.,0.,0.));
#1147 = DIRECTION('',(-0.,1.,0.));
#1148 = DEFINITIONAL_REPRESENTATION('',(#1149),#1160);
#1149 = B_SPLINE_CURVE_WITH_KNOTS('',5,(#1150,#1151,#1152,#1153,#1154,
    #1155,#1156,#1157,#1158,#1159),.UNSPECIFIED.,.F.,.F.,(6,4,6),(0.,
    0.832073962322,1.),.UNSPECIFIED.);
#1150 = CARTESIAN_POINT('',(1.064570286851,62.296842105263));
#1151 = CARTESIAN_POINT('',(1.144176997688,62.296842105263));
#1152 = CARTESIAN_POINT('',(1.226986424572,62.298850846397));
#1153 = CARTESIAN_POINT('',(1.311643643776,62.301336999162));
#1154 = CARTESIAN_POINT('',(1.397428392965,62.302555405734));
#1155 = CARTESIAN_POINT('',(1.501201509378,62.302552036025));
#1156 = CARTESIAN_POINT('',(1.518627675534,62.30250123884));
#1157 = CARTESIAN_POINT('',(1.53604265842,62.302400262413));
#1158 = CARTESIAN_POINT('',(1.553435680285,62.302251624913));
#1159 = CARTESIAN_POINT('',(1.570796326795,62.302060310596));
#1160 = ( GEOMETRIC_REPRESENTATION_CONTEXT(2) 
PARAMETRIC_REPRESENTATION_CONTEXT() REPRESENTATION_CONTEXT('2D SPACE',''
  ) );
#1161 = ORIENTED_EDGE('',*,*,#1162,.T.);
#1162 = EDGE_CURVE('',#1114,#790,#1163,.T.);
#1163 = SURFACE_CURVE('',#1164,(#1169,#1179),.PCURVE_S1.);
#1164 = ELLIPSE('',#1165,17.485938986401,1.524);
#1165 = AXIS2_PLACEMENT_3D('',#1166,#1167,#1168);
#1166 = CARTESIAN_POINT('',(-4.826,22.430227438106,12.669701164033));
#1167 = DIRECTION('',(0.,0.,1.));
#1168 = DIRECTION('',(0.,-1.,0.));
#1169 = PCURVE('',#768,#1170);
#1170 = DEFINITIONAL_REPRESENTATION('',(#1171),#1178);
#1171 = B_SPLINE_CURVE_WITH_KNOTS('',5,(#1172,#1173,#1174,#1175,#1176,
    #1177),.UNSPECIFIED.,.F.,.F.,(6,6),(4.574067677656,4.712388980385),
  .PIECEWISE_BEZIER_KNOTS.);
#1172 = CARTESIAN_POINT('',(1.432475024066,9.369944159764));
#1173 = CARTESIAN_POINT('',(1.460139284612,9.847236322974));
#1174 = CARTESIAN_POINT('',(1.487803545158,10.326826139951));
#1175 = CARTESIAN_POINT('',(1.515467805703,10.807952618718));
#1176 = CARTESIAN_POINT('',(1.543132066249,11.289847431057));
#1177 = CARTESIAN_POINT('',(1.570796326795,11.771742243168));
#1178 = ( GEOMETRIC_REPRESENTATION_CONTEXT(2) 
PARAMETRIC_REPRESENTATION_CONTEXT() REPRESENTATION_CONTEXT('2D SPACE',''
  ) );
#1179 = PCURVE('',#806,#1180);
#1180 = DEFINITIONAL_REPRESENTATION('',(#1181),#1185);
#1181 = ELLIPSE('',#1182,17.485938986401,1.524);
#1182 = AXIS2_PLACEMENT_2D('',#1183,#1184);
#1183 = CARTESIAN_POINT('',(63.820842105263,9.730227438106));
#1184 = DIRECTION('',(0.,-1.));
#1185 = ( GEOMETRIC_REPRESENTATION_CONTEXT(2) 
PARAMETRIC_REPRESENTATION_CONTEXT() REPRESENTATION_CONTEXT('2D SPACE',''
  ) );
#1186 = ORIENTED_EDGE('',*,*,#817,.T.);
#1187 = ORIENTED_EDGE('',*,*,#742,.F.);
#1188 = ADVANCED_FACE('',(#1189),#132,.T.);
#1189 = FACE_BOUND('',#1190,.T.);
#1190 = EDGE_LOOP('',(#1191,#1316,#1388,#1389,#1390));
#1191 = ORIENTED_EDGE('',*,*,#1192,.T.);
#1192 = EDGE_CURVE('',#840,#1193,#1195,.T.);
#1193 = VERTEX_POINT('',#1194);
#1194 = CARTESIAN_POINT('',(6.35,-74.30782196157,6.35));
#1195 = SURFACE_CURVE('',#1196,(#1229,#1280),.PCURVE_S1.);
#1196 = ( BOUNDED_CURVE() B_SPLINE_CURVE(9,(#1197,#1198,#1199,#1200,
    #1201,#1202,#1203,#1204,#1205,#1206,#1207,#1208,#1209,#1210,#1211,
    #1212,#1213,#1214,#1215,#1216,#1217,#1218,#1219,#1220,#1221,#1222,
    #1223,#1224,#1225,#1226,#1227,#1228),.UNSPECIFIED.,.F.,.F.) 
B_SPLINE_CURVE_WITH_KNOTS((10,8,8,6,10),(0.9265981893,1.590364765382,
3.147595701834,3.180729530764,3.795632835719),.UNSPECIFIED.) CURVE() 
GEOMETRIC_REPRESENTATION_ITEM() RATIONAL_B_SPLINE_CURVE((1.,1.,1.,1.,1.,
    1.,1.,1.,1.,1.,1.,1.,1.,1.,1.,1.,1.,1.,1.,1.,1.,1.,1.,1.000000000001
,0.999999999985,1.,1.,1.,1.,1.,1.,1.)) REPRESENTATION_ITEM('') );
#1197 = CARTESIAN_POINT('',(-6.35,-74.30787690269,6.35));
#1198 = CARTESIAN_POINT('',(-9.610662578341,-75.2847960514,6.35));
#1199 = CARTESIAN_POINT('',(-12.69454313297,-76.82334101918,6.35));
#1200 = CARTESIAN_POINT('',(-15.48792391589,-78.88361810539,6.35));
#1201 = CARTESIAN_POINT('',(-17.88922426404,-81.39694268211,6.35));
#1202 = CARTESIAN_POINT('',(-19.81866328882,-84.27105092943,6.35));
#1203 = CARTESIAN_POINT('',(-21.22453057208,-87.39984405614,6.35));
#1204 = CARTESIAN_POINT('',(-22.08232861333,-90.67503707065,6.35));
#1205 = CARTESIAN_POINT('',(-22.38704944059,-93.99336166078,6.35));
#1206 = CARTESIAN_POINT('',(-21.62292675438,-104.9018921739,6.35));
#1207 = CARTESIAN_POINT('',(-18.15221837309,-112.2334928829,6.35));
#1208 = CARTESIAN_POINT('',(-11.96642985867,-117.9768790388,6.35));
#1209 = CARTESIAN_POINT('',(-3.948002374971,-121.0546854918,6.35));
#1210 = CARTESIAN_POINT('',(4.737879945871,-120.9499672065,6.35));
#1211 = CARTESIAN_POINT('',(12.747623172306,-117.607785912,6.35));
#1212 = CARTESIAN_POINT('',(18.766171695962,-111.5537651159,6.35));
#1213 = CARTESIAN_POINT('',(21.917010712621,-104.0802963562,6.35));
#1214 = CARTESIAN_POINT('',(22.203971475316,-96.35913653378,6.35));
#1215 = CARTESIAN_POINT('',(22.208653272888,-96.19811796558,6.35));
#1216 = CARTESIAN_POINT('',(22.212035349615,-96.03695711283,6.35));
#1217 = CARTESIAN_POINT('',(22.214114758183,-95.87566679301,6.35));
#1218 = CARTESIAN_POINT('',(22.214888551267,-95.71425982357,6.35));
#1219 = CARTESIAN_POINT('',(22.214353781558,-95.55274902197,6.35));
#1220 = CARTESIAN_POINT('',(22.178243922648,-92.39211286131,
    6.349999999999));
#1221 = CARTESIAN_POINT('',(21.639308762224,-89.20133900858,
    6.350000000008));
#1222 = CARTESIAN_POINT('',(20.578915783815,-86.0785722458,6.35));
#1223 = CARTESIAN_POINT('',(19.10685365668,-83.26586312243,6.35));
#1224 = CARTESIAN_POINT('',(17.193140356741,-80.69398793356,6.35));
#1225 = CARTESIAN_POINT('',(14.885083500874,-78.44942235068,6.35));
#1226 = CARTESIAN_POINT('',(12.251245542413,-76.60512169374,6.35));
#1227 = CARTESIAN_POINT('',(9.375556169951,-75.21431629161,6.35));
#1228 = CARTESIAN_POINT('',(6.35,-74.30782196157,6.35));
#1229 = PCURVE('',#132,#1230);
#1230 = DEFINITIONAL_REPRESENTATION('',(#1231),#1279);
#1231 = B_SPLINE_CURVE_WITH_KNOTS('',3,(#1232,#1233,#1234,#1235,#1236,
    #1237,#1238,#1239,#1240,#1241,#1242,#1243,#1244,#1245,#1246,#1247,
    #1248,#1249,#1250,#1251,#1252,#1253,#1254,#1255,#1256,#1257,#1258,
    #1259,#1260,#1261,#1262,#1263,#1264,#1265,#1266,#1267,#1268,#1269,
    #1270,#1271,#1272,#1273,#1274,#1275,#1276,#1277,#1278),
  .UNSPECIFIED.,.F.,.F.,(4,1,1,1,1,1,1,1,1,1,1,1,1,1,1,1,1,1,1,1,1,1,1,1
    ,1,1,1,1,1,1,1,1,1,1,1,1,1,1,1,1,1,1,1,1,4),(0.9265981893,
    0.991803522173,1.057008855046,1.122214187919,1.187419520793,
    1.252624853666,1.317830186539,1.383035519412,1.448240852285,
    1.513446185158,1.578651518032,1.643856850905,1.709062183778,
    1.774267516651,1.839472849524,1.904678182397,1.969883515271,
    2.035088848144,2.100294181017,2.16549951389,2.230704846763,
    2.295910179636,2.36111551251,2.426320845383,2.491526178256,
    2.556731511129,2.621936844002,2.687142176876,2.752347509749,
    2.817552842622,2.882758175495,2.947963508368,3.013168841241,
    3.078374174115,3.143579506988,3.208784839861,3.273990172734,
    3.339195505607,3.40440083848,3.469606171354,3.534811504227,
    3.6000168371,3.665222169973,3.730427502846,3.795632835719),
  .QUASI_UNIFORM_KNOTS.);
#1232 = CARTESIAN_POINT('',(3.147595701834,0.9265981893));
#1233 = CARTESIAN_POINT('',(3.147595701834,0.948333300258));
#1234 = CARTESIAN_POINT('',(3.147595701834,0.991803522173));
#1235 = CARTESIAN_POINT('',(3.147595701834,1.057008855046));
#1236 = CARTESIAN_POINT('',(3.147595701834,1.122214187919));
#1237 = CARTESIAN_POINT('',(3.147595701834,1.187419520793));
#1238 = CARTESIAN_POINT('',(3.147595701834,1.252624853666));
#1239 = CARTESIAN_POINT('',(3.147595701834,1.317830186539));
#1240 = CARTESIAN_POINT('',(3.147595701834,1.383035519412));
#1241 = CARTESIAN_POINT('',(3.147595701834,1.448240852285));
#1242 = CARTESIAN_POINT('',(3.147595701834,1.513446185158));
#1243 = CARTESIAN_POINT('',(3.147595701834,1.578651518032));
#1244 = CARTESIAN_POINT('',(3.147595701834,1.643856850905));
#1245 = CARTESIAN_POINT('',(3.147595701834,1.709062183778));
#1246 = CARTESIAN_POINT('',(3.147595701834,1.774267516651));
#1247 = CARTESIAN_POINT('',(3.147595701834,1.839472849524));
#1248 = CARTESIAN_POINT('',(3.147595701834,1.904678182397));
#1249 = CARTESIAN_POINT('',(3.147595701834,1.969883515271));
#1250 = CARTESIAN_POINT('',(3.147595701834,2.035088848144));
#1251 = CARTESIAN_POINT('',(3.147595701834,2.100294181017));
#1252 = CARTESIAN_POINT('',(3.147595701834,2.16549951389));
#1253 = CARTESIAN_POINT('',(3.147595701834,2.230704846763));
#1254 = CARTESIAN_POINT('',(3.147595701834,2.295910179636));
#1255 = CARTESIAN_POINT('',(3.147595701834,2.36111551251));
#1256 = CARTESIAN_POINT('',(3.147595701834,2.426320845383));
#1257 = CARTESIAN_POINT('',(3.147595701833,2.491526178256));
#1258 = CARTESIAN_POINT('',(3.147595701837,2.556731511129));
#1259 = CARTESIAN_POINT('',(3.147595701822,2.621936844002));
#1260 = CARTESIAN_POINT('',(3.147595701878,2.687142176878));
#1261 = CARTESIAN_POINT('',(3.147595701669,2.75234750974));
#1262 = CARTESIAN_POINT('',(3.147595702449,2.817552842653));
#1263 = CARTESIAN_POINT('',(3.14759569954,2.882758175378));
#1264 = CARTESIAN_POINT('',(3.147595710396,2.947963508804));
#1265 = CARTESIAN_POINT('',(3.147595669878,3.013168839614));
#1266 = CARTESIAN_POINT('',(3.147595821094,3.078374180189));
#1267 = CARTESIAN_POINT('',(3.147595256749,3.143579484317));
#1268 = CARTESIAN_POINT('',(3.147597362913,3.20878492447));
#1269 = CARTESIAN_POINT('',(3.147580342449,3.2739866415));
#1270 = CARTESIAN_POINT('',(3.147573297068,3.339192233602));
#1271 = CARTESIAN_POINT('',(3.147578393498,3.404398989401));
#1272 = CARTESIAN_POINT('',(3.147587235716,3.469605515122));
#1273 = CARTESIAN_POINT('',(3.147593193998,3.534811366046));
#1274 = CARTESIAN_POINT('',(3.147595375183,3.600016826499));
#1275 = CARTESIAN_POINT('',(3.147595699842,3.6652221698));
#1276 = CARTESIAN_POINT('',(3.14759572071,3.730427503954));
#1277 = CARTESIAN_POINT('',(3.147595656922,3.773897722253));
#1278 = CARTESIAN_POINT('',(3.147595701834,3.79563283572));
#1279 = ( GEOMETRIC_REPRESENTATION_CONTEXT(2) 
PARAMETRIC_REPRESENTATION_CONTEXT() REPRESENTATION_CONTEXT('2D SPACE',''
  ) );
#1280 = PCURVE('',#928,#1281);
#1281 = DEFINITIONAL_REPRESENTATION('',(#1282),#1315);
#1282 = ( BOUNDED_CURVE() B_SPLINE_CURVE(9,(#1283,#1284,#1285,#1286,
    #1287,#1288,#1289,#1290,#1291,#1292,#1293,#1294,#1295,#1296,#1297,
    #1298,#1299,#1300,#1301,#1302,#1303,#1304,#1305,#1306,#1307,#1308,
    #1309,#1310,#1311,#1312,#1313,#1314),.UNSPECIFIED.,.F.,.F.) 
B_SPLINE_CURVE_WITH_KNOTS((10,8,8,6,10),(0.9265981893,1.590364765382,
3.147595701834,3.180729530764,3.795632835719),.UNSPECIFIED.) CURVE() 
GEOMETRIC_REPRESENTATION_ITEM() RATIONAL_B_SPLINE_CURVE((1.,1.,1.,1.,1.,
    1.,1.,1.,1.,1.,1.,1.,1.,1.,1.,1.,1.,1.,1.,1.,1.,1.,1.,1.000000000001
,0.999999999985,1.,1.,1.,1.,1.,1.,1.)) REPRESENTATION_ITEM('') );
#1283 = CARTESIAN_POINT('',(-6.350000134721,-88.54903455523));
#1284 = CARTESIAN_POINT('',(-9.610662713062,-89.52595370394));
#1285 = CARTESIAN_POINT('',(-12.69454326769,-91.06449867172));
#1286 = CARTESIAN_POINT('',(-15.48792405061,-93.12477575793));
#1287 = CARTESIAN_POINT('',(-17.88922439877,-95.63810033465));
#1288 = CARTESIAN_POINT('',(-19.81866342354,-98.51220858197));
#1289 = CARTESIAN_POINT('',(-21.2245307068,-101.6410017086));
#1290 = CARTESIAN_POINT('',(-22.08232874805,-104.9161947231));
#1291 = CARTESIAN_POINT('',(-22.38704957531,-108.2345193133));
#1292 = CARTESIAN_POINT('',(-21.62292688911,-119.1430498265));
#1293 = CARTESIAN_POINT('',(-18.15221850781,-126.4746505354));
#1294 = CARTESIAN_POINT('',(-11.96642999339,-132.2180366914));
#1295 = CARTESIAN_POINT('',(-3.948002509692,-135.2958431443));
#1296 = CARTESIAN_POINT('',(4.73787981115,-135.191124859));
#1297 = CARTESIAN_POINT('',(12.747623037585,-131.8489435646));
#1298 = CARTESIAN_POINT('',(18.76617156124,-125.7949227685));
#1299 = CARTESIAN_POINT('',(21.9170105779,-118.3214540088));
#1300 = CARTESIAN_POINT('',(22.203971340595,-110.6002941863));
#1301 = CARTESIAN_POINT('',(22.208653138167,-110.4392756181));
#1302 = CARTESIAN_POINT('',(22.212035214893,-110.2781147653));
#1303 = CARTESIAN_POINT('',(22.214114623462,-110.1168244455));
#1304 = CARTESIAN_POINT('',(22.214888416546,-109.9554174761));
#1305 = CARTESIAN_POINT('',(22.214353646837,-109.7939066745));
#1306 = CARTESIAN_POINT('',(22.178243787926,-106.6332705138));
#1307 = CARTESIAN_POINT('',(21.639308627503,-103.4424966611));
#1308 = CARTESIAN_POINT('',(20.578915649093,-100.3197298983));
#1309 = CARTESIAN_POINT('',(19.106853521959,-97.50702077497));
#1310 = CARTESIAN_POINT('',(17.19314022202,-94.9351455861));
#1311 = CARTESIAN_POINT('',(14.885083366153,-92.69058000322));
#1312 = CARTESIAN_POINT('',(12.251245407691,-90.84627934628));
#1313 = CARTESIAN_POINT('',(9.37555603523,-89.45547394415));
#1314 = CARTESIAN_POINT('',(6.349999865279,-88.54897961411));
#1315 = ( GEOMETRIC_REPRESENTATION_CONTEXT(2) 
PARAMETRIC_REPRESENTATION_CONTEXT() REPRESENTATION_CONTEXT('2D SPACE',''
  ) );
#1316 = ORIENTED_EDGE('',*,*,#1317,.T.);
#1317 = EDGE_CURVE('',#1193,#554,#1318,.T.);
#1318 = SURFACE_CURVE('',#1319,(#1340,#1364),.PCURVE_S1.);
#1319 = B_SPLINE_CURVE_WITH_KNOTS('',7,(#1320,#1321,#1322,#1323,#1324,
    #1325,#1326,#1327,#1328,#1329,#1330,#1331,#1332,#1333,#1334,#1335,
    #1336,#1337,#1338,#1339),.UNSPECIFIED.,.F.,.F.,(8,6,6,8),(0.,
    0.388060857001,0.77683293332,1.),.UNSPECIFIED.);
#1320 = CARTESIAN_POINT('',(6.35,-74.30782196157,6.35));
#1321 = CARTESIAN_POINT('',(6.35,-75.12244601903,6.35));
#1322 = CARTESIAN_POINT('',(6.35,-75.97281511871,6.42459613715));
#1323 = CARTESIAN_POINT('',(6.35,-76.84857798806,6.584581568376));
#1324 = CARTESIAN_POINT('',(6.35,-77.73505635062,6.838905611679));
#1325 = CARTESIAN_POINT('',(6.35,-78.61282241286,7.192285143378));
#1326 = CARTESIAN_POINT('',(6.35,-79.46032597969,7.641885140774));
#1327 = CARTESIAN_POINT('',(6.35,-81.0562622352,8.716485480173));
#1328 = CARTESIAN_POINT('',(6.35,-81.80456740202,9.341843284105));
#1329 = CARTESIAN_POINT('',(6.35,-82.48234812017,10.04573448974));
#1330 = CARTESIAN_POINT('',(6.35,-83.07106682035,10.812927397244));
#1331 = CARTESIAN_POINT('',(6.35,-83.55716379542,11.623307252009));
#1332 = CARTESIAN_POINT('',(6.35,-83.93473354002,12.456949464195));
#1333 = CARTESIAN_POINT('',(6.35,-84.36023455948,13.777292815117));
#1334 = CARTESIAN_POINT('',(6.35,-84.48007832934,14.260536267409));
#1335 = CARTESIAN_POINT('',(6.35,-84.56482493361,14.742096377468));
#1336 = CARTESIAN_POINT('',(6.35,-84.61550807929,15.218814851576));
#1337 = CARTESIAN_POINT('',(6.35,-84.63387371161,15.687912429462));
#1338 = CARTESIAN_POINT('',(6.35,-84.62220531611,16.147052173374));
#1339 = CARTESIAN_POINT('',(6.35,-84.58306166883,16.594341696396));
#1340 = PCURVE('',#132,#1341);
#1341 = DEFINITIONAL_REPRESENTATION('',(#1342),#1363);
#1342 = B_SPLINE_CURVE_WITH_KNOTS('',7,(#1343,#1344,#1345,#1346,#1347,
    #1348,#1349,#1350,#1351,#1352,#1353,#1354,#1355,#1356,#1357,#1358,
    #1359,#1360,#1361,#1362),.UNSPECIFIED.,.F.,.F.,(8,6,6,8),(0.,
    0.388060857001,0.77683293332,1.),.UNSPECIFIED.);
#1343 = CARTESIAN_POINT('',(3.147595701834,3.79563283572));
#1344 = CARTESIAN_POINT('',(2.972395148473,3.790770143645));
#1345 = CARTESIAN_POINT('',(2.797451376828,3.785308370702));
#1346 = CARTESIAN_POINT('',(2.6227902459,3.779193857646));
#1347 = CARTESIAN_POINT('',(2.448405918562,3.772395175598));
#1348 = CARTESIAN_POINT('',(2.274251670512,3.764914923904));
#1349 = CARTESIAN_POINT('',(2.100250807112,3.756872060343));
#1350 = CARTESIAN_POINT('',(1.752089989411,3.740161987985));
#1351 = CARTESIAN_POINT('',(1.577917369291,3.731492370776));
#1352 = CARTESIAN_POINT('',(1.403734887774,3.722778150391));
#1353 = CARTESIAN_POINT('',(1.229436634502,3.714397428958));
#1354 = CARTESIAN_POINT('',(1.054913368617,3.706918055409));
#1355 = CARTESIAN_POINT('',(0.880113295429,3.700817106297));
#1356 = CARTESIAN_POINT('',(0.604576186608,3.693735409582));
#1357 = CARTESIAN_POINT('',(0.504003998011,3.691680648762));
#1358 = CARTESIAN_POINT('',(0.403348958418,3.690196983267));
#1359 = CARTESIAN_POINT('',(0.302615218933,3.689301039762));
#1360 = CARTESIAN_POINT('',(0.201807945862,3.688977885082));
#1361 = CARTESIAN_POINT('',(0.100933676753,3.689185622391));
#1362 = CARTESIAN_POINT('',(0.,3.689869526034));
#1363 = ( GEOMETRIC_REPRESENTATION_CONTEXT(2) 
PARAMETRIC_REPRESENTATION_CONTEXT() REPRESENTATION_CONTEXT('2D SPACE',''
  ) );
#1364 = PCURVE('',#652,#1365);
#1365 = DEFINITIONAL_REPRESENTATION('',(#1366),#1387);
#1366 = B_SPLINE_CURVE_WITH_KNOTS('',7,(#1367,#1368,#1369,#1370,#1371,
    #1372,#1373,#1374,#1375,#1376,#1377,#1378,#1379,#1380,#1381,#1382,
    #1383,#1384,#1385,#1386),.UNSPECIFIED.,.F.,.F.,(8,6,6,8),(0.,
    0.388060857001,0.77683293332,1.),.UNSPECIFIED.);
#1367 = CARTESIAN_POINT('',(-41.87321308007,-4.877193862134));
#1368 = CARTESIAN_POINT('',(-42.68783713754,-4.877193862134));
#1369 = CARTESIAN_POINT('',(-43.53820623721,-4.802597724985));
#1370 = CARTESIAN_POINT('',(-44.41396910656,-4.642612293758));
#1371 = CARTESIAN_POINT('',(-45.30044746913,-4.388288250455));
#1372 = CARTESIAN_POINT('',(-46.17821353136,-4.034908718756));
#1373 = CARTESIAN_POINT('',(-47.02571709819,-3.58530872136));
#1374 = CARTESIAN_POINT('',(-48.6216533537,-2.510708381961));
#1375 = CARTESIAN_POINT('',(-49.36995852053,-1.885350578029));
#1376 = CARTESIAN_POINT('',(-50.04773923867,-1.181459372394));
#1377 = CARTESIAN_POINT('',(-50.63645793886,-0.41426646489));
#1378 = CARTESIAN_POINT('',(-51.12255491393,0.396113389875));
#1379 = CARTESIAN_POINT('',(-51.50012465853,1.229755602061));
#1380 = CARTESIAN_POINT('',(-51.92562567799,2.550098952983));
#1381 = CARTESIAN_POINT('',(-52.04546944784,3.033342405275));
#1382 = CARTESIAN_POINT('',(-52.13021605212,3.514902515334));
#1383 = CARTESIAN_POINT('',(-52.1808991978,3.991620989442));
#1384 = CARTESIAN_POINT('',(-52.19926483012,4.460718567328));
#1385 = CARTESIAN_POINT('',(-52.18759643462,4.91985831124));
#1386 = CARTESIAN_POINT('',(-52.14845278734,5.367147834262));
#1387 = ( GEOMETRIC_REPRESENTATION_CONTEXT(2) 
PARAMETRIC_REPRESENTATION_CONTEXT() REPRESENTATION_CONTEXT('2D SPACE',''
  ) );
#1388 = ORIENTED_EDGE('',*,*,#553,.F.);
#1389 = ORIENTED_EDGE('',*,*,#54,.F.);
#1390 = ORIENTED_EDGE('',*,*,#839,.F.);
#1391 = ADVANCED_FACE('',(#1392),#726,.F.);
#1392 = FACE_BOUND('',#1393,.F.);
#1393 = EDGE_LOOP('',(#1394,#1395,#1396,#1419));
#1394 = ORIENTED_EDGE('',*,*,#709,.T.);
#1395 = ORIENTED_EDGE('',*,*,#995,.F.);
#1396 = ORIENTED_EDGE('',*,*,#1397,.T.);
#1397 = EDGE_CURVE('',#996,#1398,#1400,.T.);
#1398 = VERTEX_POINT('',#1399);
#1399 = CARTESIAN_POINT('',(4.826,32.898825351947,13.283638955977));
#1400 = SURFACE_CURVE('',#1401,(#1405,#1412),.PCURVE_S1.);
#1401 = LINE('',#1402,#1403);
#1402 = CARTESIAN_POINT('',(-6.35,32.898825351947,13.283638955977));
#1403 = VECTOR('',#1404,25.4);
#1404 = DIRECTION('',(1.,0.,0.));
#1405 = PCURVE('',#726,#1406);
#1406 = DEFINITIONAL_REPRESENTATION('',(#1407),#1411);
#1407 = LINE('',#1408,#1409);
#1408 = CARTESIAN_POINT('',(1.396488709203,0.));
#1409 = VECTOR('',#1410,1.);
#1410 = DIRECTION('',(0.,-1.));
#1411 = ( GEOMETRIC_REPRESENTATION_CONTEXT(2) 
PARAMETRIC_REPRESENTATION_CONTEXT() REPRESENTATION_CONTEXT('2D SPACE',''
  ) );
#1412 = PCURVE('',#1038,#1413);
#1413 = DEFINITIONAL_REPRESENTATION('',(#1414),#1418);
#1414 = LINE('',#1415,#1416);
#1415 = CARTESIAN_POINT('',(1.483529864195,0.));
#1416 = VECTOR('',#1417,1.);
#1417 = DIRECTION('',(0.,1.));
#1418 = ( GEOMETRIC_REPRESENTATION_CONTEXT(2) 
PARAMETRIC_REPRESENTATION_CONTEXT() REPRESENTATION_CONTEXT('2D SPACE',''
  ) );
#1419 = ORIENTED_EDGE('',*,*,#1420,.T.);
#1420 = EDGE_CURVE('',#1398,#664,#1421,.T.);
#1421 = SURFACE_CURVE('',#1422,(#1426,#1433),.PCURVE_S1.);
#1422 = LINE('',#1423,#1424);
#1423 = CARTESIAN_POINT('',(4.826,34.29,13.161926945287));
#1424 = VECTOR('',#1425,25.4);
#1425 = DIRECTION('',(0.,-0.996194698092,8.715574274766E-02));
#1426 = PCURVE('',#726,#1427);
#1427 = DEFINITIONAL_REPRESENTATION('',(#1428),#1432);
#1428 = LINE('',#1429,#1430);
#1429 = CARTESIAN_POINT('',(0.,-11.176));
#1430 = VECTOR('',#1431,1.);
#1431 = DIRECTION('',(1.,0.));
#1432 = ( GEOMETRIC_REPRESENTATION_CONTEXT(2) 
PARAMETRIC_REPRESENTATION_CONTEXT() REPRESENTATION_CONTEXT('2D SPACE',''
  ) );
#1433 = PCURVE('',#691,#1434);
#1434 = DEFINITIONAL_REPRESENTATION('',(#1435),#1439);
#1435 = LINE('',#1436,#1437);
#1436 = CARTESIAN_POINT('',(1.570796326795,0.));
#1437 = VECTOR('',#1438,1.);
#1438 = DIRECTION('',(0.,1.));
#1439 = ( GEOMETRIC_REPRESENTATION_CONTEXT(2) 
PARAMETRIC_REPRESENTATION_CONTEXT() REPRESENTATION_CONTEXT('2D SPACE',''
  ) );
#1440 = ADVANCED_FACE('',(#1441),#691,.T.);
#1441 = FACE_BOUND('',#1442,.T.);
#1442 = EDGE_LOOP('',(#1443,#1473,#1474,#1475,#1498,#1530,#1579,#1607));
#1443 = ORIENTED_EDGE('',*,*,#1444,.F.);
#1444 = EDGE_CURVE('',#1398,#1445,#1447,.T.);
#1445 = VERTEX_POINT('',#1446);
#1446 = CARTESIAN_POINT('',(6.344200719892,34.29,11.765438236085));
#1447 = SURFACE_CURVE('',#1448,(#1453,#1463),.PCURVE_S1.);
#1448 = ELLIPSE('',#1449,2.155261469057,1.524);
#1449 = AXIS2_PLACEMENT_3D('',#1450,#1451,#1452);
#1450 = CARTESIAN_POINT('',(4.826,32.766,11.765438236085));
#1451 = DIRECTION('',(-0.707106781187,0.704416026403,-6.162841671622E-02
    ));
#1452 = DIRECTION('',(0.707106781187,0.704416026403,-6.162841671622E-02)
  );
#1453 = PCURVE('',#691,#1454);
#1454 = DEFINITIONAL_REPRESENTATION('',(#1455),#1462);
#1455 = B_SPLINE_CURVE_WITH_KNOTS('',5,(#1456,#1457,#1458,#1459,#1460,
    #1461),.UNSPECIFIED.,.F.,.F.,(6,6),(4.712388980385,6.19591884458),
  .PIECEWISE_BEZIER_KNOTS.);
#1456 = CARTESIAN_POINT('',(1.570796326795,1.396488709203));
#1457 = CARTESIAN_POINT('',(1.274090353956,0.944308806596));
#1458 = CARTESIAN_POINT('',(0.977382289225,0.491849753613));
#1459 = CARTESIAN_POINT('',(0.680671965076,0.123796668815));
#1460 = CARTESIAN_POINT('',(0.383972435439,-8.230193542202E-02));
#1461 = CARTESIAN_POINT('',(8.726646259972E-02,-0.121712010689));
#1462 = ( GEOMETRIC_REPRESENTATION_CONTEXT(2) 
PARAMETRIC_REPRESENTATION_CONTEXT() REPRESENTATION_CONTEXT('2D SPACE',''
  ) );
#1463 = PCURVE('',#1038,#1464);
#1464 = DEFINITIONAL_REPRESENTATION('',(#1465),#1472);
#1465 = B_SPLINE_CURVE_WITH_KNOTS('',5,(#1466,#1467,#1468,#1469,#1470,
    #1471),.UNSPECIFIED.,.F.,.F.,(6,6),(4.712388980385,6.19591884458),
  .PIECEWISE_BEZIER_KNOTS.);
#1466 = CARTESIAN_POINT('',(1.483529864195,11.176));
#1467 = CARTESIAN_POINT('',(1.186823891356,11.628179902607));
#1468 = CARTESIAN_POINT('',(0.890115826626,12.080638955589));
#1469 = CARTESIAN_POINT('',(0.593405502476,12.448692040387));
#1470 = CARTESIAN_POINT('',(0.296705972839,12.654790644625));
#1471 = CARTESIAN_POINT('',(7.771561172376E-16,12.694200719892));
#1472 = ( GEOMETRIC_REPRESENTATION_CONTEXT(2) 
PARAMETRIC_REPRESENTATION_CONTEXT() REPRESENTATION_CONTEXT('2D SPACE',''
  ) );
#1473 = ORIENTED_EDGE('',*,*,#1420,.T.);
#1474 = ORIENTED_EDGE('',*,*,#663,.F.);
#1475 = ORIENTED_EDGE('',*,*,#1476,.F.);
#1476 = EDGE_CURVE('',#1477,#638,#1479,.T.);
#1477 = VERTEX_POINT('',#1478);
#1478 = CARTESIAN_POINT('',(6.35,22.430227438106,12.669701164033));
#1479 = SURFACE_CURVE('',#1480,(#1484,#1491),.PCURVE_S1.);
#1480 = LINE('',#1481,#1482);
#1481 = CARTESIAN_POINT('',(6.35,34.157174648053,11.643726225396));
#1482 = VECTOR('',#1483,25.4);
#1483 = DIRECTION('',(0.,-0.996194698092,8.715574274766E-02));
#1484 = PCURVE('',#691,#1485);
#1485 = DEFINITIONAL_REPRESENTATION('',(#1486),#1490);
#1486 = LINE('',#1487,#1488);
#1487 = CARTESIAN_POINT('',(0.,0.));
#1488 = VECTOR('',#1489,1.);
#1489 = DIRECTION('',(0.,1.));
#1490 = ( GEOMETRIC_REPRESENTATION_CONTEXT(2) 
PARAMETRIC_REPRESENTATION_CONTEXT() REPRESENTATION_CONTEXT('2D SPACE',''
  ) );
#1491 = PCURVE('',#652,#1492);
#1492 = DEFINITIONAL_REPRESENTATION('',(#1493),#1497);
#1493 = LINE('',#1494,#1495);
#1494 = CARTESIAN_POINT('',(66.591783529546,0.416532363261));
#1495 = VECTOR('',#1496,1.);
#1496 = DIRECTION('',(-0.996194698092,8.715574274766E-02));
#1497 = ( GEOMETRIC_REPRESENTATION_CONTEXT(2) 
PARAMETRIC_REPRESENTATION_CONTEXT() REPRESENTATION_CONTEXT('2D SPACE',''
  ) );
#1498 = ORIENTED_EDGE('',*,*,#1499,.T.);
#1499 = EDGE_CURVE('',#1477,#1500,#1502,.T.);
#1500 = VERTEX_POINT('',#1501);
#1501 = CARTESIAN_POINT('',(6.344781794667,23.876,12.669701164033));
#1502 = SURFACE_CURVE('',#1503,(#1508,#1518),.PCURVE_S1.);
#1503 = ELLIPSE('',#1504,17.485938986401,1.524);
#1504 = AXIS2_PLACEMENT_3D('',#1505,#1506,#1507);
#1505 = CARTESIAN_POINT('',(4.826,22.430227438106,12.669701164033));
#1506 = DIRECTION('',(0.,0.,1.));
#1507 = DIRECTION('',(0.,-1.,0.));
#1508 = PCURVE('',#691,#1509);
#1509 = DEFINITIONAL_REPRESENTATION('',(#1510),#1517);
#1510 = B_SPLINE_CURVE_WITH_KNOTS('',5,(#1511,#1512,#1513,#1514,#1515,
    #1516),.UNSPECIFIED.,.F.,.F.,(6,6),(1.570796326795,1.709117629523),
  .PIECEWISE_BEZIER_KNOTS.);
#1511 = CARTESIAN_POINT('',(1.850371707709E-15,11.771742243168));
#1512 = CARTESIAN_POINT('',(2.766426054572E-02,11.289847431057));
#1513 = CARTESIAN_POINT('',(5.532852109143E-02,10.807952618718));
#1514 = CARTESIAN_POINT('',(8.299278163715E-02,10.326826139951));
#1515 = CARTESIAN_POINT('',(0.110657042183,9.847236322974));
#1516 = CARTESIAN_POINT('',(0.138321302729,9.369944159764));
#1517 = ( GEOMETRIC_REPRESENTATION_CONTEXT(2) 
PARAMETRIC_REPRESENTATION_CONTEXT() REPRESENTATION_CONTEXT('2D SPACE',''
  ) );
#1518 = PCURVE('',#1519,#1524);
#1519 = PLANE('',#1520);
#1520 = AXIS2_PLACEMENT_3D('',#1521,#1522,#1523);
#1521 = CARTESIAN_POINT('',(-68.64684210526,12.7,12.669701164033));
#1522 = DIRECTION('',(0.,0.,1.));
#1523 = DIRECTION('',(1.,0.,0.));
#1524 = DEFINITIONAL_REPRESENTATION('',(#1525),#1529);
#1525 = ELLIPSE('',#1526,17.485938986401,1.524);
#1526 = AXIS2_PLACEMENT_2D('',#1527,#1528);
#1527 = CARTESIAN_POINT('',(73.472842105263,9.730227438106));
#1528 = DIRECTION('',(0.,-1.));
#1529 = ( GEOMETRIC_REPRESENTATION_CONTEXT(2) 
PARAMETRIC_REPRESENTATION_CONTEXT() REPRESENTATION_CONTEXT('2D SPACE',''
  ) );
#1530 = ORIENTED_EDGE('',*,*,#1531,.F.);
#1531 = EDGE_CURVE('',#1532,#1500,#1534,.T.);
#1532 = VERTEX_POINT('',#1533);
#1533 = CARTESIAN_POINT('',(6.35,24.614957234751,12.478562073959));
#1534 = SURFACE_CURVE('',#1535,(#1546,#1560),.PCURVE_S1.);
#1535 = B_SPLINE_CURVE_WITH_KNOTS('',5,(#1536,#1537,#1538,#1539,#1540,
    #1541,#1542,#1543,#1544,#1545),.UNSPECIFIED.,.F.,.F.,(6,4,6),(0.,
    0.832073962322,1.),.UNSPECIFIED.);
#1536 = CARTESIAN_POINT('',(6.35,24.614957234751,12.478562073959));
#1537 = CARTESIAN_POINT('',(6.35,24.508852561708,12.537388028867));
#1538 = CARTESIAN_POINT('',(6.347991258866,24.392622193075,
    12.588022798079));
#1539 = CARTESIAN_POINT('',(6.345505106101,24.26855091984,
    12.626985038833));
#1540 = CARTESIAN_POINT('',(6.344286699529,24.139547474537,
    12.652497555125));
#1541 = CARTESIAN_POINT('',(6.344290069238,23.981995676211,
    12.66624258722));
#1542 = CARTESIAN_POINT('',(6.344340866423,23.955488378019,
    12.667974410237));
#1543 = CARTESIAN_POINT('',(6.34444184285,23.928964625097,
    12.669127026084));
#1544 = CARTESIAN_POINT('',(6.34459048035,23.902457625281,
    12.669701164033));
#1545 = CARTESIAN_POINT('',(6.344781794668,23.876,12.669701164033));
#1546 = PCURVE('',#691,#1547);
#1547 = DEFINITIONAL_REPRESENTATION('',(#1548),#1559);
#1548 = B_SPLINE_CURVE_WITH_KNOTS('',5,(#1549,#1550,#1551,#1552,#1553,
    #1554,#1555,#1556,#1557,#1558),.UNSPECIFIED.,.F.,.F.,(6,4,6),(0.,
    0.832073962322,1.),.UNSPECIFIED.);
#1549 = CARTESIAN_POINT('',(0.,9.578667133624));
#1550 = CARTESIAN_POINT('',(3.238482467282E-02,9.689495066145));
#1551 = CARTESIAN_POINT('',(5.883580013883E-02,9.809696254054));
#1552 = CARTESIAN_POINT('',(7.728338260925E-02,9.936691181668));
#1553 = CARTESIAN_POINT('',(8.661673913968E-02,10.067427292221));
#1554 = CARTESIAN_POINT('',(8.659117358997E-02,10.22557751687));
#1555 = CARTESIAN_POINT('',(8.620584991196E-02,10.252134885111));
#1556 = CARTESIAN_POINT('',(8.543955173364E-02,10.278658164235));
#1557 = CARTESIAN_POINT('',(8.429478519969E-02,10.305114336334));
#1558 = CARTESIAN_POINT('',(8.277650654323E-02,10.331471282363));
#1559 = ( GEOMETRIC_REPRESENTATION_CONTEXT(2) 
PARAMETRIC_REPRESENTATION_CONTEXT() REPRESENTATION_CONTEXT('2D SPACE',''
  ) );
#1560 = PCURVE('',#1561,#1566);
#1561 = CYLINDRICAL_SURFACE('',#1562,1.524);
#1562 = AXIS2_PLACEMENT_3D('',#1563,#1564,#1565);
#1563 = CARTESIAN_POINT('',(-68.64684210526,23.876,11.145701164033));
#1564 = DIRECTION('',(1.,0.,0.));
#1565 = DIRECTION('',(-0.,1.,0.));
#1566 = DEFINITIONAL_REPRESENTATION('',(#1567),#1578);
#1567 = B_SPLINE_CURVE_WITH_KNOTS('',5,(#1568,#1569,#1570,#1571,#1572,
    #1573,#1574,#1575,#1576,#1577),.UNSPECIFIED.,.F.,.F.,(6,4,6),(0.,
    0.832073962322,1.),.UNSPECIFIED.);
#1568 = CARTESIAN_POINT('',(1.064570286851,74.996842105263));
#1569 = CARTESIAN_POINT('',(1.144176997688,74.996842105263));
#1570 = CARTESIAN_POINT('',(1.226986424572,74.994833364129));
#1571 = CARTESIAN_POINT('',(1.311643643776,74.992347211364));
#1572 = CARTESIAN_POINT('',(1.397428392965,74.991128804793));
#1573 = CARTESIAN_POINT('',(1.501201509378,74.991132174501));
#1574 = CARTESIAN_POINT('',(1.518627675534,74.991182971686));
#1575 = CARTESIAN_POINT('',(1.53604265842,74.991283948113));
#1576 = CARTESIAN_POINT('',(1.553435680285,74.991432585613));
#1577 = CARTESIAN_POINT('',(1.570796326795,74.991623899931));
#1578 = ( GEOMETRIC_REPRESENTATION_CONTEXT(2) 
PARAMETRIC_REPRESENTATION_CONTEXT() REPRESENTATION_CONTEXT('2D SPACE',''
  ) );
#1579 = ORIENTED_EDGE('',*,*,#1580,.F.);
#1580 = EDGE_CURVE('',#1581,#1532,#1583,.T.);
#1581 = VERTEX_POINT('',#1582);
#1582 = CARTESIAN_POINT('',(6.35,34.29,11.632105512871));
#1583 = SURFACE_CURVE('',#1584,(#1588,#1595),.PCURVE_S1.);
#1584 = LINE('',#1585,#1586);
#1585 = CARTESIAN_POINT('',(6.35,34.157174648053,11.643726225396));
#1586 = VECTOR('',#1587,25.4);
#1587 = DIRECTION('',(0.,-0.996194698092,8.715574274766E-02));
#1588 = PCURVE('',#691,#1589);
#1589 = DEFINITIONAL_REPRESENTATION('',(#1590),#1594);
#1590 = LINE('',#1591,#1592);
#1591 = CARTESIAN_POINT('',(0.,0.));
#1592 = VECTOR('',#1593,1.);
#1593 = DIRECTION('',(0.,1.));
#1594 = ( GEOMETRIC_REPRESENTATION_CONTEXT(2) 
PARAMETRIC_REPRESENTATION_CONTEXT() REPRESENTATION_CONTEXT('2D SPACE',''
  ) );
#1595 = PCURVE('',#1596,#1601);
#1596 = PLANE('',#1597);
#1597 = AXIS2_PLACEMENT_3D('',#1598,#1599,#1600);
#1598 = CARTESIAN_POINT('',(6.35,-32.43460888149,11.227193862134));
#1599 = DIRECTION('',(1.,0.,0.));
#1600 = DIRECTION('',(0.,1.,0.));
#1601 = DEFINITIONAL_REPRESENTATION('',(#1602),#1606);
#1602 = LINE('',#1603,#1604);
#1603 = CARTESIAN_POINT('',(66.591783529546,0.416532363261));
#1604 = VECTOR('',#1605,1.);
#1605 = DIRECTION('',(-0.996194698092,8.715574274766E-02));
#1606 = ( GEOMETRIC_REPRESENTATION_CONTEXT(2) 
PARAMETRIC_REPRESENTATION_CONTEXT() REPRESENTATION_CONTEXT('2D SPACE',''
  ) );
#1607 = ORIENTED_EDGE('',*,*,#1608,.F.);
#1608 = EDGE_CURVE('',#1445,#1581,#1609,.T.);
#1609 = SURFACE_CURVE('',#1610,(#1615,#1625),.PCURVE_S1.);
#1610 = ELLIPSE('',#1611,1.529821432416,1.524);
#1611 = AXIS2_PLACEMENT_3D('',#1612,#1613,#1614);
#1612 = CARTESIAN_POINT('',(4.826,34.29,11.632105512871));
#1613 = DIRECTION('',(-0.,1.,0.));
#1614 = DIRECTION('',(0.,0.,1.));
#1615 = PCURVE('',#691,#1616);
#1616 = DEFINITIONAL_REPRESENTATION('',(#1617),#1624);
#1617 = B_SPLINE_CURVE_WITH_KNOTS('',5,(#1618,#1619,#1620,#1621,#1622,
    #1623),.UNSPECIFIED.,.F.,.F.,(6,6),(1.483529864195,1.570796326795),
  .PIECEWISE_BEZIER_KNOTS.);
#1618 = CARTESIAN_POINT('',(8.726646259972E-02,-0.121712010689));
#1619 = CARTESIAN_POINT('',(6.981317007977E-02,-0.124030250411));
#1620 = CARTESIAN_POINT('',(5.235987755983E-02,-0.126352914972));
#1621 = CARTESIAN_POINT('',(3.490658503989E-02,-0.128678533172));
#1622 = CARTESIAN_POINT('',(1.745329251994E-02,-0.131005628193));
#1623 = CARTESIAN_POINT('',(0.,-0.133332723214));
#1624 = ( GEOMETRIC_REPRESENTATION_CONTEXT(2) 
PARAMETRIC_REPRESENTATION_CONTEXT() REPRESENTATION_CONTEXT('2D SPACE',''
  ) );
#1625 = PCURVE('',#1073,#1626);
#1626 = DEFINITIONAL_REPRESENTATION('',(#1627),#1635);
#1627 = ( BOUNDED_CURVE() B_SPLINE_CURVE(2,(#1628,#1629,#1630,#1631,
#1632,#1633,#1634),.UNSPECIFIED.,.T.,.F.) B_SPLINE_CURVE_WITH_KNOTS((1,2
    ,2,2,2,1),(-2.094395102393,0.,2.094395102393,4.188790204786,
6.28318530718,8.377580409573),.UNSPECIFIED.) CURVE() 
GEOMETRIC_REPRESENTATION_ITEM() RATIONAL_B_SPLINE_CURVE((1.,0.5,1.,0.5,
1.,0.5,1.)) REPRESENTATION_ITEM('') );
#1628 = CARTESIAN_POINT('',(9.351926945287,-11.176));
#1629 = CARTESIAN_POINT('',(9.351926945287,-13.81564543073));
#1630 = CARTESIAN_POINT('',(7.057194796663,-12.49582271536));
#1631 = CARTESIAN_POINT('',(4.762462648039,-11.176));
#1632 = CARTESIAN_POINT('',(7.057194796663,-9.856177284633));
#1633 = CARTESIAN_POINT('',(9.351926945287,-8.536354569265));
#1634 = CARTESIAN_POINT('',(9.351926945287,-11.176));
#1635 = ( GEOMETRIC_REPRESENTATION_CONTEXT(2) 
PARAMETRIC_REPRESENTATION_CONTEXT() REPRESENTATION_CONTEXT('2D SPACE',''
  ) );
#1636 = ADVANCED_FACE('',(#1637),#257,.T.);
#1637 = FACE_BOUND('',#1638,.T.);
#1638 = EDGE_LOOP('',(#1639,#1674,#1727,#1728,#1729));
#1639 = ORIENTED_EDGE('',*,*,#1640,.T.);
#1640 = EDGE_CURVE('',#1641,#1643,#1645,.T.);
#1641 = VERTEX_POINT('',#1642);
#1642 = CARTESIAN_POINT('',(9.906000000003,-75.92472084365,
    182.38584142113));
#1643 = VERTEX_POINT('',#1644);
#1644 = CARTESIAN_POINT('',(-9.906000000003,-75.92472084365,
    182.38584142113));
#1645 = SURFACE_CURVE('',#1646,(#1651,#1658),.PCURVE_S1.);
#1646 = CIRCLE('',#1647,11.176);
#1647 = AXIS2_PLACEMENT_3D('',#1648,#1649,#1650);
#1648 = CARTESIAN_POINT('',(0.,-81.07940418271,182.83681777736));
#1649 = DIRECTION('',(-6.938893903907E-18,-8.715574274766E-02,
    -0.996194698092));
#1650 = DIRECTION('',(0.886363636364,0.461227929408,-4.035221512474E-02)
  );
#1651 = PCURVE('',#257,#1652);
#1652 = DEFINITIONAL_REPRESENTATION('',(#1653),#1657);
#1653 = LINE('',#1654,#1655);
#1654 = CARTESIAN_POINT('',(6.764550591637,1.570796326795));
#1655 = VECTOR('',#1656,1.);
#1656 = DIRECTION('',(-1.,-0.));
#1657 = ( GEOMETRIC_REPRESENTATION_CONTEXT(2) 
PARAMETRIC_REPRESENTATION_CONTEXT() REPRESENTATION_CONTEXT('2D SPACE',''
  ) );
#1658 = PCURVE('',#1659,#1664);
#1659 = PLANE('',#1660);
#1660 = AXIS2_PLACEMENT_3D('',#1661,#1662,#1663);
#1661 = CARTESIAN_POINT('',(0.,-81.07940418271,182.83681777736));
#1662 = DIRECTION('',(0.,8.715574274766E-02,0.996194698092));
#1663 = DIRECTION('',(1.,0.,0.));
#1664 = DEFINITIONAL_REPRESENTATION('',(#1665),#1673);
#1665 = ( BOUNDED_CURVE() B_SPLINE_CURVE(2,(#1666,#1667,#1668,#1669,
#1670,#1671,#1672),.UNSPECIFIED.,.T.,.F.) B_SPLINE_CURVE_WITH_KNOTS((1,2
    ,2,2,2,1),(-2.094395102393,0.,2.094395102393,4.188790204786,
6.28318530718,8.377580409573),.UNSPECIFIED.) CURVE() 
GEOMETRIC_REPRESENTATION_ITEM() RATIONAL_B_SPLINE_CURVE((1.,0.5,1.,0.5,
1.,0.5,1.)) REPRESENTATION_ITEM('') );
#1666 = CARTESIAN_POINT('',(9.906000000005,5.174373392007));
#1667 = CARTESIAN_POINT('',(18.868277612293,-11.98332190777));
#1668 = CARTESIAN_POINT('',(-0.471861193858,-11.16603434589));
#1669 = CARTESIAN_POINT('',(-19.812,-10.34874678401));
#1670 = CARTESIAN_POINT('',(-9.434138806146,5.991660953889));
#1671 = CARTESIAN_POINT('',(0.943722387717,22.332068691792));
#1672 = CARTESIAN_POINT('',(9.906000000005,5.174373392007));
#1673 = ( GEOMETRIC_REPRESENTATION_CONTEXT(2) 
PARAMETRIC_REPRESENTATION_CONTEXT() REPRESENTATION_CONTEXT('2D SPACE',''
  ) );
#1674 = ORIENTED_EDGE('',*,*,#1675,.F.);
#1675 = EDGE_CURVE('',#241,#1643,#1676,.T.);
#1676 = SURFACE_CURVE('',#1677,(#1690,#1706),.PCURVE_S1.);
#1677 = B_SPLINE_CURVE_WITH_KNOTS('',6,(#1678,#1679,#1680,#1681,#1682,
    #1683,#1684,#1685,#1686,#1687,#1688,#1689),.UNSPECIFIED.,.F.,.F.,(7,
    5,7),(0.,0.883609550667,1.),.UNSPECIFIED.);
#1678 = CARTESIAN_POINT('',(-11.43,-75.69749327298,180.83614015224));
#1679 = CARTESIAN_POINT('',(-11.43,-75.66676199811,181.1874002313));
#1680 = CARTESIAN_POINT('',(-11.33211522919,-75.65840693942,
    181.54061370253));
#1681 = CARTESIAN_POINT('',(-11.13625916161,-75.67537055165,
    181.86199346194));
#1682 = CARTESIAN_POINT('',(-10.8584685682,-75.71777035699,
    182.11706122799));
#1683 = CARTESIAN_POINT('',(-10.52962605209,-75.78156855035,
    182.28351631982));
#1684 = CARTESIAN_POINT('',(-10.13736444735,-75.86992338412,
    182.36403333092));
#1685 = CARTESIAN_POINT('',(-10.09140079076,-75.88045491612,
    182.3717508975));
#1686 = CARTESIAN_POINT('',(-10.045205354,-75.8912178011,182.37779906222
    ));
#1687 = CARTESIAN_POINT('',(-9.998855048443,-75.90219497234,
    182.38216692628));
#1688 = CARTESIAN_POINT('',(-9.95242732483,-75.91336881658,
    182.38484824945));
#1689 = CARTESIAN_POINT('',(-9.906000173274,-75.9247211741,
    182.38584145004));
#1690 = PCURVE('',#257,#1691);
#1691 = DEFINITIONAL_REPRESENTATION('',(#1692),#1705);
#1692 = B_SPLINE_CURVE_WITH_KNOTS('',6,(#1693,#1694,#1695,#1696,#1697,
    #1698,#1699,#1700,#1701,#1702,#1703,#1704),.UNSPECIFIED.,.F.,.F.,(7,
    5,7),(0.,0.883609550667,1.),.UNSPECIFIED.);
#1693 = CARTESIAN_POINT('',(2.690565841794,0.));
#1694 = CARTESIAN_POINT('',(2.690565841794,0.231366033792));
#1695 = CARTESIAN_POINT('',(2.68879689077,0.462738744503));
#1696 = CARTESIAN_POINT('',(2.68526226088,0.694090839482));
#1697 = CARTESIAN_POINT('',(2.680080379425,0.92541767111));
#1698 = CARTESIAN_POINT('',(2.673530231374,1.156723687722));
#1699 = CARTESIAN_POINT('',(2.665232320669,1.418473745556));
#1700 = CARTESIAN_POINT('',(2.664252949903,1.448938698766));
#1701 = CARTESIAN_POINT('',(2.663261307214,1.479403379272));
#1702 = CARTESIAN_POINT('',(2.662258803365,1.509867816867));
#1703 = CARTESIAN_POINT('',(2.661246958595,1.540332090203));
#1704 = CARTESIAN_POINT('',(2.660227402618,1.570796326795));
#1705 = ( GEOMETRIC_REPRESENTATION_CONTEXT(2) 
PARAMETRIC_REPRESENTATION_CONTEXT() REPRESENTATION_CONTEXT('2D SPACE',''
  ) );
#1706 = PCURVE('',#1707,#1712);
#1707 = CYLINDRICAL_SURFACE('',#1708,1.524);
#1708 = AXIS2_PLACEMENT_3D('',#1709,#1710,#1711);
#1709 = CARTESIAN_POINT('',(-9.906,-81.21222953466,181.31861705747));
#1710 = DIRECTION('',(0.,0.996194698092,-8.715574274766E-02));
#1711 = DIRECTION('',(-1.,0.,0.));
#1712 = DEFINITIONAL_REPRESENTATION('',(#1713),#1726);
#1713 = B_SPLINE_CURVE_WITH_KNOTS('',6,(#1714,#1715,#1716,#1717,#1718,
    #1719,#1720,#1721,#1722,#1723,#1724,#1725),.UNSPECIFIED.,.F.,.F.,(7,
    5,7),(0.,0.883609550667,1.),.UNSPECIFIED.);
#1714 = CARTESIAN_POINT('',(0.,5.535801658296));
#1715 = CARTESIAN_POINT('',(0.231366033792,5.535801658296));
#1716 = CARTESIAN_POINT('',(0.462738744503,5.513340341028));
#1717 = CARTESIAN_POINT('',(0.694090839482,5.468431188832));
#1718 = CARTESIAN_POINT('',(0.92541767111,5.403962106949));
#1719 = CARTESIAN_POINT('',(1.156723687722,5.325899167818));
#1720 = CARTESIAN_POINT('',(1.418473745556,5.230863030956));
#1721 = CARTESIAN_POINT('',(1.448938661133,5.219698944366));
#1722 = CARTESIAN_POINT('',(1.47940335677,5.208449883123));
#1723 = CARTESIAN_POINT('',(1.509867862182,5.197133798903));
#1724 = CARTESIAN_POINT('',(1.540332165464,5.185768781794));
#1725 = CARTESIAN_POINT('',(1.570796213098,5.174373060293));
#1726 = ( GEOMETRIC_REPRESENTATION_CONTEXT(2) 
PARAMETRIC_REPRESENTATION_CONTEXT() REPRESENTATION_CONTEXT('2D SPACE',''
  ) );
#1727 = ORIENTED_EDGE('',*,*,#240,.T.);
#1728 = ORIENTED_EDGE('',*,*,#531,.T.);
#1729 = ORIENTED_EDGE('',*,*,#1730,.T.);
#1730 = EDGE_CURVE('',#506,#1641,#1731,.T.);
#1731 = SURFACE_CURVE('',#1732,(#1745,#1761),.PCURVE_S1.);
#1732 = B_SPLINE_CURVE_WITH_KNOTS('',6,(#1733,#1734,#1735,#1736,#1737,
    #1738,#1739,#1740,#1741,#1742,#1743,#1744),.UNSPECIFIED.,.F.,.F.,(7,
    5,7),(0.,0.883609486253,1.),.UNSPECIFIED.);
#1733 = CARTESIAN_POINT('',(11.43,-75.69749327298,180.83614015224));
#1734 = CARTESIAN_POINT('',(11.43,-75.66676199811,181.18740023132));
#1735 = CARTESIAN_POINT('',(11.332115229178,-75.65840693942,
    181.54061370258));
#1736 = CARTESIAN_POINT('',(11.136259161574,-75.67537055165,
    181.861993462));
#1737 = CARTESIAN_POINT('',(10.858468568132,-75.717770357,
    182.11706122805));
#1738 = CARTESIAN_POINT('',(10.52962605199,-75.78156855037,
    182.28351631987));
#1739 = CARTESIAN_POINT('',(10.137364418629,-75.86992339059,
    182.36403333681));
#1740 = CARTESIAN_POINT('',(10.0914006763,-75.88045469674,
    182.37175088682));
#1741 = CARTESIAN_POINT('',(10.045205233251,-75.89121768225,
    182.37779906141));
#1742 = CARTESIAN_POINT('',(9.998855000835,-75.90219527988,
    182.38216696172));
#1743 = CARTESIAN_POINT('',(9.95242729318,-75.91336931669,
    182.38484829854));
#1744 = CARTESIAN_POINT('',(9.905999827191,-75.92472051406,
    182.38584139229));
#1745 = PCURVE('',#257,#1746);
#1746 = DEFINITIONAL_REPRESENTATION('',(#1747),#1760);
#1747 = B_SPLINE_CURVE_WITH_KNOTS('',6,(#1748,#1749,#1750,#1751,#1752,
    #1753,#1754,#1755,#1756,#1757,#1758,#1759),.UNSPECIFIED.,.F.,.F.,(7,
    5,7),(0.,0.883609486253,1.),.UNSPECIFIED.);
#1748 = CARTESIAN_POINT('',(6.734212118976,0.));
#1749 = CARTESIAN_POINT('',(6.734212118976,0.231366033806));
#1750 = CARTESIAN_POINT('',(6.735981069999,0.462738744532));
#1751 = CARTESIAN_POINT('',(6.73951569989,0.694090839525));
#1752 = CARTESIAN_POINT('',(6.744697581346,0.925417671168));
#1753 = CARTESIAN_POINT('',(6.751247729397,1.156723687794));
#1754 = CARTESIAN_POINT('',(6.759545640708,1.418473764726));
#1755 = CARTESIAN_POINT('',(6.760525032965,1.448938699089));
#1756 = CARTESIAN_POINT('',(6.761516667897,1.479403413848));
#1757 = CARTESIAN_POINT('',(6.762519134783,1.509867938742));
#1758 = CARTESIAN_POINT('',(6.763530963602,1.540332261291));
#1759 = CARTESIAN_POINT('',(6.764550625035,1.570796326795));
#1760 = ( GEOMETRIC_REPRESENTATION_CONTEXT(2) 
PARAMETRIC_REPRESENTATION_CONTEXT() REPRESENTATION_CONTEXT('2D SPACE',''
  ) );
#1761 = PCURVE('',#1762,#1767);
#1762 = CYLINDRICAL_SURFACE('',#1763,1.524);
#1763 = AXIS2_PLACEMENT_3D('',#1764,#1765,#1766);
#1764 = CARTESIAN_POINT('',(9.906,-68.56055686889,180.21173912458));
#1765 = DIRECTION('',(-0.,-0.996194698092,8.715574274766E-02));
#1766 = DIRECTION('',(1.,0.,0.));
#1767 = DEFINITIONAL_REPRESENTATION('',(#1768),#1781);
#1768 = B_SPLINE_CURVE_WITH_KNOTS('',6,(#1769,#1770,#1771,#1772,#1773,
    #1774,#1775,#1776,#1777,#1778,#1779,#1780),.UNSPECIFIED.,.F.,.F.,(7,
    5,7),(0.,0.883609486253,1.),.UNSPECIFIED.);
#1769 = CARTESIAN_POINT('',(0.,7.164198341704));
#1770 = CARTESIAN_POINT('',(0.231366033806,7.164198341704));
#1771 = CARTESIAN_POINT('',(0.462738744532,7.186659658975));
#1772 = CARTESIAN_POINT('',(0.694090839525,7.231568811176));
#1773 = CARTESIAN_POINT('',(0.925417671168,7.296037893067));
#1774 = CARTESIAN_POINT('',(1.156723687794,7.374100832206));
#1775 = CARTESIAN_POINT('',(1.418473764726,7.469136976005));
#1776 = CARTESIAN_POINT('',(1.448938736621,7.480300836161));
#1777 = CARTESIAN_POINT('',(1.479403436289,7.491549998408));
#1778 = CARTESIAN_POINT('',(1.509867893548,7.502866510555));
#1779 = CARTESIAN_POINT('',(1.540332186231,7.514231720684));
#1780 = CARTESIAN_POINT('',(1.570796440187,7.525626277152));
#1781 = ( GEOMETRIC_REPRESENTATION_CONTEXT(2) 
PARAMETRIC_REPRESENTATION_CONTEXT() REPRESENTATION_CONTEXT('2D SPACE',''
  ) );
#1782 = ADVANCED_FACE('',(#1783),#652,.T.);
#1783 = FACE_BOUND('',#1784,.T.);
#1784 = EDGE_LOOP('',(#1785,#1806,#1807,#1808,#1809,#1830,#1856));
#1785 = ORIENTED_EDGE('',*,*,#1786,.F.);
#1786 = EDGE_CURVE('',#1477,#1787,#1789,.T.);
#1787 = VERTEX_POINT('',#1788);
#1788 = CARTESIAN_POINT('',(6.35,14.224,12.669701164033));
#1789 = SURFACE_CURVE('',#1790,(#1794,#1800),.PCURVE_S1.);
#1790 = LINE('',#1791,#1792);
#1791 = CARTESIAN_POINT('',(6.35,-9.867304440747,12.669701164033));
#1792 = VECTOR('',#1793,25.4);
#1793 = DIRECTION('',(0.,-1.,0.));
#1794 = PCURVE('',#652,#1795);
#1795 = DEFINITIONAL_REPRESENTATION('',(#1796),#1799);
#1796 = B_SPLINE_CURVE_WITH_KNOTS('',1,(#1797,#1798),.UNSPECIFIED.,.F.,
  .F.,(2,2),(-1.328476552785,-0.948476552785),.PIECEWISE_BEZIER_KNOTS.);
#1797 = CARTESIAN_POINT('',(56.310608881494,1.442507301899));
#1798 = CARTESIAN_POINT('',(46.658608881494,1.442507301899));
#1799 = ( GEOMETRIC_REPRESENTATION_CONTEXT(2) 
PARAMETRIC_REPRESENTATION_CONTEXT() REPRESENTATION_CONTEXT('2D SPACE',''
  ) );
#1800 = PCURVE('',#1519,#1801);
#1801 = DEFINITIONAL_REPRESENTATION('',(#1802),#1805);
#1802 = B_SPLINE_CURVE_WITH_KNOTS('',1,(#1803,#1804),.UNSPECIFIED.,.F.,
  .F.,(2,2),(-1.328476552785,-0.948476552785),.PIECEWISE_BEZIER_KNOTS.);
#1803 = CARTESIAN_POINT('',(74.996842105263,11.176));
#1804 = CARTESIAN_POINT('',(74.996842105263,1.524));
#1805 = ( GEOMETRIC_REPRESENTATION_CONTEXT(2) 
PARAMETRIC_REPRESENTATION_CONTEXT() REPRESENTATION_CONTEXT('2D SPACE',''
  ) );
#1806 = ORIENTED_EDGE('',*,*,#1476,.T.);
#1807 = ORIENTED_EDGE('',*,*,#637,.F.);
#1808 = ORIENTED_EDGE('',*,*,#1317,.F.);
#1809 = ORIENTED_EDGE('',*,*,#1810,.T.);
#1810 = EDGE_CURVE('',#1193,#1811,#1813,.T.);
#1811 = VERTEX_POINT('',#1812);
#1812 = CARTESIAN_POINT('',(6.35,12.7,6.35));
#1813 = SURFACE_CURVE('',#1814,(#1818,#1824),.PCURVE_S1.);
#1814 = LINE('',#1815,#1816);
#1815 = CARTESIAN_POINT('',(6.35,-9.096725614475,6.35));
#1816 = VECTOR('',#1817,25.4);
#1817 = DIRECTION('',(0.,1.,0.));
#1818 = PCURVE('',#652,#1819);
#1819 = DEFINITIONAL_REPRESENTATION('',(#1820),#1823);
#1820 = B_SPLINE_CURVE_WITH_KNOTS('',1,(#1821,#1822),.UNSPECIFIED.,.F.,
  .F.,(2,2),(-3.439951277509,1.70813880372),.PIECEWISE_BEZIER_KNOTS.);
#1821 = CARTESIAN_POINT('',(-64.0368791817,-4.877193862134));
#1822 = CARTESIAN_POINT('',(66.724608881494,-4.877193862134));
#1823 = ( GEOMETRIC_REPRESENTATION_CONTEXT(2) 
PARAMETRIC_REPRESENTATION_CONTEXT() REPRESENTATION_CONTEXT('2D SPACE',''
  ) );
#1824 = PCURVE('',#928,#1825);
#1825 = DEFINITIONAL_REPRESENTATION('',(#1826),#1829);
#1826 = B_SPLINE_CURVE_WITH_KNOTS('',1,(#1827,#1828),.UNSPECIFIED.,.F.,
  .F.,(2,2),(-3.439951277509,1.70813880372),.PIECEWISE_BEZIER_KNOTS.);
#1827 = CARTESIAN_POINT('',(6.349999865279,-110.7126457157));
#1828 = CARTESIAN_POINT('',(6.349999865279,20.048842347457));
#1829 = ( GEOMETRIC_REPRESENTATION_CONTEXT(2) 
PARAMETRIC_REPRESENTATION_CONTEXT() REPRESENTATION_CONTEXT('2D SPACE',''
  ) );
#1830 = ORIENTED_EDGE('',*,*,#1831,.T.);
#1831 = EDGE_CURVE('',#1811,#1832,#1834,.T.);
#1832 = VERTEX_POINT('',#1833);
#1833 = CARTESIAN_POINT('',(6.35,12.7,11.145701164033));
#1834 = SURFACE_CURVE('',#1835,(#1839,#1845),.PCURVE_S1.);
#1835 = LINE('',#1836,#1837);
#1836 = CARTESIAN_POINT('',(6.35,12.7,7.518596931067));
#1837 = VECTOR('',#1838,25.4);
#1838 = DIRECTION('',(0.,0.,1.));
#1839 = PCURVE('',#652,#1840);
#1840 = DEFINITIONAL_REPRESENTATION('',(#1841),#1844);
#1841 = B_SPLINE_CURVE_WITH_KNOTS('',1,(#1842,#1843),.UNSPECIFIED.,.F.,
  .F.,(2,2),(-4.600775319162E-02,0.142799379251),
  .PIECEWISE_BEZIER_KNOTS.);
#1842 = CARTESIAN_POINT('',(45.134608881494,-4.877193862134));
#1843 = CARTESIAN_POINT('',(45.134608881494,-8.14926981013E-02));
#1844 = ( GEOMETRIC_REPRESENTATION_CONTEXT(2) 
PARAMETRIC_REPRESENTATION_CONTEXT() REPRESENTATION_CONTEXT('2D SPACE',''
  ) );
#1845 = PCURVE('',#1846,#1851);
#1846 = PLANE('',#1847);
#1847 = AXIS2_PLACEMENT_3D('',#1848,#1849,#1850);
#1848 = CARTESIAN_POINT('',(-68.64684210526,12.7,3.81));
#1849 = DIRECTION('',(0.,1.,0.));
#1850 = DIRECTION('',(0.,0.,1.));
#1851 = DEFINITIONAL_REPRESENTATION('',(#1852),#1855);
#1852 = B_SPLINE_CURVE_WITH_KNOTS('',1,(#1853,#1854),.UNSPECIFIED.,.F.,
  .F.,(2,2),(-4.600775319162E-02,0.142799379251),
  .PIECEWISE_BEZIER_KNOTS.);
#1853 = CARTESIAN_POINT('',(2.54,74.996842105263));
#1854 = CARTESIAN_POINT('',(7.335701164033,74.996842105263));
#1855 = ( GEOMETRIC_REPRESENTATION_CONTEXT(2) 
PARAMETRIC_REPRESENTATION_CONTEXT() REPRESENTATION_CONTEXT('2D SPACE',''
  ) );
#1856 = ORIENTED_EDGE('',*,*,#1857,.F.);
#1857 = EDGE_CURVE('',#1787,#1832,#1858,.T.);
#1858 = SURFACE_CURVE('',#1859,(#1864,#1871),.PCURVE_S1.);
#1859 = CIRCLE('',#1860,1.524);
#1860 = AXIS2_PLACEMENT_3D('',#1861,#1862,#1863);
#1861 = CARTESIAN_POINT('',(6.35,14.224,11.145701164033));
#1862 = DIRECTION('',(1.,0.,0.));
#1863 = DIRECTION('',(0.,-1.,0.));
#1864 = PCURVE('',#652,#1865);
#1865 = DEFINITIONAL_REPRESENTATION('',(#1866),#1870);
#1866 = CIRCLE('',#1867,1.524);
#1867 = AXIS2_PLACEMENT_2D('',#1868,#1869);
#1868 = CARTESIAN_POINT('',(46.658608881494,-8.14926981013E-02));
#1869 = DIRECTION('',(-1.,0.));
#1870 = ( GEOMETRIC_REPRESENTATION_CONTEXT(2) 
PARAMETRIC_REPRESENTATION_CONTEXT() REPRESENTATION_CONTEXT('2D SPACE',''
  ) );
#1871 = PCURVE('',#1872,#1877);
#1872 = CYLINDRICAL_SURFACE('',#1873,1.524);
#1873 = AXIS2_PLACEMENT_3D('',#1874,#1875,#1876);
#1874 = CARTESIAN_POINT('',(-68.64684210526,14.224,11.145701164033));
#1875 = DIRECTION('',(1.,0.,0.));
#1876 = DIRECTION('',(0.,-1.,0.));
#1877 = DEFINITIONAL_REPRESENTATION('',(#1878),#1882);
#1878 = LINE('',#1879,#1880);
#1879 = CARTESIAN_POINT('',(-6.28318530718,74.996842105263));
#1880 = VECTOR('',#1881,1.);
#1881 = DIRECTION('',(1.,-0.));
#1882 = ( GEOMETRIC_REPRESENTATION_CONTEXT(2) 
PARAMETRIC_REPRESENTATION_CONTEXT() REPRESENTATION_CONTEXT('2D SPACE',''
  ) );
#1883 = ADVANCED_FACE('',(#1884),#283,.T.);
#1884 = FACE_BOUND('',#1885,.T.);
#1885 = EDGE_LOOP('',(#1886,#1909,#1937,#1958));
#1886 = ORIENTED_EDGE('',*,*,#1887,.T.);
#1887 = EDGE_CURVE('',#241,#1888,#1890,.T.);
#1888 = VERTEX_POINT('',#1889);
#1889 = CARTESIAN_POINT('',(-11.43,-68.56055686889,180.21173912458));
#1890 = SURFACE_CURVE('',#1891,(#1895,#1902),.PCURVE_S1.);
#1891 = LINE('',#1892,#1893);
#1892 = CARTESIAN_POINT('',(-11.43,-81.21222953466,181.31861705747));
#1893 = VECTOR('',#1894,25.4);
#1894 = DIRECTION('',(0.,0.996194698092,-8.715574274766E-02));
#1895 = PCURVE('',#283,#1896);
#1896 = DEFINITIONAL_REPRESENTATION('',(#1897),#1901);
#1897 = LINE('',#1898,#1899);
#1898 = CARTESIAN_POINT('',(0.,-35.306));
#1899 = VECTOR('',#1900,1.);
#1900 = DIRECTION('',(1.,0.));
#1901 = ( GEOMETRIC_REPRESENTATION_CONTEXT(2) 
PARAMETRIC_REPRESENTATION_CONTEXT() REPRESENTATION_CONTEXT('2D SPACE',''
  ) );
#1902 = PCURVE('',#1707,#1903);
#1903 = DEFINITIONAL_REPRESENTATION('',(#1904),#1908);
#1904 = LINE('',#1905,#1906);
#1905 = CARTESIAN_POINT('',(0.,0.));
#1906 = VECTOR('',#1907,1.);
#1907 = DIRECTION('',(0.,1.));
#1908 = ( GEOMETRIC_REPRESENTATION_CONTEXT(2) 
PARAMETRIC_REPRESENTATION_CONTEXT() REPRESENTATION_CONTEXT('2D SPACE',''
  ) );
#1909 = ORIENTED_EDGE('',*,*,#1910,.F.);
#1910 = EDGE_CURVE('',#1911,#1888,#1913,.T.);
#1911 = VERTEX_POINT('',#1912);
#1912 = CARTESIAN_POINT('',(-11.43,-69.77497605937,166.33086425995));
#1913 = SURFACE_CURVE('',#1914,(#1918,#1925),.PCURVE_S1.);
#1914 = LINE('',#1915,#1916);
#1915 = CARTESIAN_POINT('',(-11.43,-71.63767752234,145.04008911375));
#1916 = VECTOR('',#1917,25.4);
#1917 = DIRECTION('',(0.,8.715574274766E-02,0.996194698092));
#1918 = PCURVE('',#283,#1919);
#1919 = DEFINITIONAL_REPRESENTATION('',(#1920),#1924);
#1920 = LINE('',#1921,#1922);
#1921 = CARTESIAN_POINT('',(12.7,0.));
#1922 = VECTOR('',#1923,1.);
#1923 = DIRECTION('',(0.,-1.));
#1924 = ( GEOMETRIC_REPRESENTATION_CONTEXT(2) 
PARAMETRIC_REPRESENTATION_CONTEXT() REPRESENTATION_CONTEXT('2D SPACE',''
  ) );
#1925 = PCURVE('',#1926,#1931);
#1926 = CYLINDRICAL_SURFACE('',#1927,11.43);
#1927 = AXIS2_PLACEMENT_3D('',#1928,#1929,#1930);
#1928 = CARTESIAN_POINT('',(0.,-71.63767752234,145.04008911375));
#1929 = DIRECTION('',(-0.,-8.715574274766E-02,-0.996194698092));
#1930 = DIRECTION('',(1.,0.,0.));
#1931 = DEFINITIONAL_REPRESENTATION('',(#1932),#1936);
#1932 = LINE('',#1933,#1934);
#1933 = CARTESIAN_POINT('',(-3.14159265359,0.));
#1934 = VECTOR('',#1935,1.);
#1935 = DIRECTION('',(-0.,-1.));
#1936 = ( GEOMETRIC_REPRESENTATION_CONTEXT(2) 
PARAMETRIC_REPRESENTATION_CONTEXT() REPRESENTATION_CONTEXT('2D SPACE',''
  ) );
#1937 = ORIENTED_EDGE('',*,*,#1938,.F.);
#1938 = EDGE_CURVE('',#269,#1911,#1939,.T.);
#1939 = SURFACE_CURVE('',#1940,(#1944,#1951),.PCURVE_S1.);
#1940 = LINE('',#1941,#1942);
#1941 = CARTESIAN_POINT('',(-11.43,-85.47927954355,153.15338899847));
#1942 = VECTOR('',#1943,25.4);
#1943 = DIRECTION('',(0.,0.766044443119,0.642787609687));
#1944 = PCURVE('',#283,#1945);
#1945 = DEFINITIONAL_REPRESENTATION('',(#1946),#1950);
#1946 = LINE('',#1947,#1948);
#1947 = CARTESIAN_POINT('',(-1.796051224214,-6.876051224214));
#1948 = VECTOR('',#1949,1.);
#1949 = DIRECTION('',(0.707106781187,-0.707106781187));
#1950 = ( GEOMETRIC_REPRESENTATION_CONTEXT(2) 
PARAMETRIC_REPRESENTATION_CONTEXT() REPRESENTATION_CONTEXT('2D SPACE',''
  ) );
#1951 = PCURVE('',#344,#1952);
#1952 = DEFINITIONAL_REPRESENTATION('',(#1953),#1957);
#1953 = LINE('',#1954,#1955);
#1954 = CARTESIAN_POINT('',(-0.,0.));
#1955 = VECTOR('',#1956,1.);
#1956 = DIRECTION('',(-0.,1.));
#1957 = ( GEOMETRIC_REPRESENTATION_CONTEXT(2) 
PARAMETRIC_REPRESENTATION_CONTEXT() REPRESENTATION_CONTEXT('2D SPACE',''
  ) );
#1958 = ORIENTED_EDGE('',*,*,#268,.T.);
#1959 = ADVANCED_FACE('',(#1960),#344,.T.);
#1960 = FACE_BOUND('',#1961,.F.);
#1961 = EDGE_LOOP('',(#1962,#1963,#1964,#1987));
#1962 = ORIENTED_EDGE('',*,*,#1938,.F.);
#1963 = ORIENTED_EDGE('',*,*,#294,.T.);
#1964 = ORIENTED_EDGE('',*,*,#1965,.T.);
#1965 = EDGE_CURVE('',#295,#1966,#1968,.T.);
#1966 = VERTEX_POINT('',#1967);
#1967 = CARTESIAN_POINT('',(-8.89,-68.14229553077,164.38511137442));
#1968 = SURFACE_CURVE('',#1969,(#1973,#1980),.PCURVE_S1.);
#1969 = LINE('',#1970,#1971);
#1970 = CARTESIAN_POINT('',(-8.89,-83.84659901495,151.20763611295));
#1971 = VECTOR('',#1972,25.4);
#1972 = DIRECTION('',(0.,0.766044443119,0.642787609687));
#1973 = PCURVE('',#344,#1974);
#1974 = DEFINITIONAL_REPRESENTATION('',(#1975),#1979);
#1975 = LINE('',#1976,#1977);
#1976 = CARTESIAN_POINT('',(-1.570796326795,0.));
#1977 = VECTOR('',#1978,1.);
#1978 = DIRECTION('',(-0.,1.));
#1979 = ( GEOMETRIC_REPRESENTATION_CONTEXT(2) 
PARAMETRIC_REPRESENTATION_CONTEXT() REPRESENTATION_CONTEXT('2D SPACE',''
  ) );
#1980 = PCURVE('',#396,#1981);
#1981 = DEFINITIONAL_REPRESENTATION('',(#1982),#1986);
#1982 = LINE('',#1983,#1984);
#1983 = CARTESIAN_POINT('',(10.776307345283,-5.08));
#1984 = VECTOR('',#1985,1.);
#1985 = DIRECTION('',(1.,0.));
#1986 = ( GEOMETRIC_REPRESENTATION_CONTEXT(2) 
PARAMETRIC_REPRESENTATION_CONTEXT() REPRESENTATION_CONTEXT('2D SPACE',''
  ) );
#1987 = ORIENTED_EDGE('',*,*,#1988,.F.);
#1988 = EDGE_CURVE('',#1911,#1966,#1989,.T.);
#1989 = SURFACE_CURVE('',#1990,(#1995,#2001),.PCURVE_S1.);
#1990 = CIRCLE('',#1991,2.54);
#1991 = AXIS2_PLACEMENT_3D('',#1992,#1993,#1994);
#1992 = CARTESIAN_POINT('',(-8.89,-69.77497605937,166.33086425995));
#1993 = DIRECTION('',(-0.,-0.766044443119,-0.642787609687));
#1994 = DIRECTION('',(-1.,0.,0.));
#1995 = PCURVE('',#344,#1996);
#1996 = DEFINITIONAL_REPRESENTATION('',(#1997),#2000);
#1997 = B_SPLINE_CURVE_WITH_KNOTS('',1,(#1998,#1999),.UNSPECIFIED.,.F.,
  .F.,(2,2),(0.,1.570796326795),.PIECEWISE_BEZIER_KNOTS.);
#1998 = CARTESIAN_POINT('',(0.,20.500512242138));
#1999 = CARTESIAN_POINT('',(-1.570796326795,20.500512242138));
#2000 = ( GEOMETRIC_REPRESENTATION_CONTEXT(2) 
PARAMETRIC_REPRESENTATION_CONTEXT() REPRESENTATION_CONTEXT('2D SPACE',''
  ) );
#2001 = PCURVE('',#2002,#2051);
#2002 = ( BOUNDED_SURFACE() B_SPLINE_SURFACE(2,8,(
    (#2003,#2004,#2005,#2006,#2007,#2008,#2009,#2010,#2011,#2012,#2013
      ,#2014,#2015,#2016,#2017,#2018)
    ,(#2019,#2020,#2021,#2022,#2023,#2024,#2025,#2026,#2027,#2028,#2029
      ,#2030,#2031,#2032,#2033,#2034)
    ,(#2035,#2036,#2037,#2038,#2039,#2040,#2041,#2042,#2043,#2044,#2045
      ,#2046,#2047,#2048,#2049,#2050
)),.UNSPECIFIED.,.F.,.F.,.F.) B_SPLINE_SURFACE_WITH_KNOTS((3,3),(9,7,9),
  (0.,1.518672389642),(0.807315252527,1.566651447348,2.32598764217),
.UNSPECIFIED.) GEOMETRIC_REPRESENTATION_ITEM() RATIONAL_B_SPLINE_SURFACE
((
    (1.,1.,1.,1.,1.,1.,1.,1.,1.,1.,1.,1.,1.,1.,1.,1.)
    ,(0.707106781187,0.756162914222,0.799933034102,0.83789485014
      ,0.870488309852,0.896986650236,0.914883377894,0.923879528494
      ,0.923879536529,0.914883393894,0.896986670476,0.870488327166
      ,0.837894841583,0.799933014161,0.756162897941,0.707106781187)
    ,(1.,1.,1.,1.,1.,1.,1.,1.,1.,1.,1.,1.,1.,1.,1.,1.
))) REPRESENTATION_ITEM('') SURFACE() );
#2003 = CARTESIAN_POINT('',(-11.43,-69.77497605937,166.33086425995));
#2004 = CARTESIAN_POINT('',(-11.43,-67.38869845738,167.87312512387));
#2005 = CARTESIAN_POINT('',(-10.92518274746,-65.07188608006,
    169.37019153086));
#2006 = CARTESIAN_POINT('',(-9.980641715662,-62.92479154424,
    170.75660198596));
#2007 = CARTESIAN_POINT('',(-8.591788704698,-61.0204497721,
    171.98089510698));
#2008 = CARTESIAN_POINT('',(-6.895873639304,-59.43152966075,
    172.99487062598));
#2009 = CARTESIAN_POINT('',(-4.754983485977,-58.21281996053,
    173.79833917596));
#2010 = CARTESIAN_POINT('',(-2.376644101469,-57.61365649069,
    174.19084471378));
#2011 = CARTESIAN_POINT('',(2.376640654991,-57.61365572362,
    174.19084525897));
#2012 = CARTESIAN_POINT('',(4.754980901413,-58.21281841383,
    173.79834027866));
#2013 = CARTESIAN_POINT('',(6.895872940843,-59.43152811442,
    172.99487167516));
#2014 = CARTESIAN_POINT('',(8.591789086467,-61.02044953238,
    171.98089512002));
#2015 = CARTESIAN_POINT('',(9.98064236247,-62.92479221244,
    170.75660154785));
#2016 = CARTESIAN_POINT('',(10.92518308385,-65.07188722166,
    169.37019078278));
#2017 = CARTESIAN_POINT('',(11.43,-67.38869925131,167.87312461038));
#2018 = CARTESIAN_POINT('',(11.43,-69.77497605937,166.33086425995));
#2019 = CARTESIAN_POINT('',(-11.43,-68.14229553077,164.38511137442));
#2020 = CARTESIAN_POINT('',(-11.10044429741,-66.12460814829,
    166.07815211289));
#2021 = CARTESIAN_POINT('',(-10.41851505782,-64.16952176847,
    167.71866437312));
#2022 = CARTESIAN_POINT('',(-9.421805224628,-62.34354245866,
    169.25084293852));
#2023 = CARTESIAN_POINT('',(-8.05310182455,-60.73077382219,
    170.60411650655));
#2024 = CARTESIAN_POINT('',(-6.496880818165,-59.34692960339,
    171.76529968015));
#2025 = CARTESIAN_POINT('',(-4.458540196146,-58.23111385946,
    172.70158025935));
#2026 = CARTESIAN_POINT('',(-2.206630455883,-57.70535325512,
    173.14274578853));
#2027 = CARTESIAN_POINT('',(2.206626837338,-57.70535249986,
    173.14274642227));
#2028 = CARTESIAN_POINT('',(4.458537501595,-58.2311123158,
    172.70158155463));
#2029 = CARTESIAN_POINT('',(6.496880304713,-59.34692807669,
    171.76530096121));
#2030 = CARTESIAN_POINT('',(8.053102507391,-60.7307740559,
    170.60411631045));
#2031 = CARTESIAN_POINT('',(9.421805928288,-62.34354337107,
    169.25084217291));
#2032 = CARTESIAN_POINT('',(10.418515460772,-64.16952288273,
    167.71866343814));
#2033 = CARTESIAN_POINT('',(11.100444399962,-66.12460880258,
    166.07815156387));
#2034 = CARTESIAN_POINT('',(11.43,-68.14229553077,164.38511137442));
#2035 = CARTESIAN_POINT('',(-8.890074968802,-68.15724490116,
    164.37256736324));
#2036 = CARTESIAN_POINT('',(-8.893238306389,-66.31289707292,
    165.92015894567));
#2037 = CARTESIAN_POINT('',(-8.522790341762,-64.53968751673,
    167.40805843028));
#2038 = CARTESIAN_POINT('',(-7.853009905163,-62.88912278566,
    168.79304668735));
#2039 = CARTESIAN_POINT('',(-6.828661937984,-61.41301381135,
    170.03164918327));
#2040 = CARTESIAN_POINT('',(-5.636924289122,-60.12274329792,
    171.11431469521));
#2041 = CARTESIAN_POINT('',(-3.934401766651,-59.03709733869,
    172.02527981919));
#2042 = CARTESIAN_POINT('',(-1.96619482934,-58.51131053219,
    172.4664673346));
#2043 = CARTESIAN_POINT('',(1.966191013788,-58.51130969122,
    172.46646804026));
#2044 = CARTESIAN_POINT('',(3.934399000024,-59.0370956485,
    172.02528123742));
#2045 = CARTESIAN_POINT('',(5.636923832965,-60.12274164388,
    171.11431608312));
#2046 = CARTESIAN_POINT('',(6.82866283191,-61.413013934,170.03164908035)
  );
#2047 = CARTESIAN_POINT('',(7.853010859078,-62.8891238987,168.7930457534
    ));
#2048 = CARTESIAN_POINT('',(8.522790874998,-64.53968915191,
    167.4080570582));
#2049 = CARTESIAN_POINT('',(8.893238354014,-66.3128982686,
    165.92015794238));
#2050 = CARTESIAN_POINT('',(8.890074970832,-68.1572451036,
    164.37256719337));
#2051 = DEFINITIONAL_REPRESENTATION('',(#2052),#2059);
#2052 = B_SPLINE_CURVE_WITH_KNOTS('',5,(#2053,#2054,#2055,#2056,#2057,
    #2058),.UNSPECIFIED.,.F.,.F.,(6,6),(0.,1.570796326795),
  .PIECEWISE_BEZIER_KNOTS.);
#2053 = CARTESIAN_POINT('',(1.110223024625E-16,0.807315252527));
#2054 = CARTESIAN_POINT('',(0.33736418243,0.807315252527));
#2055 = CARTESIAN_POINT('',(0.620032472986,0.807315252527));
#2056 = CARTESIAN_POINT('',(0.898670163552,0.807315252527));
#2057 = CARTESIAN_POINT('',(1.181308207213,0.807315252527));
#2058 = CARTESIAN_POINT('',(1.518672389642,0.807315252527));
#2059 = ( GEOMETRIC_REPRESENTATION_CONTEXT(2) 
PARAMETRIC_REPRESENTATION_CONTEXT() REPRESENTATION_CONTEXT('2D SPACE',''
  ) );
#2060 = ADVANCED_FACE('',(#2061),#396,.F.);
#2061 = FACE_BOUND('',#2062,.F.);
#2062 = EDGE_LOOP('',(#2063,#2064,#2065,#2088));
#2063 = ORIENTED_EDGE('',*,*,#1965,.F.);
#2064 = ORIENTED_EDGE('',*,*,#373,.F.);
#2065 = ORIENTED_EDGE('',*,*,#2066,.F.);
#2066 = EDGE_CURVE('',#2067,#374,#2069,.T.);
#2067 = VERTEX_POINT('',#2068);
#2068 = CARTESIAN_POINT('',(8.890074970832,-68.1572451036,
    164.37256719337));
#2069 = SURFACE_CURVE('',#2070,(#2074,#2081),.PCURVE_S1.);
#2070 = LINE('',#2071,#2072);
#2071 = CARTESIAN_POINT('',(8.89,-70.08804841629,162.75243084582));
#2072 = VECTOR('',#2073,25.4);
#2073 = DIRECTION('',(-0.,-0.766044443119,-0.642787609687));
#2074 = PCURVE('',#396,#2075);
#2075 = DEFINITIONAL_REPRESENTATION('',(#2076),#2080);
#2076 = LINE('',#2077,#2078);
#2077 = CARTESIAN_POINT('',(28.736819587421,-22.86));
#2078 = VECTOR('',#2079,1.);
#2079 = DIRECTION('',(-1.,0.));
#2080 = ( GEOMETRIC_REPRESENTATION_CONTEXT(2) 
PARAMETRIC_REPRESENTATION_CONTEXT() REPRESENTATION_CONTEXT('2D SPACE',''
  ) );
#2081 = PCURVE('',#470,#2082);
#2082 = DEFINITIONAL_REPRESENTATION('',(#2083),#2087);
#2083 = LINE('',#2084,#2085);
#2084 = CARTESIAN_POINT('',(-1.570796326795,0.));
#2085 = VECTOR('',#2086,1.);
#2086 = DIRECTION('',(-0.,1.));
#2087 = ( GEOMETRIC_REPRESENTATION_CONTEXT(2) 
PARAMETRIC_REPRESENTATION_CONTEXT() REPRESENTATION_CONTEXT('2D SPACE',''
  ) );
#2088 = ORIENTED_EDGE('',*,*,#2089,.F.);
#2089 = EDGE_CURVE('',#1966,#2067,#2090,.T.);
#2090 = SURFACE_CURVE('',#2091,(#2108,#2128),.PCURVE_S1.);
#2091 = ( BOUNDED_CURVE() B_SPLINE_CURVE(8,(#2092,#2093,#2094,#2095,
    #2096,#2097,#2098,#2099,#2100,#2101,#2102,#2103,#2104,#2105,#2106,
#2107),.UNSPECIFIED.,.F.,.F.) B_SPLINE_CURVE_WITH_KNOTS((9,7,9),(
0.807315252527,1.566651447348,2.32598764217),.UNSPECIFIED.) CURVE() 
GEOMETRIC_REPRESENTATION_ITEM() RATIONAL_B_SPLINE_CURVE((1.,1.,1.,1.,1.,
1.,1.,1.,1.,1.,1.,1.,1.,1.,1.,1.)) REPRESENTATION_ITEM('') );
#2092 = CARTESIAN_POINT('',(-8.890074968802,-68.15724490116,
    164.37256736324));
#2093 = CARTESIAN_POINT('',(-8.893238306389,-66.31289707292,
    165.92015894567));
#2094 = CARTESIAN_POINT('',(-8.522790341762,-64.53968751673,
    167.40805843028));
#2095 = CARTESIAN_POINT('',(-7.853009905163,-62.88912278566,
    168.79304668735));
#2096 = CARTESIAN_POINT('',(-6.828661937984,-61.41301381135,
    170.03164918327));
#2097 = CARTESIAN_POINT('',(-5.636924289122,-60.12274329792,
    171.11431469521));
#2098 = CARTESIAN_POINT('',(-3.934401766651,-59.03709733869,
    172.02527981919));
#2099 = CARTESIAN_POINT('',(-1.96619482934,-58.51131053219,
    172.4664673346));
#2100 = CARTESIAN_POINT('',(1.966191013788,-58.51130969122,
    172.46646804026));
#2101 = CARTESIAN_POINT('',(3.934399000024,-59.0370956485,
    172.02528123742));
#2102 = CARTESIAN_POINT('',(5.636923832965,-60.12274164388,
    171.11431608312));
#2103 = CARTESIAN_POINT('',(6.82866283191,-61.413013934,170.03164908035)
  );
#2104 = CARTESIAN_POINT('',(7.853010859078,-62.8891238987,168.7930457534
    ));
#2105 = CARTESIAN_POINT('',(8.522790874998,-64.53968915191,
    167.4080570582));
#2106 = CARTESIAN_POINT('',(8.893238354014,-66.3128982686,
    165.92015794238));
#2107 = CARTESIAN_POINT('',(8.890074970832,-68.1572451036,
    164.37256719337));
#2108 = PCURVE('',#396,#2109);
#2109 = DEFINITIONAL_REPRESENTATION('',(#2110),#2127);
#2110 = B_SPLINE_CURVE_WITH_KNOTS('',8,(#2111,#2112,#2113,#2114,#2115,
    #2116,#2117,#2118,#2119,#2120,#2121,#2122,#2123,#2124,#2125,#2126),
  .UNSPECIFIED.,.F.,.F.,(9,7,9),(0.807315252527,1.566651447348,
    2.32598764217),.UNSPECIFIED.);
#2111 = CARTESIAN_POINT('',(31.257304570342,-5.079925031198));
#2112 = CARTESIAN_POINT('',(33.664929669381,-5.076761693611));
#2113 = CARTESIAN_POINT('',(35.97969034955,-5.447209658238));
#2114 = CARTESIAN_POINT('',(38.134349581002,-6.116990094837));
#2115 = CARTESIAN_POINT('',(40.06127299591,-7.141338062015));
#2116 = CARTESIAN_POINT('',(41.74560152936,-8.333075710878));
#2117 = CARTESIAN_POINT('',(43.162811678166,-10.03559823334));
#2118 = CARTESIAN_POINT('',(43.849177608014,-12.00380517066));
#2119 = CARTESIAN_POINT('',(43.849178705822,-15.93619101378));
#2120 = CARTESIAN_POINT('',(43.162813884551,-17.90439900002));
#2121 = CARTESIAN_POINT('',(41.745603688564,-19.60692383296));
#2122 = CARTESIAN_POINT('',(40.061272835798,-20.7986628319));
#2123 = CARTESIAN_POINT('',(38.134348128044,-21.82301085907));
#2124 = CARTESIAN_POINT('',(35.97968821497,-22.49279087499));
#2125 = CARTESIAN_POINT('',(33.664928108534,-22.86323835401));
#2126 = CARTESIAN_POINT('',(31.257304306069,-22.86007497083));
#2127 = ( GEOMETRIC_REPRESENTATION_CONTEXT(2) 
PARAMETRIC_REPRESENTATION_CONTEXT() REPRESENTATION_CONTEXT('2D SPACE',''
  ) );
#2128 = PCURVE('',#2002,#2129);
#2129 = DEFINITIONAL_REPRESENTATION('',(#2130),#2134);
#2130 = LINE('',#2131,#2132);
#2131 = CARTESIAN_POINT('',(1.518672389642,0.));
#2132 = VECTOR('',#2133,1.);
#2133 = DIRECTION('',(0.,1.));
#2134 = ( GEOMETRIC_REPRESENTATION_CONTEXT(2) 
PARAMETRIC_REPRESENTATION_CONTEXT() REPRESENTATION_CONTEXT('2D SPACE',''
  ) );
#2135 = ADVANCED_FACE('',(#2136),#470,.T.);
#2136 = FACE_BOUND('',#2137,.F.);
#2137 = EDGE_LOOP('',(#2138,#2161,#2182,#2183));
#2138 = ORIENTED_EDGE('',*,*,#2139,.F.);
#2139 = EDGE_CURVE('',#2140,#409,#2142,.T.);
#2140 = VERTEX_POINT('',#2141);
#2141 = CARTESIAN_POINT('',(11.43,-69.77497605937,166.33086425995));
#2142 = SURFACE_CURVE('',#2143,(#2147,#2154),.PCURVE_S1.);
#2143 = LINE('',#2144,#2145);
#2144 = CARTESIAN_POINT('',(11.43,-71.72072894489,164.69818373134));
#2145 = VECTOR('',#2146,25.4);
#2146 = DIRECTION('',(-0.,-0.766044443119,-0.642787609687));
#2147 = PCURVE('',#470,#2148);
#2148 = DEFINITIONAL_REPRESENTATION('',(#2149),#2153);
#2149 = LINE('',#2150,#2151);
#2150 = CARTESIAN_POINT('',(-0.,0.));
#2151 = VECTOR('',#2152,1.);
#2152 = DIRECTION('',(-0.,1.));
#2153 = ( GEOMETRIC_REPRESENTATION_CONTEXT(2) 
PARAMETRIC_REPRESENTATION_CONTEXT() REPRESENTATION_CONTEXT('2D SPACE',''
  ) );
#2154 = PCURVE('',#520,#2155);
#2155 = DEFINITIONAL_REPRESENTATION('',(#2156),#2160);
#2156 = LINE('',#2157,#2158);
#2157 = CARTESIAN_POINT('',(10.903948775786,-19.57605122421));
#2158 = VECTOR('',#2159,1.);
#2159 = DIRECTION('',(-0.707106781187,0.707106781187));
#2160 = ( GEOMETRIC_REPRESENTATION_CONTEXT(2) 
PARAMETRIC_REPRESENTATION_CONTEXT() REPRESENTATION_CONTEXT('2D SPACE',''
  ) );
#2161 = ORIENTED_EDGE('',*,*,#2162,.T.);
#2162 = EDGE_CURVE('',#2140,#2067,#2163,.T.);
#2163 = SURFACE_CURVE('',#2164,(#2168,#2176),.PCURVE_S1.);
#2164 = ( BOUNDED_CURVE() B_SPLINE_CURVE(2,(#2165,#2166,#2167),
.UNSPECIFIED.,.F.,.F.) B_SPLINE_CURVE_WITH_KNOTS((3,3),(0.,
1.518672389642),.PIECEWISE_BEZIER_KNOTS.) CURVE() 
GEOMETRIC_REPRESENTATION_ITEM() RATIONAL_B_SPLINE_CURVE((1.,
0.707106781187,1.)) REPRESENTATION_ITEM('') );
#2165 = CARTESIAN_POINT('',(11.43,-69.77497605937,166.33086425995));
#2166 = CARTESIAN_POINT('',(11.43,-68.14229553077,164.38511137442));
#2167 = CARTESIAN_POINT('',(8.890074970832,-68.1572451036,
    164.37256719337));
#2168 = PCURVE('',#470,#2169);
#2169 = DEFINITIONAL_REPRESENTATION('',(#2170),#2175);
#2170 = B_SPLINE_CURVE_WITH_KNOTS('',3,(#2171,#2172,#2173,#2174),
  .UNSPECIFIED.,.F.,.F.,(4,4),(0.,1.518672389642),
  .PIECEWISE_BEZIER_KNOTS.);
#2171 = CARTESIAN_POINT('',(0.,-2.54));
#2172 = CARTESIAN_POINT('',(-0.471404520791,-2.54));
#2173 = CARTESIAN_POINT('',(-1.099391806004,-2.54));
#2174 = CARTESIAN_POINT('',(-1.570796326795,-2.54));
#2175 = ( GEOMETRIC_REPRESENTATION_CONTEXT(2) 
PARAMETRIC_REPRESENTATION_CONTEXT() REPRESENTATION_CONTEXT('2D SPACE',''
  ) );
#2176 = PCURVE('',#2002,#2177);
#2177 = DEFINITIONAL_REPRESENTATION('',(#2178),#2181);
#2178 = B_SPLINE_CURVE_WITH_KNOTS('',1,(#2179,#2180),.UNSPECIFIED.,.F.,
  .F.,(2,2),(0.,1.518672389642),.PIECEWISE_BEZIER_KNOTS.);
#2179 = CARTESIAN_POINT('',(0.,2.32598764217));
#2180 = CARTESIAN_POINT('',(1.518672389642,2.32598764217));
#2181 = ( GEOMETRIC_REPRESENTATION_CONTEXT(2) 
PARAMETRIC_REPRESENTATION_CONTEXT() REPRESENTATION_CONTEXT('2D SPACE',''
  ) );
#2182 = ORIENTED_EDGE('',*,*,#2066,.T.);
#2183 = ORIENTED_EDGE('',*,*,#408,.F.);
#2184 = ADVANCED_FACE('',(#2185),#520,.F.);
#2185 = FACE_BOUND('',#2186,.F.);
#2186 = EDGE_LOOP('',(#2187,#2210,#2231,#2232));
#2187 = ORIENTED_EDGE('',*,*,#2188,.F.);
#2188 = EDGE_CURVE('',#2189,#506,#2191,.T.);
#2189 = VERTEX_POINT('',#2190);
#2190 = CARTESIAN_POINT('',(11.43,-68.56055686889,180.21173912458));
#2191 = SURFACE_CURVE('',#2192,(#2196,#2203),.PCURVE_S1.);
#2192 = LINE('',#2193,#2194);
#2193 = CARTESIAN_POINT('',(11.43,-68.56055686889,180.21173912458));
#2194 = VECTOR('',#2195,25.4);
#2195 = DIRECTION('',(-0.,-0.996194698092,8.715574274766E-02));
#2196 = PCURVE('',#520,#2197);
#2197 = DEFINITIONAL_REPRESENTATION('',(#2198),#2202);
#2198 = LINE('',#2199,#2200);
#2199 = CARTESIAN_POINT('',(12.7,-35.306));
#2200 = VECTOR('',#2201,1.);
#2201 = DIRECTION('',(-1.,0.));
#2202 = ( GEOMETRIC_REPRESENTATION_CONTEXT(2) 
PARAMETRIC_REPRESENTATION_CONTEXT() REPRESENTATION_CONTEXT('2D SPACE',''
  ) );
#2203 = PCURVE('',#1762,#2204);
#2204 = DEFINITIONAL_REPRESENTATION('',(#2205),#2209);
#2205 = LINE('',#2206,#2207);
#2206 = CARTESIAN_POINT('',(0.,0.));
#2207 = VECTOR('',#2208,1.);
#2208 = DIRECTION('',(0.,1.));
#2209 = ( GEOMETRIC_REPRESENTATION_CONTEXT(2) 
PARAMETRIC_REPRESENTATION_CONTEXT() REPRESENTATION_CONTEXT('2D SPACE',''
  ) );
#2210 = ORIENTED_EDGE('',*,*,#2211,.F.);
#2211 = EDGE_CURVE('',#2140,#2189,#2212,.T.);
#2212 = SURFACE_CURVE('',#2213,(#2217,#2224),.PCURVE_S1.);
#2213 = LINE('',#2214,#2215);
#2214 = CARTESIAN_POINT('',(11.43,-71.63767752234,145.04008911375));
#2215 = VECTOR('',#2216,25.4);
#2216 = DIRECTION('',(0.,8.715574274766E-02,0.996194698092));
#2217 = PCURVE('',#520,#2218);
#2218 = DEFINITIONAL_REPRESENTATION('',(#2219),#2223);
#2219 = LINE('',#2220,#2221);
#2220 = CARTESIAN_POINT('',(12.7,0.));
#2221 = VECTOR('',#2222,1.);
#2222 = DIRECTION('',(0.,-1.));
#2223 = ( GEOMETRIC_REPRESENTATION_CONTEXT(2) 
PARAMETRIC_REPRESENTATION_CONTEXT() REPRESENTATION_CONTEXT('2D SPACE',''
  ) );
#2224 = PCURVE('',#1926,#2225);
#2225 = DEFINITIONAL_REPRESENTATION('',(#2226),#2230);
#2226 = LINE('',#2227,#2228);
#2227 = CARTESIAN_POINT('',(-0.,0.));
#2228 = VECTOR('',#2229,1.);
#2229 = DIRECTION('',(-0.,-1.));
#2230 = ( GEOMETRIC_REPRESENTATION_CONTEXT(2) 
PARAMETRIC_REPRESENTATION_CONTEXT() REPRESENTATION_CONTEXT('2D SPACE',''
  ) );
#2231 = ORIENTED_EDGE('',*,*,#2139,.T.);
#2232 = ORIENTED_EDGE('',*,*,#505,.T.);
#2233 = ADVANCED_FACE('',(#2234),#806,.T.);
#2234 = FACE_BOUND('',#2235,.T.);
#2235 = EDGE_LOOP('',(#2236,#2266,#2287,#2288,#2289));
#2236 = ORIENTED_EDGE('',*,*,#2237,.F.);
#2237 = EDGE_CURVE('',#2238,#2240,#2242,.T.);
#2238 = VERTEX_POINT('',#2239);
#2239 = CARTESIAN_POINT('',(-67.12284210526,14.224,12.669701164033));
#2240 = VERTEX_POINT('',#2241);
#2241 = CARTESIAN_POINT('',(-67.12284210526,23.876,12.669701164033));
#2242 = SURFACE_CURVE('',#2243,(#2247,#2254),.PCURVE_S1.);
#2243 = LINE('',#2244,#2245);
#2244 = CARTESIAN_POINT('',(-67.12284210526,12.7,12.669701164033));
#2245 = VECTOR('',#2246,25.4);
#2246 = DIRECTION('',(0.,1.,0.));
#2247 = PCURVE('',#806,#2248);
#2248 = DEFINITIONAL_REPRESENTATION('',(#2249),#2253);
#2249 = LINE('',#2250,#2251);
#2250 = CARTESIAN_POINT('',(1.524,0.));
#2251 = VECTOR('',#2252,1.);
#2252 = DIRECTION('',(0.,1.));
#2253 = ( GEOMETRIC_REPRESENTATION_CONTEXT(2) 
PARAMETRIC_REPRESENTATION_CONTEXT() REPRESENTATION_CONTEXT('2D SPACE',''
  ) );
#2254 = PCURVE('',#2255,#2260);
#2255 = CYLINDRICAL_SURFACE('',#2256,1.524);
#2256 = AXIS2_PLACEMENT_3D('',#2257,#2258,#2259);
#2257 = CARTESIAN_POINT('',(-67.12284210526,12.7,11.145701164033));
#2258 = DIRECTION('',(0.,1.,0.));
#2259 = DIRECTION('',(-1.,0.,0.));
#2260 = DEFINITIONAL_REPRESENTATION('',(#2261),#2265);
#2261 = LINE('',#2262,#2263);
#2262 = CARTESIAN_POINT('',(1.570796326795,0.));
#2263 = VECTOR('',#2264,1.);
#2264 = DIRECTION('',(0.,1.));
#2265 = ( GEOMETRIC_REPRESENTATION_CONTEXT(2) 
PARAMETRIC_REPRESENTATION_CONTEXT() REPRESENTATION_CONTEXT('2D SPACE',''
  ) );
#2266 = ORIENTED_EDGE('',*,*,#2267,.T.);
#2267 = EDGE_CURVE('',#2238,#792,#2268,.T.);
#2268 = SURFACE_CURVE('',#2269,(#2273,#2280),.PCURVE_S1.);
#2269 = LINE('',#2270,#2271);
#2270 = CARTESIAN_POINT('',(-68.64684210526,14.224,12.669701164033));
#2271 = VECTOR('',#2272,25.4);
#2272 = DIRECTION('',(1.,0.,0.));
#2273 = PCURVE('',#806,#2274);
#2274 = DEFINITIONAL_REPRESENTATION('',(#2275),#2279);
#2275 = LINE('',#2276,#2277);
#2276 = CARTESIAN_POINT('',(0.,1.524));
#2277 = VECTOR('',#2278,1.);
#2278 = DIRECTION('',(1.,0.));
#2279 = ( GEOMETRIC_REPRESENTATION_CONTEXT(2) 
PARAMETRIC_REPRESENTATION_CONTEXT() REPRESENTATION_CONTEXT('2D SPACE',''
  ) );
#2280 = PCURVE('',#980,#2281);
#2281 = DEFINITIONAL_REPRESENTATION('',(#2282),#2286);
#2282 = LINE('',#2283,#2284);
#2283 = CARTESIAN_POINT('',(-1.570796326795,0.));
#2284 = VECTOR('',#2285,1.);
#2285 = DIRECTION('',(-0.,1.));
#2286 = ( GEOMETRIC_REPRESENTATION_CONTEXT(2) 
PARAMETRIC_REPRESENTATION_CONTEXT() REPRESENTATION_CONTEXT('2D SPACE',''
  ) );
#2287 = ORIENTED_EDGE('',*,*,#789,.F.);
#2288 = ORIENTED_EDGE('',*,*,#1162,.F.);
#2289 = ORIENTED_EDGE('',*,*,#2290,.F.);
#2290 = EDGE_CURVE('',#2240,#1114,#2291,.T.);
#2291 = SURFACE_CURVE('',#2292,(#2296,#2303),.PCURVE_S1.);
#2292 = LINE('',#2293,#2294);
#2293 = CARTESIAN_POINT('',(-68.64684210526,23.876,12.669701164033));
#2294 = VECTOR('',#2295,25.4);
#2295 = DIRECTION('',(1.,0.,0.));
#2296 = PCURVE('',#806,#2297);
#2297 = DEFINITIONAL_REPRESENTATION('',(#2298),#2302);
#2298 = LINE('',#2299,#2300);
#2299 = CARTESIAN_POINT('',(0.,11.176));
#2300 = VECTOR('',#2301,1.);
#2301 = DIRECTION('',(1.,0.));
#2302 = ( GEOMETRIC_REPRESENTATION_CONTEXT(2) 
PARAMETRIC_REPRESENTATION_CONTEXT() REPRESENTATION_CONTEXT('2D SPACE',''
  ) );
#2303 = PCURVE('',#1143,#2304);
#2304 = DEFINITIONAL_REPRESENTATION('',(#2305),#2309);
#2305 = LINE('',#2306,#2307);
#2306 = CARTESIAN_POINT('',(1.570796326795,0.));
#2307 = VECTOR('',#2308,1.);
#2308 = DIRECTION('',(0.,1.));
#2309 = ( GEOMETRIC_REPRESENTATION_CONTEXT(2) 
PARAMETRIC_REPRESENTATION_CONTEXT() REPRESENTATION_CONTEXT('2D SPACE',''
  ) );
#2310 = ADVANCED_FACE('',(#2311),#980,.T.);
#2311 = FACE_BOUND('',#2312,.F.);
#2312 = EDGE_LOOP('',(#2313,#2336,#2365,#2366));
#2313 = ORIENTED_EDGE('',*,*,#2314,.F.);
#2314 = EDGE_CURVE('',#2315,#940,#2317,.T.);
#2315 = VERTEX_POINT('',#2316);
#2316 = CARTESIAN_POINT('',(-68.64684210526,12.7,11.145701164033));
#2317 = SURFACE_CURVE('',#2318,(#2322,#2329),.PCURVE_S1.);
#2318 = LINE('',#2319,#2320);
#2319 = CARTESIAN_POINT('',(-68.64684210526,12.7,11.145701164033));
#2320 = VECTOR('',#2321,25.4);
#2321 = DIRECTION('',(1.,0.,0.));
#2322 = PCURVE('',#980,#2323);
#2323 = DEFINITIONAL_REPRESENTATION('',(#2324),#2328);
#2324 = LINE('',#2325,#2326);
#2325 = CARTESIAN_POINT('',(-0.,0.));
#2326 = VECTOR('',#2327,1.);
#2327 = DIRECTION('',(-0.,1.));
#2328 = ( GEOMETRIC_REPRESENTATION_CONTEXT(2) 
PARAMETRIC_REPRESENTATION_CONTEXT() REPRESENTATION_CONTEXT('2D SPACE',''
  ) );
#2329 = PCURVE('',#954,#2330);
#2330 = DEFINITIONAL_REPRESENTATION('',(#2331),#2335);
#2331 = LINE('',#2332,#2333);
#2332 = CARTESIAN_POINT('',(7.335701164033,0.));
#2333 = VECTOR('',#2334,1.);
#2334 = DIRECTION('',(0.,1.));
#2335 = ( GEOMETRIC_REPRESENTATION_CONTEXT(2) 
PARAMETRIC_REPRESENTATION_CONTEXT() REPRESENTATION_CONTEXT('2D SPACE',''
  ) );
#2336 = ORIENTED_EDGE('',*,*,#2337,.T.);
#2337 = EDGE_CURVE('',#2315,#2238,#2338,.T.);
#2338 = SURFACE_CURVE('',#2339,(#2344,#2355),.PCURVE_S1.);
#2339 = ELLIPSE('',#2340,2.155261469057,1.524);
#2340 = AXIS2_PLACEMENT_3D('',#2341,#2342,#2343);
#2341 = CARTESIAN_POINT('',(-67.12284210526,14.224,11.145701164033));
#2342 = DIRECTION('',(-0.707106781187,0.707106781187,0.));
#2343 = DIRECTION('',(0.707106781187,0.707106781187,0.));
#2344 = PCURVE('',#980,#2345);
#2345 = DEFINITIONAL_REPRESENTATION('',(#2346),#2354);
#2346 = B_SPLINE_CURVE_WITH_KNOTS('',6,(#2347,#2348,#2349,#2350,#2351,
    #2352,#2353),.UNSPECIFIED.,.F.,.F.,(7,7),(3.14159265359,
    4.712388980385),.PIECEWISE_BEZIER_KNOTS.);
#2347 = CARTESIAN_POINT('',(0.,0.));
#2348 = CARTESIAN_POINT('',(-0.261799387799,-4.886123562053E-17));
#2349 = CARTESIAN_POINT('',(-0.523598775598,0.125317578056));
#2350 = CARTESIAN_POINT('',(-0.785398163397,0.376139021285));
#2351 = CARTESIAN_POINT('',(-1.047197551197,0.726065941968));
#2352 = CARTESIAN_POINT('',(-1.308996938996,1.125017732994));
#2353 = CARTESIAN_POINT('',(-1.570796326795,1.524));
#2354 = ( GEOMETRIC_REPRESENTATION_CONTEXT(2) 
PARAMETRIC_REPRESENTATION_CONTEXT() REPRESENTATION_CONTEXT('2D SPACE',''
  ) );
#2355 = PCURVE('',#2255,#2356);
#2356 = DEFINITIONAL_REPRESENTATION('',(#2357),#2364);
#2357 = B_SPLINE_CURVE_WITH_KNOTS('',5,(#2358,#2359,#2360,#2361,#2362,
    #2363),.UNSPECIFIED.,.F.,.F.,(6,6),(3.14159265359,4.712388980385),
  .PIECEWISE_BEZIER_KNOTS.);
#2358 = CARTESIAN_POINT('',(0.,-1.674355099013E-15));
#2359 = CARTESIAN_POINT('',(0.314159265359,-2.87758268006E-15));
#2360 = CARTESIAN_POINT('',(0.628307393518,0.187458529153));
#2361 = CARTESIAN_POINT('',(0.94247613495,0.566033609022));
#2362 = CARTESIAN_POINT('',(1.256637061436,1.045221279593));
#2363 = CARTESIAN_POINT('',(1.570796326795,1.524));
#2364 = ( GEOMETRIC_REPRESENTATION_CONTEXT(2) 
PARAMETRIC_REPRESENTATION_CONTEXT() REPRESENTATION_CONTEXT('2D SPACE',''
  ) );
#2365 = ORIENTED_EDGE('',*,*,#2267,.T.);
#2366 = ORIENTED_EDGE('',*,*,#965,.T.);
#2367 = ADVANCED_FACE('',(#2368),#954,.F.);
#2368 = FACE_BOUND('',#2369,.F.);
#2369 = EDGE_LOOP('',(#2370,#2391,#2417,#2418));
#2370 = ORIENTED_EDGE('',*,*,#2371,.T.);
#2371 = EDGE_CURVE('',#914,#2372,#2374,.T.);
#2372 = VERTEX_POINT('',#2373);
#2373 = CARTESIAN_POINT('',(-68.64684210526,12.7,6.35));
#2374 = SURFACE_CURVE('',#2375,(#2379,#2385),.PCURVE_S1.);
#2375 = LINE('',#2376,#2377);
#2376 = CARTESIAN_POINT('',(-34.32342098527,12.7,6.35));
#2377 = VECTOR('',#2378,25.4);
#2378 = DIRECTION('',(-1.,0.,0.));
#2379 = PCURVE('',#954,#2380);
#2380 = DEFINITIONAL_REPRESENTATION('',(#2381),#2384);
#2381 = B_SPLINE_CURVE_WITH_KNOTS('',1,(#2382,#2383),.UNSPECIFIED.,.F.,
  .F.,(2,2),(-4.053947365769,1.351315792126),.PIECEWISE_BEZIER_KNOTS.);
#2382 = CARTESIAN_POINT('',(2.54,137.29368421052));
#2383 = CARTESIAN_POINT('',(2.54,0.));
#2384 = ( GEOMETRIC_REPRESENTATION_CONTEXT(2) 
PARAMETRIC_REPRESENTATION_CONTEXT() REPRESENTATION_CONTEXT('2D SPACE',''
  ) );
#2385 = PCURVE('',#928,#2386);
#2386 = DEFINITIONAL_REPRESENTATION('',(#2387),#2390);
#2387 = B_SPLINE_CURVE_WITH_KNOTS('',1,(#2388,#2389),.UNSPECIFIED.,.F.,
  .F.,(2,2),(-4.053947365769,1.351315792126),.PIECEWISE_BEZIER_KNOTS.);
#2388 = CARTESIAN_POINT('',(68.646841970542,-1.541157652543));
#2389 = CARTESIAN_POINT('',(-68.64684223998,-1.541157652543));
#2390 = ( GEOMETRIC_REPRESENTATION_CONTEXT(2) 
PARAMETRIC_REPRESENTATION_CONTEXT() REPRESENTATION_CONTEXT('2D SPACE',''
  ) );
#2391 = ORIENTED_EDGE('',*,*,#2392,.T.);
#2392 = EDGE_CURVE('',#2372,#2315,#2393,.T.);
#2393 = SURFACE_CURVE('',#2394,(#2398,#2405),.PCURVE_S1.);
#2394 = LINE('',#2395,#2396);
#2395 = CARTESIAN_POINT('',(-68.64684210526,12.7,3.81));
#2396 = VECTOR('',#2397,25.4);
#2397 = DIRECTION('',(0.,0.,1.));
#2398 = PCURVE('',#954,#2399);
#2399 = DEFINITIONAL_REPRESENTATION('',(#2400),#2404);
#2400 = LINE('',#2401,#2402);
#2401 = CARTESIAN_POINT('',(0.,0.));
#2402 = VECTOR('',#2403,1.);
#2403 = DIRECTION('',(1.,0.));
#2404 = ( GEOMETRIC_REPRESENTATION_CONTEXT(2) 
PARAMETRIC_REPRESENTATION_CONTEXT() REPRESENTATION_CONTEXT('2D SPACE',''
  ) );
#2405 = PCURVE('',#2406,#2411);
#2406 = PLANE('',#2407);
#2407 = AXIS2_PLACEMENT_3D('',#2408,#2409,#2410);
#2408 = CARTESIAN_POINT('',(-68.64684210526,12.7,3.81));
#2409 = DIRECTION('',(1.,0.,0.));
#2410 = DIRECTION('',(0.,0.,1.));
#2411 = DEFINITIONAL_REPRESENTATION('',(#2412),#2416);
#2412 = LINE('',#2413,#2414);
#2413 = CARTESIAN_POINT('',(0.,0.));
#2414 = VECTOR('',#2415,1.);
#2415 = DIRECTION('',(1.,0.));
#2416 = ( GEOMETRIC_REPRESENTATION_CONTEXT(2) 
PARAMETRIC_REPRESENTATION_CONTEXT() REPRESENTATION_CONTEXT('2D SPACE',''
  ) );
#2417 = ORIENTED_EDGE('',*,*,#2314,.T.);
#2418 = ORIENTED_EDGE('',*,*,#939,.F.);
#2419 = ADVANCED_FACE('',(#2420,#2650),#928,.T.);
#2420 = FACE_BOUND('',#2421,.T.);
#2421 = EDGE_LOOP('',(#2422,#2452,#2481,#2509,#2538,#2566,#2595,#2623));
#2422 = ORIENTED_EDGE('',*,*,#2423,.T.);
#2423 = EDGE_CURVE('',#2424,#2426,#2428,.T.);
#2424 = VERTEX_POINT('',#2425);
#2425 = CARTESIAN_POINT('',(-101.6568426906,97.385230390142,6.35));
#2426 = VERTEX_POINT('',#2427);
#2427 = CARTESIAN_POINT('',(-52.37318906569,-110.7013071376,6.35));
#2428 = SURFACE_CURVE('',#2429,(#2433,#2440),.PCURVE_S1.);
#2429 = LINE('',#2430,#2431);
#2430 = CARTESIAN_POINT('',(-101.6568426906,97.385230390142,6.35));
#2431 = VECTOR('',#2432,25.4);
#2432 = DIRECTION('',(0.230466383879,-0.97308028749,0.));
#2433 = PCURVE('',#928,#2434);
#2434 = DEFINITIONAL_REPRESENTATION('',(#2435),#2439);
#2435 = LINE('',#2436,#2437);
#2436 = CARTESIAN_POINT('',(-101.6568428254,83.144072737599));
#2437 = VECTOR('',#2438,1.);
#2438 = DIRECTION('',(0.230466383879,-0.97308028749));
#2439 = ( GEOMETRIC_REPRESENTATION_CONTEXT(2) 
PARAMETRIC_REPRESENTATION_CONTEXT() REPRESENTATION_CONTEXT('2D SPACE',''
  ) );
#2440 = PCURVE('',#2441,#2446);
#2441 = CYLINDRICAL_SURFACE('',#2442,0.762);
#2442 = AXIS2_PLACEMENT_3D('',#2443,#2444,#2445);
#2443 = CARTESIAN_POINT('',(-101.6568426906,97.385230390142,5.588));
#2444 = DIRECTION('',(0.230466383879,-0.97308028749,0.));
#2445 = DIRECTION('',(-0.97308028749,-0.230466383879,0.));
#2446 = DEFINITIONAL_REPRESENTATION('',(#2447),#2451);
#2447 = LINE('',#2448,#2449);
#2448 = CARTESIAN_POINT('',(-1.570796326795,0.));
#2449 = VECTOR('',#2450,1.);
#2450 = DIRECTION('',(-0.,1.));
#2451 = ( GEOMETRIC_REPRESENTATION_CONTEXT(2) 
PARAMETRIC_REPRESENTATION_CONTEXT() REPRESENTATION_CONTEXT('2D SPACE',''
  ) );
#2452 = ORIENTED_EDGE('',*,*,#2453,.T.);
#2453 = EDGE_CURVE('',#2426,#2454,#2456,.T.);
#2454 = VERTEX_POINT('',#2455);
#2455 = CARTESIAN_POINT('',(-40.75655892906,-119.888,6.35));
#2456 = SURFACE_CURVE('',#2457,(#2462,#2469),.PCURVE_S1.);
#2457 = CIRCLE('',#2458,11.938);
#2458 = AXIS2_PLACEMENT_3D('',#2459,#2460,#2461);
#2459 = CARTESIAN_POINT('',(-40.75655892906,-107.95,6.35));
#2460 = DIRECTION('',(0.,0.,1.));
#2461 = DIRECTION('',(-0.97308028749,-0.230466383879,0.));
#2462 = PCURVE('',#928,#2463);
#2463 = DEFINITIONAL_REPRESENTATION('',(#2464),#2468);
#2464 = CIRCLE('',#2465,11.938);
#2465 = AXIS2_PLACEMENT_2D('',#2466,#2467);
#2466 = CARTESIAN_POINT('',(-40.75655906379,-122.1911576525));
#2467 = DIRECTION('',(-0.97308028749,-0.230466383879));
#2468 = ( GEOMETRIC_REPRESENTATION_CONTEXT(2) 
PARAMETRIC_REPRESENTATION_CONTEXT() REPRESENTATION_CONTEXT('2D SPACE',''
  ) );
#2469 = PCURVE('',#2470,#2475);
#2470 = TOROIDAL_SURFACE('',#2471,11.938,0.762);
#2471 = AXIS2_PLACEMENT_3D('',#2472,#2473,#2474);
#2472 = CARTESIAN_POINT('',(-40.75655892906,-107.95,5.588));
#2473 = DIRECTION('',(0.,0.,1.));
#2474 = DIRECTION('',(-0.97308028749,-0.230466383879,0.));
#2475 = DEFINITIONAL_REPRESENTATION('',(#2476),#2480);
#2476 = LINE('',#2477,#2478);
#2477 = CARTESIAN_POINT('',(0.,1.570796326795));
#2478 = VECTOR('',#2479,1.);
#2479 = DIRECTION('',(1.,0.));
#2480 = ( GEOMETRIC_REPRESENTATION_CONTEXT(2) 
PARAMETRIC_REPRESENTATION_CONTEXT() REPRESENTATION_CONTEXT('2D SPACE',''
  ) );
#2481 = ORIENTED_EDGE('',*,*,#2482,.T.);
#2482 = EDGE_CURVE('',#2454,#2483,#2485,.T.);
#2483 = VERTEX_POINT('',#2484);
#2484 = CARTESIAN_POINT('',(40.756555942568,-119.888,6.35));
#2485 = SURFACE_CURVE('',#2486,(#2490,#2497),.PCURVE_S1.);
#2486 = LINE('',#2487,#2488);
#2487 = CARTESIAN_POINT('',(-40.75655892906,-119.888,6.35));
#2488 = VECTOR('',#2489,25.4);
#2489 = DIRECTION('',(1.,0.,0.));
#2490 = PCURVE('',#928,#2491);
#2491 = DEFINITIONAL_REPRESENTATION('',(#2492),#2496);
#2492 = LINE('',#2493,#2494);
#2493 = CARTESIAN_POINT('',(-40.75655906379,-134.1291576525));
#2494 = VECTOR('',#2495,1.);
#2495 = DIRECTION('',(1.,0.));
#2496 = ( GEOMETRIC_REPRESENTATION_CONTEXT(2) 
PARAMETRIC_REPRESENTATION_CONTEXT() REPRESENTATION_CONTEXT('2D SPACE',''
  ) );
#2497 = PCURVE('',#2498,#2503);
#2498 = CYLINDRICAL_SURFACE('',#2499,0.762);
#2499 = AXIS2_PLACEMENT_3D('',#2500,#2501,#2502);
#2500 = CARTESIAN_POINT('',(-40.75655892906,-119.888,5.588));
#2501 = DIRECTION('',(1.,0.,0.));
#2502 = DIRECTION('',(0.,-1.,-0.));
#2503 = DEFINITIONAL_REPRESENTATION('',(#2504),#2508);
#2504 = LINE('',#2505,#2506);
#2505 = CARTESIAN_POINT('',(-1.570796326795,0.));
#2506 = VECTOR('',#2507,1.);
#2507 = DIRECTION('',(-0.,1.));
#2508 = ( GEOMETRIC_REPRESENTATION_CONTEXT(2) 
PARAMETRIC_REPRESENTATION_CONTEXT() REPRESENTATION_CONTEXT('2D SPACE',''
  ) );
#2509 = ORIENTED_EDGE('',*,*,#2510,.T.);
#2510 = EDGE_CURVE('',#2483,#2511,#2513,.T.);
#2511 = VERTEX_POINT('',#2512);
#2512 = CARTESIAN_POINT('',(52.373188414624,-110.7013076907,6.35));
#2513 = SURFACE_CURVE('',#2514,(#2519,#2526),.PCURVE_S1.);
#2514 = CIRCLE('',#2515,11.938);
#2515 = AXIS2_PLACEMENT_3D('',#2516,#2517,#2518);
#2516 = CARTESIAN_POINT('',(40.756555942568,-107.95,6.35));
#2517 = DIRECTION('',(0.,0.,1.));
#2518 = DIRECTION('',(0.,-1.,0.));
#2519 = PCURVE('',#928,#2520);
#2520 = DEFINITIONAL_REPRESENTATION('',(#2521),#2525);
#2521 = CIRCLE('',#2522,11.938);
#2522 = AXIS2_PLACEMENT_2D('',#2523,#2524);
#2523 = CARTESIAN_POINT('',(40.756555807847,-122.1911576525));
#2524 = DIRECTION('',(0.,-1.));
#2525 = ( GEOMETRIC_REPRESENTATION_CONTEXT(2) 
PARAMETRIC_REPRESENTATION_CONTEXT() REPRESENTATION_CONTEXT('2D SPACE',''
  ) );
#2526 = PCURVE('',#2527,#2532);
#2527 = TOROIDAL_SURFACE('',#2528,11.938,0.762);
#2528 = AXIS2_PLACEMENT_3D('',#2529,#2530,#2531);
#2529 = CARTESIAN_POINT('',(40.756555942568,-107.95,5.588));
#2530 = DIRECTION('',(0.,0.,1.));
#2531 = DIRECTION('',(0.,-1.,0.));
#2532 = DEFINITIONAL_REPRESENTATION('',(#2533),#2537);
#2533 = LINE('',#2534,#2535);
#2534 = CARTESIAN_POINT('',(0.,1.570796326795));
#2535 = VECTOR('',#2536,1.);
#2536 = DIRECTION('',(1.,0.));
#2537 = ( GEOMETRIC_REPRESENTATION_CONTEXT(2) 
PARAMETRIC_REPRESENTATION_CONTEXT() REPRESENTATION_CONTEXT('2D SPACE',''
  ) );
#2538 = ORIENTED_EDGE('',*,*,#2539,.T.);
#2539 = EDGE_CURVE('',#2511,#2540,#2542,.T.);
#2540 = VERTEX_POINT('',#2541);
#2541 = CARTESIAN_POINT('',(101.65684278103,97.385230771617,6.35));
#2542 = SURFACE_CURVE('',#2543,(#2547,#2554),.PCURVE_S1.);
#2543 = LINE('',#2544,#2545);
#2544 = CARTESIAN_POINT('',(52.373188907062,-110.7013078073,6.35));
#2545 = VECTOR('',#2546,25.4);
#2546 = DIRECTION('',(0.230466383879,0.97308028749,0.));
#2547 = PCURVE('',#928,#2548);
#2548 = DEFINITIONAL_REPRESENTATION('',(#2549),#2553);
#2549 = LINE('',#2550,#2551);
#2550 = CARTESIAN_POINT('',(52.373188772341,-124.9424654599));
#2551 = VECTOR('',#2552,1.);
#2552 = DIRECTION('',(0.230466383879,0.97308028749));
#2553 = ( GEOMETRIC_REPRESENTATION_CONTEXT(2) 
PARAMETRIC_REPRESENTATION_CONTEXT() REPRESENTATION_CONTEXT('2D SPACE',''
  ) );
#2554 = PCURVE('',#2555,#2560);
#2555 = CYLINDRICAL_SURFACE('',#2556,0.762);
#2556 = AXIS2_PLACEMENT_3D('',#2557,#2558,#2559);
#2557 = CARTESIAN_POINT('',(52.373188907062,-110.7013078073,5.588));
#2558 = DIRECTION('',(0.230466383879,0.97308028749,0.));
#2559 = DIRECTION('',(0.97308028749,-0.230466383879,-0.));
#2560 = DEFINITIONAL_REPRESENTATION('',(#2561),#2565);
#2561 = LINE('',#2562,#2563);
#2562 = CARTESIAN_POINT('',(-1.570796326795,0.));
#2563 = VECTOR('',#2564,1.);
#2564 = DIRECTION('',(-0.,1.));
#2565 = ( GEOMETRIC_REPRESENTATION_CONTEXT(2) 
PARAMETRIC_REPRESENTATION_CONTEXT() REPRESENTATION_CONTEXT('2D SPACE',''
  ) );
#2566 = ORIENTED_EDGE('',*,*,#2567,.T.);
#2567 = EDGE_CURVE('',#2540,#2568,#2570,.T.);
#2568 = VERTEX_POINT('',#2569);
#2569 = CARTESIAN_POINT('',(83.861150483419,119.888,6.35));
#2570 = SURFACE_CURVE('',#2571,(#2576,#2583),.PCURVE_S1.);
#2571 = CIRCLE('',#2572,18.288);
#2572 = AXIS2_PLACEMENT_3D('',#2573,#2574,#2575);
#2573 = CARTESIAN_POINT('',(83.861150483419,101.6,6.35));
#2574 = DIRECTION('',(0.,0.,1.));
#2575 = DIRECTION('',(0.97308028749,-0.230466383879,0.));
#2576 = PCURVE('',#928,#2577);
#2577 = DEFINITIONAL_REPRESENTATION('',(#2578),#2582);
#2578 = CIRCLE('',#2579,18.288);
#2579 = AXIS2_PLACEMENT_2D('',#2580,#2581);
#2580 = CARTESIAN_POINT('',(83.861150348698,87.358842347457));
#2581 = DIRECTION('',(0.97308028749,-0.230466383879));
#2582 = ( GEOMETRIC_REPRESENTATION_CONTEXT(2) 
PARAMETRIC_REPRESENTATION_CONTEXT() REPRESENTATION_CONTEXT('2D SPACE',''
  ) );
#2583 = PCURVE('',#2584,#2589);
#2584 = TOROIDAL_SURFACE('',#2585,18.288,0.762);
#2585 = AXIS2_PLACEMENT_3D('',#2586,#2587,#2588);
#2586 = CARTESIAN_POINT('',(83.861150483419,101.6,5.588));
#2587 = DIRECTION('',(0.,0.,1.));
#2588 = DIRECTION('',(0.97308028749,-0.230466383879,0.));
#2589 = DEFINITIONAL_REPRESENTATION('',(#2590),#2594);
#2590 = LINE('',#2591,#2592);
#2591 = CARTESIAN_POINT('',(0.,1.570796326795));
#2592 = VECTOR('',#2593,1.);
#2593 = DIRECTION('',(1.,0.));
#2594 = ( GEOMETRIC_REPRESENTATION_CONTEXT(2) 
PARAMETRIC_REPRESENTATION_CONTEXT() REPRESENTATION_CONTEXT('2D SPACE',''
  ) );
#2595 = ORIENTED_EDGE('',*,*,#2596,.T.);
#2596 = EDGE_CURVE('',#2568,#2597,#2599,.T.);
#2597 = VERTEX_POINT('',#2598);
#2598 = CARTESIAN_POINT('',(-83.86114878239,119.888,6.35));
#2599 = SURFACE_CURVE('',#2600,(#2604,#2611),.PCURVE_S1.);
#2600 = LINE('',#2601,#2602);
#2601 = CARTESIAN_POINT('',(83.861150483419,119.888,6.35));
#2602 = VECTOR('',#2603,25.4);
#2603 = DIRECTION('',(-1.,0.,0.));
#2604 = PCURVE('',#928,#2605);
#2605 = DEFINITIONAL_REPRESENTATION('',(#2606),#2610);
#2606 = LINE('',#2607,#2608);
#2607 = CARTESIAN_POINT('',(83.861150348698,105.64684234745));
#2608 = VECTOR('',#2609,1.);
#2609 = DIRECTION('',(-1.,0.));
#2610 = ( GEOMETRIC_REPRESENTATION_CONTEXT(2) 
PARAMETRIC_REPRESENTATION_CONTEXT() REPRESENTATION_CONTEXT('2D SPACE',''
  ) );
#2611 = PCURVE('',#2612,#2617);
#2612 = CYLINDRICAL_SURFACE('',#2613,0.762);
#2613 = AXIS2_PLACEMENT_3D('',#2614,#2615,#2616);
#2614 = CARTESIAN_POINT('',(83.861150483419,119.888,5.588));
#2615 = DIRECTION('',(-1.,0.,0.));
#2616 = DIRECTION('',(0.,1.,-0.));
#2617 = DEFINITIONAL_REPRESENTATION('',(#2618),#2622);
#2618 = LINE('',#2619,#2620);
#2619 = CARTESIAN_POINT('',(-1.570796326795,0.));
#2620 = VECTOR('',#2621,1.);
#2621 = DIRECTION('',(-0.,1.));
#2622 = ( GEOMETRIC_REPRESENTATION_CONTEXT(2) 
PARAMETRIC_REPRESENTATION_CONTEXT() REPRESENTATION_CONTEXT('2D SPACE',''
  ) );
#2623 = ORIENTED_EDGE('',*,*,#2624,.T.);
#2624 = EDGE_CURVE('',#2597,#2424,#2625,.T.);
#2625 = SURFACE_CURVE('',#2626,(#2631,#2638),.PCURVE_S1.);
#2626 = CIRCLE('',#2627,18.288);
#2627 = AXIS2_PLACEMENT_3D('',#2628,#2629,#2630);
#2628 = CARTESIAN_POINT('',(-83.86114878239,101.6,6.35));
#2629 = DIRECTION('',(0.,0.,1.));
#2630 = DIRECTION('',(0.,1.,-0.));
#2631 = PCURVE('',#928,#2632);
#2632 = DEFINITIONAL_REPRESENTATION('',(#2633),#2637);
#2633 = CIRCLE('',#2634,18.288);
#2634 = AXIS2_PLACEMENT_2D('',#2635,#2636);
#2635 = CARTESIAN_POINT('',(-83.86114891711,87.358842347457));
#2636 = DIRECTION('',(0.,1.));
#2637 = ( GEOMETRIC_REPRESENTATION_CONTEXT(2) 
PARAMETRIC_REPRESENTATION_CONTEXT() REPRESENTATION_CONTEXT('2D SPACE',''
  ) );
#2638 = PCURVE('',#2639,#2644);
#2639 = TOROIDAL_SURFACE('',#2640,18.288,0.762);
#2640 = AXIS2_PLACEMENT_3D('',#2641,#2642,#2643);
#2641 = CARTESIAN_POINT('',(-83.86114878239,101.6,5.588));
#2642 = DIRECTION('',(0.,0.,1.));
#2643 = DIRECTION('',(0.,1.,-0.));
#2644 = DEFINITIONAL_REPRESENTATION('',(#2645),#2649);
#2645 = LINE('',#2646,#2647);
#2646 = CARTESIAN_POINT('',(0.,1.570796326795));
#2647 = VECTOR('',#2648,1.);
#2648 = DIRECTION('',(1.,0.));
#2649 = ( GEOMETRIC_REPRESENTATION_CONTEXT(2) 
PARAMETRIC_REPRESENTATION_CONTEXT() REPRESENTATION_CONTEXT('2D SPACE',''
  ) );
#2650 = FACE_BOUND('',#2651,.T.);
#2651 = EDGE_LOOP('',(#2652,#2653,#2654,#2655,#2656,#2677,#2703,#2724,
    #2745,#2766,#2792,#2818));
#2652 = ORIENTED_EDGE('',*,*,#1810,.F.);
#2653 = ORIENTED_EDGE('',*,*,#1192,.F.);
#2654 = ORIENTED_EDGE('',*,*,#913,.T.);
#2655 = ORIENTED_EDGE('',*,*,#2371,.T.);
#2656 = ORIENTED_EDGE('',*,*,#2657,.T.);
#2657 = EDGE_CURVE('',#2372,#2658,#2660,.T.);
#2658 = VERTEX_POINT('',#2659);
#2659 = CARTESIAN_POINT('',(-68.64684210526,25.4,6.35));
#2660 = SURFACE_CURVE('',#2661,(#2665,#2671),.PCURVE_S1.);
#2661 = LINE('',#2662,#2663);
#2662 = CARTESIAN_POINT('',(-68.64684210526,13.470578826271,6.35));
#2663 = VECTOR('',#2664,25.4);
#2664 = DIRECTION('',(0.,1.,0.));
#2665 = PCURVE('',#928,#2666);
#2666 = DEFINITIONAL_REPRESENTATION('',(#2667),#2670);
#2667 = B_SPLINE_CURVE_WITH_KNOTS('',1,(#2668,#2669),.UNSPECIFIED.,.F.,
  .F.,(2,2),(-3.03377490658E-02,0.469662250934),
  .PIECEWISE_BEZIER_KNOTS.);
#2668 = CARTESIAN_POINT('',(-68.64684223998,-1.541157652543));
#2669 = CARTESIAN_POINT('',(-68.64684223998,11.158842347457));
#2670 = ( GEOMETRIC_REPRESENTATION_CONTEXT(2) 
PARAMETRIC_REPRESENTATION_CONTEXT() REPRESENTATION_CONTEXT('2D SPACE',''
  ) );
#2671 = PCURVE('',#2406,#2672);
#2672 = DEFINITIONAL_REPRESENTATION('',(#2673),#2676);
#2673 = B_SPLINE_CURVE_WITH_KNOTS('',1,(#2674,#2675),.UNSPECIFIED.,.F.,
  .F.,(2,2),(-3.03377490658E-02,0.469662250934),
  .PIECEWISE_BEZIER_KNOTS.);
#2674 = CARTESIAN_POINT('',(2.54,0.));
#2675 = CARTESIAN_POINT('',(2.54,-12.7));
#2676 = ( GEOMETRIC_REPRESENTATION_CONTEXT(2) 
PARAMETRIC_REPRESENTATION_CONTEXT() REPRESENTATION_CONTEXT('2D SPACE',''
  ) );
#2677 = ORIENTED_EDGE('',*,*,#2678,.F.);
#2678 = EDGE_CURVE('',#2679,#2658,#2681,.T.);
#2679 = VERTEX_POINT('',#2680);
#2680 = CARTESIAN_POINT('',(-6.35,25.4,6.35));
#2681 = SURFACE_CURVE('',#2682,(#2686,#2692),.PCURVE_S1.);
#2682 = LINE('',#2683,#2684);
#2683 = CARTESIAN_POINT('',(-34.32342098527,25.4,6.35));
#2684 = VECTOR('',#2685,25.4);
#2685 = DIRECTION('',(-1.,0.,0.));
#2686 = PCURVE('',#928,#2687);
#2687 = DEFINITIONAL_REPRESENTATION('',(#2688),#2691);
#2688 = B_SPLINE_CURVE_WITH_KNOTS('',1,(#2689,#2690),.UNSPECIFIED.,.F.,
  .F.,(2,2),(-4.053947365769,1.351315792126),.PIECEWISE_BEZIER_KNOTS.);
#2689 = CARTESIAN_POINT('',(68.646841970542,11.158842347457));
#2690 = CARTESIAN_POINT('',(-68.64684223998,11.158842347457));
#2691 = ( GEOMETRIC_REPRESENTATION_CONTEXT(2) 
PARAMETRIC_REPRESENTATION_CONTEXT() REPRESENTATION_CONTEXT('2D SPACE',''
  ) );
#2692 = PCURVE('',#2693,#2698);
#2693 = PLANE('',#2694);
#2694 = AXIS2_PLACEMENT_3D('',#2695,#2696,#2697);
#2695 = CARTESIAN_POINT('',(-68.64684210526,25.4,3.81));
#2696 = DIRECTION('',(0.,1.,0.));
#2697 = DIRECTION('',(0.,0.,1.));
#2698 = DEFINITIONAL_REPRESENTATION('',(#2699),#2702);
#2699 = B_SPLINE_CURVE_WITH_KNOTS('',1,(#2700,#2701),.UNSPECIFIED.,.F.,
  .F.,(2,2),(-4.053947365769,1.351315792126),.PIECEWISE_BEZIER_KNOTS.);
#2700 = CARTESIAN_POINT('',(2.54,137.29368421052));
#2701 = CARTESIAN_POINT('',(2.54,0.));
#2702 = ( GEOMETRIC_REPRESENTATION_CONTEXT(2) 
PARAMETRIC_REPRESENTATION_CONTEXT() REPRESENTATION_CONTEXT('2D SPACE',''
  ) );
#2703 = ORIENTED_EDGE('',*,*,#2704,.T.);
#2704 = EDGE_CURVE('',#2679,#2705,#2707,.T.);
#2705 = VERTEX_POINT('',#2706);
#2706 = CARTESIAN_POINT('',(-6.35,34.29,6.35));
#2707 = SURFACE_CURVE('',#2708,(#2712,#2718),.PCURVE_S1.);
#2708 = LINE('',#2709,#2710);
#2709 = CARTESIAN_POINT('',(-6.35,-9.096725614475,6.35));
#2710 = VECTOR('',#2711,25.4);
#2711 = DIRECTION('',(0.,1.,0.));
#2712 = PCURVE('',#928,#2713);
#2713 = DEFINITIONAL_REPRESENTATION('',(#2714),#2717);
#2714 = B_SPLINE_CURVE_WITH_KNOTS('',1,(#2715,#2716),.UNSPECIFIED.,.F.,
  .F.,(2,2),(-3.439951277509,1.70813880372),.PIECEWISE_BEZIER_KNOTS.);
#2715 = CARTESIAN_POINT('',(-6.350000134721,-110.7126457157));
#2716 = CARTESIAN_POINT('',(-6.350000134721,20.048842347457));
#2717 = ( GEOMETRIC_REPRESENTATION_CONTEXT(2) 
PARAMETRIC_REPRESENTATION_CONTEXT() REPRESENTATION_CONTEXT('2D SPACE',''
  ) );
#2718 = PCURVE('',#1101,#2719);
#2719 = DEFINITIONAL_REPRESENTATION('',(#2720),#2723);
#2720 = B_SPLINE_CURVE_WITH_KNOTS('',1,(#2721,#2722),.UNSPECIFIED.,.F.,
  .F.,(2,2),(-3.439951277509,1.70813880372),.PIECEWISE_BEZIER_KNOTS.);
#2721 = CARTESIAN_POINT('',(-64.0368791817,-4.877193862134));
#2722 = CARTESIAN_POINT('',(66.724608881494,-4.877193862134));
#2723 = ( GEOMETRIC_REPRESENTATION_CONTEXT(2) 
PARAMETRIC_REPRESENTATION_CONTEXT() REPRESENTATION_CONTEXT('2D SPACE',''
  ) );
#2724 = ORIENTED_EDGE('',*,*,#2725,.T.);
#2725 = EDGE_CURVE('',#2705,#2726,#2728,.T.);
#2726 = VERTEX_POINT('',#2727);
#2727 = CARTESIAN_POINT('',(6.35,34.29,6.35));
#2728 = SURFACE_CURVE('',#2729,(#2733,#2739),.PCURVE_S1.);
#2729 = LINE('',#2730,#2731);
#2730 = CARTESIAN_POINT('',(-3.174999932639,34.29,6.35));
#2731 = VECTOR('',#2732,25.4);
#2732 = DIRECTION('',(1.,0.,-0.));
#2733 = PCURVE('',#928,#2734);
#2734 = DEFINITIONAL_REPRESENTATION('',(#2735),#2738);
#2735 = B_SPLINE_CURVE_WITH_KNOTS('',1,(#2736,#2737),.UNSPECIFIED.,.F.,
  .F.,(2,2),(-0.125000002652,0.374999997348),.PIECEWISE_BEZIER_KNOTS.);
#2736 = CARTESIAN_POINT('',(-6.350000134721,20.048842347457));
#2737 = CARTESIAN_POINT('',(6.349999865279,20.048842347457));
#2738 = ( GEOMETRIC_REPRESENTATION_CONTEXT(2) 
PARAMETRIC_REPRESENTATION_CONTEXT() REPRESENTATION_CONTEXT('2D SPACE',''
  ) );
#2739 = PCURVE('',#1073,#2740);
#2740 = DEFINITIONAL_REPRESENTATION('',(#2741),#2744);
#2741 = B_SPLINE_CURVE_WITH_KNOTS('',1,(#2742,#2743),.UNSPECIFIED.,.F.,
  .F.,(2,2),(-0.125000002652,0.374999997348),.PIECEWISE_BEZIER_KNOTS.);
#2742 = CARTESIAN_POINT('',(2.54,0.));
#2743 = CARTESIAN_POINT('',(2.54,-12.7));
#2744 = ( GEOMETRIC_REPRESENTATION_CONTEXT(2) 
PARAMETRIC_REPRESENTATION_CONTEXT() REPRESENTATION_CONTEXT('2D SPACE',''
  ) );
#2745 = ORIENTED_EDGE('',*,*,#2746,.F.);
#2746 = EDGE_CURVE('',#2747,#2726,#2749,.T.);
#2747 = VERTEX_POINT('',#2748);
#2748 = CARTESIAN_POINT('',(6.35,25.4,6.35));
#2749 = SURFACE_CURVE('',#2750,(#2754,#2760),.PCURVE_S1.);
#2750 = LINE('',#2751,#2752);
#2751 = CARTESIAN_POINT('',(6.35,-9.096725614475,6.35));
#2752 = VECTOR('',#2753,25.4);
#2753 = DIRECTION('',(0.,1.,0.));
#2754 = PCURVE('',#928,#2755);
#2755 = DEFINITIONAL_REPRESENTATION('',(#2756),#2759);
#2756 = B_SPLINE_CURVE_WITH_KNOTS('',1,(#2757,#2758),.UNSPECIFIED.,.F.,
  .F.,(2,2),(-3.439951277509,1.70813880372),.PIECEWISE_BEZIER_KNOTS.);
#2757 = CARTESIAN_POINT('',(6.349999865279,-110.7126457157));
#2758 = CARTESIAN_POINT('',(6.349999865279,20.048842347457));
#2759 = ( GEOMETRIC_REPRESENTATION_CONTEXT(2) 
PARAMETRIC_REPRESENTATION_CONTEXT() REPRESENTATION_CONTEXT('2D SPACE',''
  ) );
#2760 = PCURVE('',#1596,#2761);
#2761 = DEFINITIONAL_REPRESENTATION('',(#2762),#2765);
#2762 = B_SPLINE_CURVE_WITH_KNOTS('',1,(#2763,#2764),.UNSPECIFIED.,.F.,
  .F.,(2,2),(-3.439951277509,1.70813880372),.PIECEWISE_BEZIER_KNOTS.);
#2763 = CARTESIAN_POINT('',(-64.0368791817,-4.877193862134));
#2764 = CARTESIAN_POINT('',(66.724608881494,-4.877193862134));
#2765 = ( GEOMETRIC_REPRESENTATION_CONTEXT(2) 
PARAMETRIC_REPRESENTATION_CONTEXT() REPRESENTATION_CONTEXT('2D SPACE',''
  ) );
#2766 = ORIENTED_EDGE('',*,*,#2767,.F.);
#2767 = EDGE_CURVE('',#2768,#2747,#2770,.T.);
#2768 = VERTEX_POINT('',#2769);
#2769 = CARTESIAN_POINT('',(68.646842105263,25.4,6.35));
#2770 = SURFACE_CURVE('',#2771,(#2775,#2781),.PCURVE_S1.);
#2771 = LINE('',#2772,#2773);
#2772 = CARTESIAN_POINT('',(-34.32342098527,25.4,6.35));
#2773 = VECTOR('',#2774,25.4);
#2774 = DIRECTION('',(-1.,0.,0.));
#2775 = PCURVE('',#928,#2776);
#2776 = DEFINITIONAL_REPRESENTATION('',(#2777),#2780);
#2777 = B_SPLINE_CURVE_WITH_KNOTS('',1,(#2778,#2779),.UNSPECIFIED.,.F.,
  .F.,(2,2),(-4.053947365769,1.351315792126),.PIECEWISE_BEZIER_KNOTS.);
#2778 = CARTESIAN_POINT('',(68.646841970542,11.158842347457));
#2779 = CARTESIAN_POINT('',(-68.64684223998,11.158842347457));
#2780 = ( GEOMETRIC_REPRESENTATION_CONTEXT(2) 
PARAMETRIC_REPRESENTATION_CONTEXT() REPRESENTATION_CONTEXT('2D SPACE',''
  ) );
#2781 = PCURVE('',#2782,#2787);
#2782 = PLANE('',#2783);
#2783 = AXIS2_PLACEMENT_3D('',#2784,#2785,#2786);
#2784 = CARTESIAN_POINT('',(-68.64684210526,25.4,3.81));
#2785 = DIRECTION('',(0.,1.,0.));
#2786 = DIRECTION('',(0.,0.,1.));
#2787 = DEFINITIONAL_REPRESENTATION('',(#2788),#2791);
#2788 = B_SPLINE_CURVE_WITH_KNOTS('',1,(#2789,#2790),.UNSPECIFIED.,.F.,
  .F.,(2,2),(-4.053947365769,1.351315792126),.PIECEWISE_BEZIER_KNOTS.);
#2789 = CARTESIAN_POINT('',(2.54,137.29368421052));
#2790 = CARTESIAN_POINT('',(2.54,0.));
#2791 = ( GEOMETRIC_REPRESENTATION_CONTEXT(2) 
PARAMETRIC_REPRESENTATION_CONTEXT() REPRESENTATION_CONTEXT('2D SPACE',''
  ) );
#2792 = ORIENTED_EDGE('',*,*,#2793,.F.);
#2793 = EDGE_CURVE('',#2794,#2768,#2796,.T.);
#2794 = VERTEX_POINT('',#2795);
#2795 = CARTESIAN_POINT('',(68.646842105263,12.7,6.35));
#2796 = SURFACE_CURVE('',#2797,(#2801,#2807),.PCURVE_S1.);
#2797 = LINE('',#2798,#2799);
#2798 = CARTESIAN_POINT('',(68.646842105263,13.470578826271,6.35));
#2799 = VECTOR('',#2800,25.4);
#2800 = DIRECTION('',(0.,1.,0.));
#2801 = PCURVE('',#928,#2802);
#2802 = DEFINITIONAL_REPRESENTATION('',(#2803),#2806);
#2803 = B_SPLINE_CURVE_WITH_KNOTS('',1,(#2804,#2805),.UNSPECIFIED.,.F.,
  .F.,(2,2),(-3.03377490658E-02,0.469662250934),
  .PIECEWISE_BEZIER_KNOTS.);
#2804 = CARTESIAN_POINT('',(68.646841970542,-1.541157652543));
#2805 = CARTESIAN_POINT('',(68.646841970542,11.158842347457));
#2806 = ( GEOMETRIC_REPRESENTATION_CONTEXT(2) 
PARAMETRIC_REPRESENTATION_CONTEXT() REPRESENTATION_CONTEXT('2D SPACE',''
  ) );
#2807 = PCURVE('',#2808,#2813);
#2808 = PLANE('',#2809);
#2809 = AXIS2_PLACEMENT_3D('',#2810,#2811,#2812);
#2810 = CARTESIAN_POINT('',(68.646842105263,12.7,3.81));
#2811 = DIRECTION('',(1.,0.,0.));
#2812 = DIRECTION('',(0.,0.,1.));
#2813 = DEFINITIONAL_REPRESENTATION('',(#2814),#2817);
#2814 = B_SPLINE_CURVE_WITH_KNOTS('',1,(#2815,#2816),.UNSPECIFIED.,.F.,
  .F.,(2,2),(-3.03377490658E-02,0.469662250934),
  .PIECEWISE_BEZIER_KNOTS.);
#2815 = CARTESIAN_POINT('',(2.54,0.));
#2816 = CARTESIAN_POINT('',(2.54,-12.7));
#2817 = ( GEOMETRIC_REPRESENTATION_CONTEXT(2) 
PARAMETRIC_REPRESENTATION_CONTEXT() REPRESENTATION_CONTEXT('2D SPACE',''
  ) );
#2818 = ORIENTED_EDGE('',*,*,#2819,.T.);
#2819 = EDGE_CURVE('',#2794,#1811,#2820,.T.);
#2820 = SURFACE_CURVE('',#2821,(#2825,#2831),.PCURVE_S1.);
#2821 = LINE('',#2822,#2823);
#2822 = CARTESIAN_POINT('',(-34.32342098527,12.7,6.35));
#2823 = VECTOR('',#2824,25.4);
#2824 = DIRECTION('',(-1.,0.,0.));
#2825 = PCURVE('',#928,#2826);
#2826 = DEFINITIONAL_REPRESENTATION('',(#2827),#2830);
#2827 = B_SPLINE_CURVE_WITH_KNOTS('',1,(#2828,#2829),.UNSPECIFIED.,.F.,
  .F.,(2,2),(-4.053947365769,1.351315792126),.PIECEWISE_BEZIER_KNOTS.);
#2828 = CARTESIAN_POINT('',(68.646841970542,-1.541157652543));
#2829 = CARTESIAN_POINT('',(-68.64684223998,-1.541157652543));
#2830 = ( GEOMETRIC_REPRESENTATION_CONTEXT(2) 
PARAMETRIC_REPRESENTATION_CONTEXT() REPRESENTATION_CONTEXT('2D SPACE',''
  ) );
#2831 = PCURVE('',#1846,#2832);
#2832 = DEFINITIONAL_REPRESENTATION('',(#2833),#2836);
#2833 = B_SPLINE_CURVE_WITH_KNOTS('',1,(#2834,#2835),.UNSPECIFIED.,.F.,
  .F.,(2,2),(-4.053947365769,1.351315792126),.PIECEWISE_BEZIER_KNOTS.);
#2834 = CARTESIAN_POINT('',(2.54,137.29368421052));
#2835 = CARTESIAN_POINT('',(2.54,0.));
#2836 = ( GEOMETRIC_REPRESENTATION_CONTEXT(2) 
PARAMETRIC_REPRESENTATION_CONTEXT() REPRESENTATION_CONTEXT('2D SPACE',''
  ) );
#2837 = ADVANCED_FACE('',(#2838),#1143,.T.);
#2838 = FACE_BOUND('',#2839,.T.);
#2839 = EDGE_LOOP('',(#2840,#2865,#2894,#2895,#2896));
#2840 = ORIENTED_EDGE('',*,*,#2841,.F.);
#2841 = EDGE_CURVE('',#2842,#2844,#2846,.T.);
#2842 = VERTEX_POINT('',#2843);
#2843 = CARTESIAN_POINT('',(-68.64684210526,25.4,11.145701164033));
#2844 = VERTEX_POINT('',#2845);
#2845 = CARTESIAN_POINT('',(-6.35,25.4,11.145701164033));
#2846 = SURFACE_CURVE('',#2847,(#2851,#2858),.PCURVE_S1.);
#2847 = LINE('',#2848,#2849);
#2848 = CARTESIAN_POINT('',(-68.64684210526,25.4,11.145701164033));
#2849 = VECTOR('',#2850,25.4);
#2850 = DIRECTION('',(1.,0.,0.));
#2851 = PCURVE('',#1143,#2852);
#2852 = DEFINITIONAL_REPRESENTATION('',(#2853),#2857);
#2853 = LINE('',#2854,#2855);
#2854 = CARTESIAN_POINT('',(0.,0.));
#2855 = VECTOR('',#2856,1.);
#2856 = DIRECTION('',(0.,1.));
#2857 = ( GEOMETRIC_REPRESENTATION_CONTEXT(2) 
PARAMETRIC_REPRESENTATION_CONTEXT() REPRESENTATION_CONTEXT('2D SPACE',''
  ) );
#2858 = PCURVE('',#2693,#2859);
#2859 = DEFINITIONAL_REPRESENTATION('',(#2860),#2864);
#2860 = LINE('',#2861,#2862);
#2861 = CARTESIAN_POINT('',(7.335701164033,0.));
#2862 = VECTOR('',#2863,1.);
#2863 = DIRECTION('',(0.,1.));
#2864 = ( GEOMETRIC_REPRESENTATION_CONTEXT(2) 
PARAMETRIC_REPRESENTATION_CONTEXT() REPRESENTATION_CONTEXT('2D SPACE',''
  ) );
#2865 = ORIENTED_EDGE('',*,*,#2866,.T.);
#2866 = EDGE_CURVE('',#2842,#2240,#2867,.T.);
#2867 = SURFACE_CURVE('',#2868,(#2873,#2884),.PCURVE_S1.);
#2868 = ELLIPSE('',#2869,2.155261469057,1.524);
#2869 = AXIS2_PLACEMENT_3D('',#2870,#2871,#2872);
#2870 = CARTESIAN_POINT('',(-67.12284210526,23.876,11.145701164033));
#2871 = DIRECTION('',(0.707106781187,0.707106781187,0.));
#2872 = DIRECTION('',(-0.707106781187,0.707106781187,0.));
#2873 = PCURVE('',#1143,#2874);
#2874 = DEFINITIONAL_REPRESENTATION('',(#2875),#2883);
#2875 = B_SPLINE_CURVE_WITH_KNOTS('',6,(#2876,#2877,#2878,#2879,#2880,
    #2881,#2882),.UNSPECIFIED.,.F.,.F.,(7,7),(0.,1.570796326795),
  .PIECEWISE_BEZIER_KNOTS.);
#2876 = CARTESIAN_POINT('',(0.,0.));
#2877 = CARTESIAN_POINT('',(0.261799387799,0.));
#2878 = CARTESIAN_POINT('',(0.523598775598,0.125317578056));
#2879 = CARTESIAN_POINT('',(0.785398163397,0.376139021285));
#2880 = CARTESIAN_POINT('',(1.047197551197,0.726065941968));
#2881 = CARTESIAN_POINT('',(1.308996938996,1.125017732994));
#2882 = CARTESIAN_POINT('',(1.570796326795,1.524));
#2883 = ( GEOMETRIC_REPRESENTATION_CONTEXT(2) 
PARAMETRIC_REPRESENTATION_CONTEXT() REPRESENTATION_CONTEXT('2D SPACE',''
  ) );
#2884 = PCURVE('',#2255,#2885);
#2885 = DEFINITIONAL_REPRESENTATION('',(#2886),#2893);
#2886 = B_SPLINE_CURVE_WITH_KNOTS('',5,(#2887,#2888,#2889,#2890,#2891,
    #2892),.UNSPECIFIED.,.F.,.F.,(6,6),(0.,1.570796326795),
  .PIECEWISE_BEZIER_KNOTS.);
#2887 = CARTESIAN_POINT('',(0.,12.7));
#2888 = CARTESIAN_POINT('',(0.314159265359,12.7));
#2889 = CARTESIAN_POINT('',(0.628307393518,12.512541470847));
#2890 = CARTESIAN_POINT('',(0.94247613495,12.133966390978));
#2891 = CARTESIAN_POINT('',(1.256637061436,11.654778720407));
#2892 = CARTESIAN_POINT('',(1.570796326795,11.176));
#2893 = ( GEOMETRIC_REPRESENTATION_CONTEXT(2) 
PARAMETRIC_REPRESENTATION_CONTEXT() REPRESENTATION_CONTEXT('2D SPACE',''
  ) );
#2894 = ORIENTED_EDGE('',*,*,#2290,.T.);
#2895 = ORIENTED_EDGE('',*,*,#1113,.F.);
#2896 = ORIENTED_EDGE('',*,*,#2897,.F.);
#2897 = EDGE_CURVE('',#2844,#1086,#2898,.T.);
#2898 = SURFACE_CURVE('',#2899,(#2904,#2911),.PCURVE_S1.);
#2899 = CIRCLE('',#2900,1.524);
#2900 = AXIS2_PLACEMENT_3D('',#2901,#2902,#2903);
#2901 = CARTESIAN_POINT('',(-6.35,23.876,11.145701164033));
#2902 = DIRECTION('',(1.,0.,0.));
#2903 = DIRECTION('',(-0.,1.,0.));
#2904 = PCURVE('',#1143,#2905);
#2905 = DEFINITIONAL_REPRESENTATION('',(#2906),#2910);
#2906 = LINE('',#2907,#2908);
#2907 = CARTESIAN_POINT('',(0.,62.296842105263));
#2908 = VECTOR('',#2909,1.);
#2909 = DIRECTION('',(1.,0.));
#2910 = ( GEOMETRIC_REPRESENTATION_CONTEXT(2) 
PARAMETRIC_REPRESENTATION_CONTEXT() REPRESENTATION_CONTEXT('2D SPACE',''
  ) );
#2911 = PCURVE('',#1101,#2912);
#2912 = DEFINITIONAL_REPRESENTATION('',(#2913),#2917);
#2913 = CIRCLE('',#2914,1.524);
#2914 = AXIS2_PLACEMENT_2D('',#2915,#2916);
#2915 = CARTESIAN_POINT('',(56.310608881494,-8.14926981013E-02));
#2916 = DIRECTION('',(1.,0.));
#2917 = ( GEOMETRIC_REPRESENTATION_CONTEXT(2) 
PARAMETRIC_REPRESENTATION_CONTEXT() REPRESENTATION_CONTEXT('2D SPACE',''
  ) );
#2918 = ADVANCED_FACE('',(#2919),#1101,.F.);
#2919 = FACE_BOUND('',#2920,.F.);
#2920 = EDGE_LOOP('',(#2921,#2942,#2943,#2944,#2963));
#2921 = ORIENTED_EDGE('',*,*,#2922,.T.);
#2922 = EDGE_CURVE('',#2705,#1054,#2923,.T.);
#2923 = SURFACE_CURVE('',#2924,(#2928,#2935),.PCURVE_S1.);
#2924 = LINE('',#2925,#2926);
#2925 = CARTESIAN_POINT('',(-6.35,34.29,3.81));
#2926 = VECTOR('',#2927,25.4);
#2927 = DIRECTION('',(0.,0.,1.));
#2928 = PCURVE('',#1101,#2929);
#2929 = DEFINITIONAL_REPRESENTATION('',(#2930),#2934);
#2930 = LINE('',#2931,#2932);
#2931 = CARTESIAN_POINT('',(66.724608881494,-7.417193862134));
#2932 = VECTOR('',#2933,1.);
#2933 = DIRECTION('',(0.,1.));
#2934 = ( GEOMETRIC_REPRESENTATION_CONTEXT(2) 
PARAMETRIC_REPRESENTATION_CONTEXT() REPRESENTATION_CONTEXT('2D SPACE',''
  ) );
#2935 = PCURVE('',#1073,#2936);
#2936 = DEFINITIONAL_REPRESENTATION('',(#2937),#2941);
#2937 = LINE('',#2938,#2939);
#2938 = CARTESIAN_POINT('',(0.,0.));
#2939 = VECTOR('',#2940,1.);
#2940 = DIRECTION('',(1.,0.));
#2941 = ( GEOMETRIC_REPRESENTATION_CONTEXT(2) 
PARAMETRIC_REPRESENTATION_CONTEXT() REPRESENTATION_CONTEXT('2D SPACE',''
  ) );
#2942 = ORIENTED_EDGE('',*,*,#1085,.T.);
#2943 = ORIENTED_EDGE('',*,*,#2897,.F.);
#2944 = ORIENTED_EDGE('',*,*,#2945,.F.);
#2945 = EDGE_CURVE('',#2679,#2844,#2946,.T.);
#2946 = SURFACE_CURVE('',#2947,(#2951,#2957),.PCURVE_S1.);
#2947 = LINE('',#2948,#2949);
#2948 = CARTESIAN_POINT('',(-6.35,25.4,7.518596931067));
#2949 = VECTOR('',#2950,25.4);
#2950 = DIRECTION('',(0.,0.,1.));
#2951 = PCURVE('',#1101,#2952);
#2952 = DEFINITIONAL_REPRESENTATION('',(#2953),#2956);
#2953 = B_SPLINE_CURVE_WITH_KNOTS('',1,(#2954,#2955),.UNSPECIFIED.,.F.,
  .F.,(2,2),(-4.600775319162E-02,0.142799379251),
  .PIECEWISE_BEZIER_KNOTS.);
#2954 = CARTESIAN_POINT('',(57.834608881494,-4.877193862134));
#2955 = CARTESIAN_POINT('',(57.834608881494,-8.14926981013E-02));
#2956 = ( GEOMETRIC_REPRESENTATION_CONTEXT(2) 
PARAMETRIC_REPRESENTATION_CONTEXT() REPRESENTATION_CONTEXT('2D SPACE',''
  ) );
#2957 = PCURVE('',#2693,#2958);
#2958 = DEFINITIONAL_REPRESENTATION('',(#2959),#2962);
#2959 = B_SPLINE_CURVE_WITH_KNOTS('',1,(#2960,#2961),.UNSPECIFIED.,.F.,
  .F.,(2,2),(-4.600775319162E-02,0.142799379251),
  .PIECEWISE_BEZIER_KNOTS.);
#2960 = CARTESIAN_POINT('',(2.54,62.296842105263));
#2961 = CARTESIAN_POINT('',(7.335701164033,62.296842105263));
#2962 = ( GEOMETRIC_REPRESENTATION_CONTEXT(2) 
PARAMETRIC_REPRESENTATION_CONTEXT() REPRESENTATION_CONTEXT('2D SPACE',''
  ) );
#2963 = ORIENTED_EDGE('',*,*,#2704,.T.);
#2964 = ADVANCED_FACE('',(#2965),#1073,.F.);
#2965 = FACE_BOUND('',#2966,.F.);
#2966 = EDGE_LOOP('',(#2967,#2968,#2969,#2990,#2991,#3012));
#2967 = ORIENTED_EDGE('',*,*,#2922,.F.);
#2968 = ORIENTED_EDGE('',*,*,#2725,.T.);
#2969 = ORIENTED_EDGE('',*,*,#2970,.T.);
#2970 = EDGE_CURVE('',#2726,#1581,#2971,.T.);
#2971 = SURFACE_CURVE('',#2972,(#2976,#2983),.PCURVE_S1.);
#2972 = LINE('',#2973,#2974);
#2973 = CARTESIAN_POINT('',(6.35,34.29,3.81));
#2974 = VECTOR('',#2975,25.4);
#2975 = DIRECTION('',(0.,0.,1.));
#2976 = PCURVE('',#1073,#2977);
#2977 = DEFINITIONAL_REPRESENTATION('',(#2978),#2982);
#2978 = LINE('',#2979,#2980);
#2979 = CARTESIAN_POINT('',(0.,-12.7));
#2980 = VECTOR('',#2981,1.);
#2981 = DIRECTION('',(1.,0.));
#2982 = ( GEOMETRIC_REPRESENTATION_CONTEXT(2) 
PARAMETRIC_REPRESENTATION_CONTEXT() REPRESENTATION_CONTEXT('2D SPACE',''
  ) );
#2983 = PCURVE('',#1596,#2984);
#2984 = DEFINITIONAL_REPRESENTATION('',(#2985),#2989);
#2985 = LINE('',#2986,#2987);
#2986 = CARTESIAN_POINT('',(66.724608881494,-7.417193862134));
#2987 = VECTOR('',#2988,1.);
#2988 = DIRECTION('',(0.,1.));
#2989 = ( GEOMETRIC_REPRESENTATION_CONTEXT(2) 
PARAMETRIC_REPRESENTATION_CONTEXT() REPRESENTATION_CONTEXT('2D SPACE',''
  ) );
#2990 = ORIENTED_EDGE('',*,*,#1608,.F.);
#2991 = ORIENTED_EDGE('',*,*,#2992,.F.);
#2992 = EDGE_CURVE('',#1019,#1445,#2993,.T.);
#2993 = SURFACE_CURVE('',#2994,(#2998,#3005),.PCURVE_S1.);
#2994 = LINE('',#2995,#2996);
#2995 = CARTESIAN_POINT('',(-6.35,34.29,11.765438236085));
#2996 = VECTOR('',#2997,25.4);
#2997 = DIRECTION('',(1.,0.,0.));
#2998 = PCURVE('',#1073,#2999);
#2999 = DEFINITIONAL_REPRESENTATION('',(#3000),#3004);
#3000 = LINE('',#3001,#3002);
#3001 = CARTESIAN_POINT('',(7.955438236085,0.));
#3002 = VECTOR('',#3003,1.);
#3003 = DIRECTION('',(0.,-1.));
#3004 = ( GEOMETRIC_REPRESENTATION_CONTEXT(2) 
PARAMETRIC_REPRESENTATION_CONTEXT() REPRESENTATION_CONTEXT('2D SPACE',''
  ) );
#3005 = PCURVE('',#1038,#3006);
#3006 = DEFINITIONAL_REPRESENTATION('',(#3007),#3011);
#3007 = LINE('',#3008,#3009);
#3008 = CARTESIAN_POINT('',(0.,0.));
#3009 = VECTOR('',#3010,1.);
#3010 = DIRECTION('',(0.,1.));
#3011 = ( GEOMETRIC_REPRESENTATION_CONTEXT(2) 
PARAMETRIC_REPRESENTATION_CONTEXT() REPRESENTATION_CONTEXT('2D SPACE',''
  ) );
#3012 = ORIENTED_EDGE('',*,*,#1053,.T.);
#3013 = ADVANCED_FACE('',(#3014),#1038,.T.);
#3014 = FACE_BOUND('',#3015,.T.);
#3015 = EDGE_LOOP('',(#3016,#3017,#3018,#3019));
#3016 = ORIENTED_EDGE('',*,*,#1018,.F.);
#3017 = ORIENTED_EDGE('',*,*,#1397,.T.);
#3018 = ORIENTED_EDGE('',*,*,#1444,.T.);
#3019 = ORIENTED_EDGE('',*,*,#2992,.F.);
#3020 = ADVANCED_FACE('',(#3021),#1596,.T.);
#3021 = FACE_BOUND('',#3022,.T.);
#3022 = EDGE_LOOP('',(#3023,#3024,#3025,#3049,#3068));
#3023 = ORIENTED_EDGE('',*,*,#2970,.T.);
#3024 = ORIENTED_EDGE('',*,*,#1580,.T.);
#3025 = ORIENTED_EDGE('',*,*,#3026,.F.);
#3026 = EDGE_CURVE('',#3027,#1532,#3029,.T.);
#3027 = VERTEX_POINT('',#3028);
#3028 = CARTESIAN_POINT('',(6.35,25.4,11.145701164033));
#3029 = SURFACE_CURVE('',#3030,(#3035,#3042),.PCURVE_S1.);
#3030 = CIRCLE('',#3031,1.524);
#3031 = AXIS2_PLACEMENT_3D('',#3032,#3033,#3034);
#3032 = CARTESIAN_POINT('',(6.35,23.876,11.145701164033));
#3033 = DIRECTION('',(1.,0.,0.));
#3034 = DIRECTION('',(-0.,1.,0.));
#3035 = PCURVE('',#1596,#3036);
#3036 = DEFINITIONAL_REPRESENTATION('',(#3037),#3041);
#3037 = CIRCLE('',#3038,1.524);
#3038 = AXIS2_PLACEMENT_2D('',#3039,#3040);
#3039 = CARTESIAN_POINT('',(56.310608881494,-8.14926981013E-02));
#3040 = DIRECTION('',(1.,0.));
#3041 = ( GEOMETRIC_REPRESENTATION_CONTEXT(2) 
PARAMETRIC_REPRESENTATION_CONTEXT() REPRESENTATION_CONTEXT('2D SPACE',''
  ) );
#3042 = PCURVE('',#1561,#3043);
#3043 = DEFINITIONAL_REPRESENTATION('',(#3044),#3048);
#3044 = LINE('',#3045,#3046);
#3045 = CARTESIAN_POINT('',(0.,74.996842105263));
#3046 = VECTOR('',#3047,1.);
#3047 = DIRECTION('',(1.,0.));
#3048 = ( GEOMETRIC_REPRESENTATION_CONTEXT(2) 
PARAMETRIC_REPRESENTATION_CONTEXT() REPRESENTATION_CONTEXT('2D SPACE',''
  ) );
#3049 = ORIENTED_EDGE('',*,*,#3050,.F.);
#3050 = EDGE_CURVE('',#2747,#3027,#3051,.T.);
#3051 = SURFACE_CURVE('',#3052,(#3056,#3062),.PCURVE_S1.);
#3052 = LINE('',#3053,#3054);
#3053 = CARTESIAN_POINT('',(6.35,25.4,7.518596931067));
#3054 = VECTOR('',#3055,25.4);
#3055 = DIRECTION('',(0.,0.,1.));
#3056 = PCURVE('',#1596,#3057);
#3057 = DEFINITIONAL_REPRESENTATION('',(#3058),#3061);
#3058 = B_SPLINE_CURVE_WITH_KNOTS('',1,(#3059,#3060),.UNSPECIFIED.,.F.,
  .F.,(2,2),(-4.600775319162E-02,0.142799379251),
  .PIECEWISE_BEZIER_KNOTS.);
#3059 = CARTESIAN_POINT('',(57.834608881494,-4.877193862134));
#3060 = CARTESIAN_POINT('',(57.834608881494,-8.14926981013E-02));
#3061 = ( GEOMETRIC_REPRESENTATION_CONTEXT(2) 
PARAMETRIC_REPRESENTATION_CONTEXT() REPRESENTATION_CONTEXT('2D SPACE',''
  ) );
#3062 = PCURVE('',#2782,#3063);
#3063 = DEFINITIONAL_REPRESENTATION('',(#3064),#3067);
#3064 = B_SPLINE_CURVE_WITH_KNOTS('',1,(#3065,#3066),.UNSPECIFIED.,.F.,
  .F.,(2,2),(-4.600775319162E-02,0.142799379251),
  .PIECEWISE_BEZIER_KNOTS.);
#3065 = CARTESIAN_POINT('',(2.54,74.996842105263));
#3066 = CARTESIAN_POINT('',(7.335701164033,74.996842105263));
#3067 = ( GEOMETRIC_REPRESENTATION_CONTEXT(2) 
PARAMETRIC_REPRESENTATION_CONTEXT() REPRESENTATION_CONTEXT('2D SPACE',''
  ) );
#3068 = ORIENTED_EDGE('',*,*,#2746,.T.);
#3069 = ADVANCED_FACE('',(#3070),#1561,.T.);
#3070 = FACE_BOUND('',#3071,.T.);
#3071 = EDGE_LOOP('',(#3072,#3095,#3096,#3097,#3120));
#3072 = ORIENTED_EDGE('',*,*,#3073,.F.);
#3073 = EDGE_CURVE('',#3027,#3074,#3076,.T.);
#3074 = VERTEX_POINT('',#3075);
#3075 = CARTESIAN_POINT('',(68.646842105263,25.4,11.145701164033));
#3076 = SURFACE_CURVE('',#3077,(#3081,#3088),.PCURVE_S1.);
#3077 = LINE('',#3078,#3079);
#3078 = CARTESIAN_POINT('',(-68.64684210526,25.4,11.145701164033));
#3079 = VECTOR('',#3080,25.4);
#3080 = DIRECTION('',(1.,0.,0.));
#3081 = PCURVE('',#1561,#3082);
#3082 = DEFINITIONAL_REPRESENTATION('',(#3083),#3087);
#3083 = LINE('',#3084,#3085);
#3084 = CARTESIAN_POINT('',(0.,0.));
#3085 = VECTOR('',#3086,1.);
#3086 = DIRECTION('',(0.,1.));
#3087 = ( GEOMETRIC_REPRESENTATION_CONTEXT(2) 
PARAMETRIC_REPRESENTATION_CONTEXT() REPRESENTATION_CONTEXT('2D SPACE',''
  ) );
#3088 = PCURVE('',#2782,#3089);
#3089 = DEFINITIONAL_REPRESENTATION('',(#3090),#3094);
#3090 = LINE('',#3091,#3092);
#3091 = CARTESIAN_POINT('',(7.335701164033,0.));
#3092 = VECTOR('',#3093,1.);
#3093 = DIRECTION('',(0.,1.));
#3094 = ( GEOMETRIC_REPRESENTATION_CONTEXT(2) 
PARAMETRIC_REPRESENTATION_CONTEXT() REPRESENTATION_CONTEXT('2D SPACE',''
  ) );
#3095 = ORIENTED_EDGE('',*,*,#3026,.T.);
#3096 = ORIENTED_EDGE('',*,*,#1531,.T.);
#3097 = ORIENTED_EDGE('',*,*,#3098,.T.);
#3098 = EDGE_CURVE('',#1500,#3099,#3101,.T.);
#3099 = VERTEX_POINT('',#3100);
#3100 = CARTESIAN_POINT('',(67.122842105263,23.876,12.669701164033));
#3101 = SURFACE_CURVE('',#3102,(#3106,#3113),.PCURVE_S1.);
#3102 = LINE('',#3103,#3104);
#3103 = CARTESIAN_POINT('',(-68.64684210526,23.876,12.669701164033));
#3104 = VECTOR('',#3105,25.4);
#3105 = DIRECTION('',(1.,0.,0.));
#3106 = PCURVE('',#1561,#3107);
#3107 = DEFINITIONAL_REPRESENTATION('',(#3108),#3112);
#3108 = LINE('',#3109,#3110);
#3109 = CARTESIAN_POINT('',(1.570796326795,0.));
#3110 = VECTOR('',#3111,1.);
#3111 = DIRECTION('',(0.,1.));
#3112 = ( GEOMETRIC_REPRESENTATION_CONTEXT(2) 
PARAMETRIC_REPRESENTATION_CONTEXT() REPRESENTATION_CONTEXT('2D SPACE',''
  ) );
#3113 = PCURVE('',#1519,#3114);
#3114 = DEFINITIONAL_REPRESENTATION('',(#3115),#3119);
#3115 = LINE('',#3116,#3117);
#3116 = CARTESIAN_POINT('',(0.,11.176));
#3117 = VECTOR('',#3118,1.);
#3118 = DIRECTION('',(1.,0.));
#3119 = ( GEOMETRIC_REPRESENTATION_CONTEXT(2) 
PARAMETRIC_REPRESENTATION_CONTEXT() REPRESENTATION_CONTEXT('2D SPACE',''
  ) );
#3120 = ORIENTED_EDGE('',*,*,#3121,.F.);
#3121 = EDGE_CURVE('',#3074,#3099,#3122,.T.);
#3122 = SURFACE_CURVE('',#3123,(#3128,#3138),.PCURVE_S1.);
#3123 = ELLIPSE('',#3124,2.155261469057,1.524);
#3124 = AXIS2_PLACEMENT_3D('',#3125,#3126,#3127);
#3125 = CARTESIAN_POINT('',(67.122842105263,23.876,11.145701164033));
#3126 = DIRECTION('',(0.707106781187,-0.707106781187,0.));
#3127 = DIRECTION('',(0.707106781187,0.707106781187,0.));
#3128 = PCURVE('',#1561,#3129);
#3129 = DEFINITIONAL_REPRESENTATION('',(#3130),#3137);
#3130 = B_SPLINE_CURVE_WITH_KNOTS('',5,(#3131,#3132,#3133,#3134,#3135,
    #3136),.UNSPECIFIED.,.F.,.F.,(6,6),(0.,1.570796326795),
  .PIECEWISE_BEZIER_KNOTS.);
#3131 = CARTESIAN_POINT('',(0.,137.29368421052));
#3132 = CARTESIAN_POINT('',(0.314159265359,137.29368421052));
#3133 = CARTESIAN_POINT('',(0.628307393518,137.10622568137));
#3134 = CARTESIAN_POINT('',(0.94247613495,136.7276506015));
#3135 = CARTESIAN_POINT('',(1.256637061436,136.24846293093));
#3136 = CARTESIAN_POINT('',(1.570796326795,135.76968421052));
#3137 = ( GEOMETRIC_REPRESENTATION_CONTEXT(2) 
PARAMETRIC_REPRESENTATION_CONTEXT() REPRESENTATION_CONTEXT('2D SPACE',''
  ) );
#3138 = PCURVE('',#3139,#3144);
#3139 = CYLINDRICAL_SURFACE('',#3140,1.524);
#3140 = AXIS2_PLACEMENT_3D('',#3141,#3142,#3143);
#3141 = CARTESIAN_POINT('',(67.122842105263,12.7,11.145701164033));
#3142 = DIRECTION('',(0.,1.,0.));
#3143 = DIRECTION('',(1.,0.,-0.));
#3144 = DEFINITIONAL_REPRESENTATION('',(#3145),#3153);
#3145 = B_SPLINE_CURVE_WITH_KNOTS('',6,(#3146,#3147,#3148,#3149,#3150,
    #3151,#3152),.UNSPECIFIED.,.F.,.F.,(7,7),(0.,1.570796326795),
  .PIECEWISE_BEZIER_KNOTS.);
#3146 = CARTESIAN_POINT('',(0.,12.7));
#3147 = CARTESIAN_POINT('',(-0.261799387799,12.7));
#3148 = CARTESIAN_POINT('',(-0.523598775598,12.574682421944));
#3149 = CARTESIAN_POINT('',(-0.785398163397,12.323860978714));
#3150 = CARTESIAN_POINT('',(-1.047197551197,11.973934058032));
#3151 = CARTESIAN_POINT('',(-1.308996938996,11.574982267006));
#3152 = CARTESIAN_POINT('',(-1.570796326795,11.176));
#3153 = ( GEOMETRIC_REPRESENTATION_CONTEXT(2) 
PARAMETRIC_REPRESENTATION_CONTEXT() REPRESENTATION_CONTEXT('2D SPACE',''
  ) );
#3154 = ADVANCED_FACE('',(#3155),#1519,.T.);
#3155 = FACE_BOUND('',#3156,.T.);
#3156 = EDGE_LOOP('',(#3157,#3158,#3181,#3202,#3203));
#3157 = ORIENTED_EDGE('',*,*,#1786,.T.);
#3158 = ORIENTED_EDGE('',*,*,#3159,.T.);
#3159 = EDGE_CURVE('',#1787,#3160,#3162,.T.);
#3160 = VERTEX_POINT('',#3161);
#3161 = CARTESIAN_POINT('',(67.122842105263,14.224,12.669701164033));
#3162 = SURFACE_CURVE('',#3163,(#3167,#3174),.PCURVE_S1.);
#3163 = LINE('',#3164,#3165);
#3164 = CARTESIAN_POINT('',(-68.64684210526,14.224,12.669701164033));
#3165 = VECTOR('',#3166,25.4);
#3166 = DIRECTION('',(1.,0.,0.));
#3167 = PCURVE('',#1519,#3168);
#3168 = DEFINITIONAL_REPRESENTATION('',(#3169),#3173);
#3169 = LINE('',#3170,#3171);
#3170 = CARTESIAN_POINT('',(0.,1.524));
#3171 = VECTOR('',#3172,1.);
#3172 = DIRECTION('',(1.,0.));
#3173 = ( GEOMETRIC_REPRESENTATION_CONTEXT(2) 
PARAMETRIC_REPRESENTATION_CONTEXT() REPRESENTATION_CONTEXT('2D SPACE',''
  ) );
#3174 = PCURVE('',#1872,#3175);
#3175 = DEFINITIONAL_REPRESENTATION('',(#3176),#3180);
#3176 = LINE('',#3177,#3178);
#3177 = CARTESIAN_POINT('',(-1.570796326795,0.));
#3178 = VECTOR('',#3179,1.);
#3179 = DIRECTION('',(-0.,1.));
#3180 = ( GEOMETRIC_REPRESENTATION_CONTEXT(2) 
PARAMETRIC_REPRESENTATION_CONTEXT() REPRESENTATION_CONTEXT('2D SPACE',''
  ) );
#3181 = ORIENTED_EDGE('',*,*,#3182,.T.);
#3182 = EDGE_CURVE('',#3160,#3099,#3183,.T.);
#3183 = SURFACE_CURVE('',#3184,(#3188,#3195),.PCURVE_S1.);
#3184 = LINE('',#3185,#3186);
#3185 = CARTESIAN_POINT('',(67.122842105263,12.7,12.669701164033));
#3186 = VECTOR('',#3187,25.4);
#3187 = DIRECTION('',(0.,1.,0.));
#3188 = PCURVE('',#1519,#3189);
#3189 = DEFINITIONAL_REPRESENTATION('',(#3190),#3194);
#3190 = LINE('',#3191,#3192);
#3191 = CARTESIAN_POINT('',(135.76968421052,0.));
#3192 = VECTOR('',#3193,1.);
#3193 = DIRECTION('',(0.,1.));
#3194 = ( GEOMETRIC_REPRESENTATION_CONTEXT(2) 
PARAMETRIC_REPRESENTATION_CONTEXT() REPRESENTATION_CONTEXT('2D SPACE',''
  ) );
#3195 = PCURVE('',#3139,#3196);
#3196 = DEFINITIONAL_REPRESENTATION('',(#3197),#3201);
#3197 = LINE('',#3198,#3199);
#3198 = CARTESIAN_POINT('',(-1.570796326795,0.));
#3199 = VECTOR('',#3200,1.);
#3200 = DIRECTION('',(-0.,1.));
#3201 = ( GEOMETRIC_REPRESENTATION_CONTEXT(2) 
PARAMETRIC_REPRESENTATION_CONTEXT() REPRESENTATION_CONTEXT('2D SPACE',''
  ) );
#3202 = ORIENTED_EDGE('',*,*,#3098,.F.);
#3203 = ORIENTED_EDGE('',*,*,#1499,.F.);
#3204 = ADVANCED_FACE('',(#3205),#1659,.T.);
#3205 = FACE_BOUND('',#3206,.T.);
#3206 = EDGE_LOOP('',(#3207,#3208,#3231,#3264));
#3207 = ORIENTED_EDGE('',*,*,#1640,.F.);
#3208 = ORIENTED_EDGE('',*,*,#3209,.F.);
#3209 = EDGE_CURVE('',#3210,#1641,#3212,.T.);
#3210 = VERTEX_POINT('',#3211);
#3211 = CARTESIAN_POINT('',(9.906,-68.42773151695,181.72993984447));
#3212 = SURFACE_CURVE('',#3213,(#3217,#3224),.PCURVE_S1.);
#3213 = LINE('',#3214,#3215);
#3214 = CARTESIAN_POINT('',(9.906,-68.42773151695,181.72993984447));
#3215 = VECTOR('',#3216,25.4);
#3216 = DIRECTION('',(-0.,-0.996194698092,8.715574274766E-02));
#3217 = PCURVE('',#1659,#3218);
#3218 = DEFINITIONAL_REPRESENTATION('',(#3219),#3223);
#3219 = LINE('',#3220,#3221);
#3220 = CARTESIAN_POINT('',(9.906,12.7));
#3221 = VECTOR('',#3222,1.);
#3222 = DIRECTION('',(0.,-1.));
#3223 = ( GEOMETRIC_REPRESENTATION_CONTEXT(2) 
PARAMETRIC_REPRESENTATION_CONTEXT() REPRESENTATION_CONTEXT('2D SPACE',''
  ) );
#3224 = PCURVE('',#1762,#3225);
#3225 = DEFINITIONAL_REPRESENTATION('',(#3226),#3230);
#3226 = LINE('',#3227,#3228);
#3227 = CARTESIAN_POINT('',(1.570796326795,0.));
#3228 = VECTOR('',#3229,1.);
#3229 = DIRECTION('',(0.,1.));
#3230 = ( GEOMETRIC_REPRESENTATION_CONTEXT(2) 
PARAMETRIC_REPRESENTATION_CONTEXT() REPRESENTATION_CONTEXT('2D SPACE',''
  ) );
#3231 = ORIENTED_EDGE('',*,*,#3232,.F.);
#3232 = EDGE_CURVE('',#3233,#3210,#3235,.T.);
#3233 = VERTEX_POINT('',#3234);
#3234 = CARTESIAN_POINT('',(-9.906,-68.42773151695,181.72993984447));
#3235 = SURFACE_CURVE('',#3236,(#3241,#3252),.PCURVE_S1.);
#3236 = CIRCLE('',#3237,9.906);
#3237 = AXIS2_PLACEMENT_3D('',#3238,#3239,#3240);
#3238 = CARTESIAN_POINT('',(0.,-68.42773151695,181.72993984447));
#3239 = DIRECTION('',(-0.,-8.715574274766E-02,-0.996194698092));
#3240 = DIRECTION('',(-1.,0.,0.));
#3241 = PCURVE('',#1659,#3242);
#3242 = DEFINITIONAL_REPRESENTATION('',(#3243),#3251);
#3243 = ( BOUNDED_CURVE() B_SPLINE_CURVE(2,(#3244,#3245,#3246,#3247,
#3248,#3249,#3250),.UNSPECIFIED.,.T.,.F.) B_SPLINE_CURVE_WITH_KNOTS((1,2
    ,2,2,2,1),(-2.094395102393,0.,2.094395102393,4.188790204786,
6.28318530718,8.377580409573),.UNSPECIFIED.) CURVE() 
GEOMETRIC_REPRESENTATION_ITEM() RATIONAL_B_SPLINE_CURVE((1.,0.5,1.,0.5,
1.,0.5,1.)) REPRESENTATION_ITEM('') );
#3244 = CARTESIAN_POINT('',(-9.906,12.7));
#3245 = CARTESIAN_POINT('',(-9.906,29.857695299777));
#3246 = CARTESIAN_POINT('',(4.953,21.278847649889));
#3247 = CARTESIAN_POINT('',(19.812,12.7));
#3248 = CARTESIAN_POINT('',(4.953,4.121152350111));
#3249 = CARTESIAN_POINT('',(-9.906,-4.457695299777));
#3250 = CARTESIAN_POINT('',(-9.906,12.7));
#3251 = ( GEOMETRIC_REPRESENTATION_CONTEXT(2) 
PARAMETRIC_REPRESENTATION_CONTEXT() REPRESENTATION_CONTEXT('2D SPACE',''
  ) );
#3252 = PCURVE('',#3253,#3258);
#3253 = TOROIDAL_SURFACE('',#3254,9.906,1.524);
#3254 = AXIS2_PLACEMENT_3D('',#3255,#3256,#3257);
#3255 = CARTESIAN_POINT('',(0.,-68.56055686889,180.21173912458));
#3256 = DIRECTION('',(0.,8.715574274766E-02,0.996194698092));
#3257 = DIRECTION('',(-1.,0.,0.));
#3258 = DEFINITIONAL_REPRESENTATION('',(#3259),#3263);
#3259 = LINE('',#3260,#3261);
#3260 = CARTESIAN_POINT('',(-0.,1.570796326795));
#3261 = VECTOR('',#3262,1.);
#3262 = DIRECTION('',(-1.,0.));
#3263 = ( GEOMETRIC_REPRESENTATION_CONTEXT(2) 
PARAMETRIC_REPRESENTATION_CONTEXT() REPRESENTATION_CONTEXT('2D SPACE',''
  ) );
#3264 = ORIENTED_EDGE('',*,*,#3265,.F.);
#3265 = EDGE_CURVE('',#1643,#3233,#3266,.T.);
#3266 = SURFACE_CURVE('',#3267,(#3271,#3278),.PCURVE_S1.);
#3267 = LINE('',#3268,#3269);
#3268 = CARTESIAN_POINT('',(-9.906,-81.07940418271,182.83681777736));
#3269 = VECTOR('',#3270,25.4);
#3270 = DIRECTION('',(0.,0.996194698092,-8.715574274766E-02));
#3271 = PCURVE('',#1659,#3272);
#3272 = DEFINITIONAL_REPRESENTATION('',(#3273),#3277);
#3273 = LINE('',#3274,#3275);
#3274 = CARTESIAN_POINT('',(-9.906,0.));
#3275 = VECTOR('',#3276,1.);
#3276 = DIRECTION('',(0.,1.));
#3277 = ( GEOMETRIC_REPRESENTATION_CONTEXT(2) 
PARAMETRIC_REPRESENTATION_CONTEXT() REPRESENTATION_CONTEXT('2D SPACE',''
  ) );
#3278 = PCURVE('',#1707,#3279);
#3279 = DEFINITIONAL_REPRESENTATION('',(#3280),#3284);
#3280 = LINE('',#3281,#3282);
#3281 = CARTESIAN_POINT('',(1.570796326795,0.));
#3282 = VECTOR('',#3283,1.);
#3283 = DIRECTION('',(0.,1.));
#3284 = ( GEOMETRIC_REPRESENTATION_CONTEXT(2) 
PARAMETRIC_REPRESENTATION_CONTEXT() REPRESENTATION_CONTEXT('2D SPACE',''
  ) );
#3285 = ADVANCED_FACE('',(#3286),#1707,.T.);
#3286 = FACE_BOUND('',#3287,.T.);
#3287 = EDGE_LOOP('',(#3288,#3289,#3290,#3291));
#3288 = ORIENTED_EDGE('',*,*,#1887,.F.);
#3289 = ORIENTED_EDGE('',*,*,#1675,.T.);
#3290 = ORIENTED_EDGE('',*,*,#3265,.T.);
#3291 = ORIENTED_EDGE('',*,*,#3292,.F.);
#3292 = EDGE_CURVE('',#1888,#3233,#3293,.T.);
#3293 = SURFACE_CURVE('',#3294,(#3299,#3305),.PCURVE_S1.);
#3294 = CIRCLE('',#3295,1.524);
#3295 = AXIS2_PLACEMENT_3D('',#3296,#3297,#3298);
#3296 = CARTESIAN_POINT('',(-9.906,-68.56055686889,180.21173912458));
#3297 = DIRECTION('',(0.,0.996194698092,-8.715574274766E-02));
#3298 = DIRECTION('',(-1.,0.,0.));
#3299 = PCURVE('',#1707,#3300);
#3300 = DEFINITIONAL_REPRESENTATION('',(#3301),#3304);
#3301 = B_SPLINE_CURVE_WITH_KNOTS('',1,(#3302,#3303),.UNSPECIFIED.,.F.,
  .F.,(2,2),(0.,1.570796326795),.PIECEWISE_BEZIER_KNOTS.);
#3302 = CARTESIAN_POINT('',(0.,12.7));
#3303 = CARTESIAN_POINT('',(1.570796326795,12.7));
#3304 = ( GEOMETRIC_REPRESENTATION_CONTEXT(2) 
PARAMETRIC_REPRESENTATION_CONTEXT() REPRESENTATION_CONTEXT('2D SPACE',''
  ) );
#3305 = PCURVE('',#3253,#3306);
#3306 = DEFINITIONAL_REPRESENTATION('',(#3307),#3310);
#3307 = B_SPLINE_CURVE_WITH_KNOTS('',1,(#3308,#3309),.UNSPECIFIED.,.F.,
  .F.,(2,2),(0.,1.570796326795),.PIECEWISE_BEZIER_KNOTS.);
#3308 = CARTESIAN_POINT('',(0.,0.));
#3309 = CARTESIAN_POINT('',(0.,1.570796326795));
#3310 = ( GEOMETRIC_REPRESENTATION_CONTEXT(2) 
PARAMETRIC_REPRESENTATION_CONTEXT() REPRESENTATION_CONTEXT('2D SPACE',''
  ) );
#3311 = ADVANCED_FACE('',(#3312),#1762,.T.);
#3312 = FACE_BOUND('',#3313,.T.);
#3313 = EDGE_LOOP('',(#3314,#3315,#3335,#3336));
#3314 = ORIENTED_EDGE('',*,*,#2188,.F.);
#3315 = ORIENTED_EDGE('',*,*,#3316,.T.);
#3316 = EDGE_CURVE('',#2189,#3210,#3317,.T.);
#3317 = SURFACE_CURVE('',#3318,(#3323,#3329),.PCURVE_S1.);
#3318 = CIRCLE('',#3319,1.524);
#3319 = AXIS2_PLACEMENT_3D('',#3320,#3321,#3322);
#3320 = CARTESIAN_POINT('',(9.906,-68.56055686889,180.21173912458));
#3321 = DIRECTION('',(1.224646799147E-16,-0.996194698092,
    8.715574274766E-02));
#3322 = DIRECTION('',(1.,1.219986648346E-16,-1.067350013832E-17));
#3323 = PCURVE('',#1762,#3324);
#3324 = DEFINITIONAL_REPRESENTATION('',(#3325),#3328);
#3325 = B_SPLINE_CURVE_WITH_KNOTS('',1,(#3326,#3327),.UNSPECIFIED.,.F.,
  .F.,(2,2),(0.,1.570796326795),.PIECEWISE_BEZIER_KNOTS.);
#3326 = CARTESIAN_POINT('',(0.,0.));
#3327 = CARTESIAN_POINT('',(1.570796326795,0.));
#3328 = ( GEOMETRIC_REPRESENTATION_CONTEXT(2) 
PARAMETRIC_REPRESENTATION_CONTEXT() REPRESENTATION_CONTEXT('2D SPACE',''
  ) );
#3329 = PCURVE('',#3253,#3330);
#3330 = DEFINITIONAL_REPRESENTATION('',(#3331),#3334);
#3331 = B_SPLINE_CURVE_WITH_KNOTS('',1,(#3332,#3333),.UNSPECIFIED.,.F.,
  .F.,(2,2),(0.,1.570796326795),.PIECEWISE_BEZIER_KNOTS.);
#3332 = CARTESIAN_POINT('',(-3.14159265359,0.));
#3333 = CARTESIAN_POINT('',(-3.14159265359,1.570796326795));
#3334 = ( GEOMETRIC_REPRESENTATION_CONTEXT(2) 
PARAMETRIC_REPRESENTATION_CONTEXT() REPRESENTATION_CONTEXT('2D SPACE',''
  ) );
#3335 = ORIENTED_EDGE('',*,*,#3209,.T.);
#3336 = ORIENTED_EDGE('',*,*,#1730,.F.);
#3337 = ADVANCED_FACE('',(#3338),#1872,.T.);
#3338 = FACE_BOUND('',#3339,.F.);
#3339 = EDGE_LOOP('',(#3340,#3363,#3364,#3365));
#3340 = ORIENTED_EDGE('',*,*,#3341,.F.);
#3341 = EDGE_CURVE('',#1832,#3342,#3344,.T.);
#3342 = VERTEX_POINT('',#3343);
#3343 = CARTESIAN_POINT('',(68.646842105263,12.7,11.145701164033));
#3344 = SURFACE_CURVE('',#3345,(#3349,#3356),.PCURVE_S1.);
#3345 = LINE('',#3346,#3347);
#3346 = CARTESIAN_POINT('',(-68.64684210526,12.7,11.145701164033));
#3347 = VECTOR('',#3348,25.4);
#3348 = DIRECTION('',(1.,0.,0.));
#3349 = PCURVE('',#1872,#3350);
#3350 = DEFINITIONAL_REPRESENTATION('',(#3351),#3355);
#3351 = LINE('',#3352,#3353);
#3352 = CARTESIAN_POINT('',(-0.,0.));
#3353 = VECTOR('',#3354,1.);
#3354 = DIRECTION('',(-0.,1.));
#3355 = ( GEOMETRIC_REPRESENTATION_CONTEXT(2) 
PARAMETRIC_REPRESENTATION_CONTEXT() REPRESENTATION_CONTEXT('2D SPACE',''
  ) );
#3356 = PCURVE('',#1846,#3357);
#3357 = DEFINITIONAL_REPRESENTATION('',(#3358),#3362);
#3358 = LINE('',#3359,#3360);
#3359 = CARTESIAN_POINT('',(7.335701164033,0.));
#3360 = VECTOR('',#3361,1.);
#3361 = DIRECTION('',(0.,1.));
#3362 = ( GEOMETRIC_REPRESENTATION_CONTEXT(2) 
PARAMETRIC_REPRESENTATION_CONTEXT() REPRESENTATION_CONTEXT('2D SPACE',''
  ) );
#3363 = ORIENTED_EDGE('',*,*,#1857,.F.);
#3364 = ORIENTED_EDGE('',*,*,#3159,.T.);
#3365 = ORIENTED_EDGE('',*,*,#3366,.F.);
#3366 = EDGE_CURVE('',#3342,#3160,#3367,.T.);
#3367 = SURFACE_CURVE('',#3368,(#3373,#3383),.PCURVE_S1.);
#3368 = ELLIPSE('',#3369,2.155261469057,1.524);
#3369 = AXIS2_PLACEMENT_3D('',#3370,#3371,#3372);
#3370 = CARTESIAN_POINT('',(67.122842105263,14.224,11.145701164033));
#3371 = DIRECTION('',(-0.707106781187,-0.707106781187,-0.));
#3372 = DIRECTION('',(-0.707106781187,0.707106781187,0.));
#3373 = PCURVE('',#1872,#3374);
#3374 = DEFINITIONAL_REPRESENTATION('',(#3375),#3382);
#3375 = B_SPLINE_CURVE_WITH_KNOTS('',5,(#3376,#3377,#3378,#3379,#3380,
    #3381),.UNSPECIFIED.,.F.,.F.,(6,6),(3.14159265359,4.712388980385),
  .PIECEWISE_BEZIER_KNOTS.);
#3376 = CARTESIAN_POINT('',(1.110223024625E-16,137.29368421052));
#3377 = CARTESIAN_POINT('',(-0.314159265359,137.29368421052));
#3378 = CARTESIAN_POINT('',(-0.628307393518,137.10622568137));
#3379 = CARTESIAN_POINT('',(-0.94247613495,136.7276506015));
#3380 = CARTESIAN_POINT('',(-1.256637061436,136.24846293093));
#3381 = CARTESIAN_POINT('',(-1.570796326795,135.76968421052));
#3382 = ( GEOMETRIC_REPRESENTATION_CONTEXT(2) 
PARAMETRIC_REPRESENTATION_CONTEXT() REPRESENTATION_CONTEXT('2D SPACE',''
  ) );
#3383 = PCURVE('',#3139,#3384);
#3384 = DEFINITIONAL_REPRESENTATION('',(#3385),#3392);
#3385 = B_SPLINE_CURVE_WITH_KNOTS('',5,(#3386,#3387,#3388,#3389,#3390,
    #3391),.UNSPECIFIED.,.F.,.F.,(6,6),(3.14159265359,4.712388980385),
  .PIECEWISE_BEZIER_KNOTS.);
#3386 = CARTESIAN_POINT('',(0.,-1.233735336115E-15));
#3387 = CARTESIAN_POINT('',(-0.314159265359,-1.89597737331E-15));
#3388 = CARTESIAN_POINT('',(-0.628307393518,0.187458529153));
#3389 = CARTESIAN_POINT('',(-0.94247613495,0.566033609022));
#3390 = CARTESIAN_POINT('',(-1.256637061436,1.045221279593));
#3391 = CARTESIAN_POINT('',(-1.570796326795,1.524));
#3392 = ( GEOMETRIC_REPRESENTATION_CONTEXT(2) 
PARAMETRIC_REPRESENTATION_CONTEXT() REPRESENTATION_CONTEXT('2D SPACE',''
  ) );
#3393 = ADVANCED_FACE('',(#3394),#1846,.F.);
#3394 = FACE_BOUND('',#3395,.F.);
#3395 = EDGE_LOOP('',(#3396,#3417,#3418,#3419));
#3396 = ORIENTED_EDGE('',*,*,#3397,.F.);
#3397 = EDGE_CURVE('',#2794,#3342,#3398,.T.);
#3398 = SURFACE_CURVE('',#3399,(#3403,#3410),.PCURVE_S1.);
#3399 = LINE('',#3400,#3401);
#3400 = CARTESIAN_POINT('',(68.646842105263,12.7,3.81));
#3401 = VECTOR('',#3402,25.4);
#3402 = DIRECTION('',(0.,0.,1.));
#3403 = PCURVE('',#1846,#3404);
#3404 = DEFINITIONAL_REPRESENTATION('',(#3405),#3409);
#3405 = LINE('',#3406,#3407);
#3406 = CARTESIAN_POINT('',(0.,137.29368421052));
#3407 = VECTOR('',#3408,1.);
#3408 = DIRECTION('',(1.,0.));
#3409 = ( GEOMETRIC_REPRESENTATION_CONTEXT(2) 
PARAMETRIC_REPRESENTATION_CONTEXT() REPRESENTATION_CONTEXT('2D SPACE',''
  ) );
#3410 = PCURVE('',#2808,#3411);
#3411 = DEFINITIONAL_REPRESENTATION('',(#3412),#3416);
#3412 = LINE('',#3413,#3414);
#3413 = CARTESIAN_POINT('',(0.,0.));
#3414 = VECTOR('',#3415,1.);
#3415 = DIRECTION('',(1.,0.));
#3416 = ( GEOMETRIC_REPRESENTATION_CONTEXT(2) 
PARAMETRIC_REPRESENTATION_CONTEXT() REPRESENTATION_CONTEXT('2D SPACE',''
  ) );
#3417 = ORIENTED_EDGE('',*,*,#2819,.T.);
#3418 = ORIENTED_EDGE('',*,*,#1831,.T.);
#3419 = ORIENTED_EDGE('',*,*,#3341,.T.);
#3420 = ADVANCED_FACE('',(#3421),#1926,.T.);
#3421 = FACE_BOUND('',#3422,.F.);
#3422 = EDGE_LOOP('',(#3423,#3424,#3471,#3472));
#3423 = ORIENTED_EDGE('',*,*,#1910,.F.);
#3424 = ORIENTED_EDGE('',*,*,#3425,.T.);
#3425 = EDGE_CURVE('',#1911,#2140,#3426,.T.);
#3426 = SURFACE_CURVE('',#3427,(#3444,#3464),.PCURVE_S1.);
#3427 = ( BOUNDED_CURVE() B_SPLINE_CURVE(8,(#3428,#3429,#3430,#3431,
    #3432,#3433,#3434,#3435,#3436,#3437,#3438,#3439,#3440,#3441,#3442,
#3443),.UNSPECIFIED.,.F.,.F.) B_SPLINE_CURVE_WITH_KNOTS((9,7,9),(
0.807315252527,1.566651447348,2.32598764217),.UNSPECIFIED.) CURVE() 
GEOMETRIC_REPRESENTATION_ITEM() RATIONAL_B_SPLINE_CURVE((1.,1.,1.,1.,1.,
1.,1.,1.,1.,1.,1.,1.,1.,1.,1.,1.)) REPRESENTATION_ITEM('') );
#3428 = CARTESIAN_POINT('',(-11.43,-69.77497605937,166.33086425995));
#3429 = CARTESIAN_POINT('',(-11.43,-67.38869845738,167.87312512387));
#3430 = CARTESIAN_POINT('',(-10.92518274746,-65.07188608006,
    169.37019153086));
#3431 = CARTESIAN_POINT('',(-9.980641715662,-62.92479154424,
    170.75660198596));
#3432 = CARTESIAN_POINT('',(-8.591788704698,-61.0204497721,
    171.98089510698));
#3433 = CARTESIAN_POINT('',(-6.895873639304,-59.43152966075,
    172.99487062598));
#3434 = CARTESIAN_POINT('',(-4.754983485977,-58.21281996053,
    173.79833917596));
#3435 = CARTESIAN_POINT('',(-2.376644101469,-57.61365649069,
    174.19084471378));
#3436 = CARTESIAN_POINT('',(2.376640654991,-57.61365572362,
    174.19084525897));
#3437 = CARTESIAN_POINT('',(4.754980901413,-58.21281841383,
    173.79834027866));
#3438 = CARTESIAN_POINT('',(6.895872940843,-59.43152811442,
    172.99487167516));
#3439 = CARTESIAN_POINT('',(8.591789086467,-61.02044953238,
    171.98089512002));
#3440 = CARTESIAN_POINT('',(9.98064236247,-62.92479221244,
    170.75660154785));
#3441 = CARTESIAN_POINT('',(10.92518308385,-65.07188722166,
    169.37019078278));
#3442 = CARTESIAN_POINT('',(11.43,-67.38869925131,167.87312461038));
#3443 = CARTESIAN_POINT('',(11.43,-69.77497605937,166.33086425995));
#3444 = PCURVE('',#1926,#3445);
#3445 = DEFINITIONAL_REPRESENTATION('',(#3446),#3463);
#3446 = B_SPLINE_CURVE_WITH_KNOTS('',8,(#3447,#3448,#3449,#3450,#3451,
    #3452,#3453,#3454,#3455,#3456,#3457,#3458,#3459,#3460,#3461,#3462),
  .UNSPECIFIED.,.F.,.F.,(9,7,9),(0.807315252527,1.566651447348,
    2.32598764217),.UNSPECIFIED.);
#3447 = CARTESIAN_POINT('',(-3.14159265359,-21.37210244842));
#3448 = CARTESIAN_POINT('',(-2.945373913068,-23.11647234095));
#3449 = CARTESIAN_POINT('',(-2.754753619611,-24.80956399304));
#3450 = CARTESIAN_POINT('',(-2.56727915751,-26.37865140255));
#3451 = CARTESIAN_POINT('',(-2.377449082746,-27.76281738168));
#3452 = CARTESIAN_POINT('',(-2.187929238754,-28.91278987043));
#3453 = CARTESIAN_POINT('',(-1.986765989522,-29.81871289245));
#3454 = CARTESIAN_POINT('',(-1.778730710602,-30.26210214343));
#3455 = CARTESIAN_POINT('',(-1.362862244517,-30.26210275341));
#3456 = CARTESIAN_POINT('',(-1.154826904422,-29.81871412479));
#3457 = CARTESIAN_POINT('',(-0.953663524598,-28.91279105325));
#3458 = CARTESIAN_POINT('',(-0.764143575313,-27.7628174119));
#3459 = CARTESIAN_POINT('',(-0.574313425908,-26.37865091023));
#3460 = CARTESIAN_POINT('',(-0.386838940976,-24.80956314766));
#3461 = CARTESIAN_POINT('',(-0.196218675242,-23.11647176021));
#3462 = CARTESIAN_POINT('',(2.553512956638E-15,-21.37210244842));
#3463 = ( GEOMETRIC_REPRESENTATION_CONTEXT(2) 
PARAMETRIC_REPRESENTATION_CONTEXT() REPRESENTATION_CONTEXT('2D SPACE',''
  ) );
#3464 = PCURVE('',#2002,#3465);
#3465 = DEFINITIONAL_REPRESENTATION('',(#3466),#3470);
#3466 = LINE('',#3467,#3468);
#3467 = CARTESIAN_POINT('',(0.,0.));
#3468 = VECTOR('',#3469,1.);
#3469 = DIRECTION('',(0.,1.));
#3470 = ( GEOMETRIC_REPRESENTATION_CONTEXT(2) 
PARAMETRIC_REPRESENTATION_CONTEXT() REPRESENTATION_CONTEXT('2D SPACE',''
  ) );
#3471 = ORIENTED_EDGE('',*,*,#2211,.T.);
#3472 = ORIENTED_EDGE('',*,*,#3473,.F.);
#3473 = EDGE_CURVE('',#1888,#2189,#3474,.T.);
#3474 = SURFACE_CURVE('',#3475,(#3480,#3487),.PCURVE_S1.);
#3475 = CIRCLE('',#3476,11.43);
#3476 = AXIS2_PLACEMENT_3D('',#3477,#3478,#3479);
#3477 = CARTESIAN_POINT('',(0.,-68.56055686889,180.21173912458));
#3478 = DIRECTION('',(-0.,-8.715574274766E-02,-0.996194698092));
#3479 = DIRECTION('',(-1.,0.,0.));
#3480 = PCURVE('',#1926,#3481);
#3481 = DEFINITIONAL_REPRESENTATION('',(#3482),#3486);
#3482 = LINE('',#3483,#3484);
#3483 = CARTESIAN_POINT('',(-3.14159265359,-35.306));
#3484 = VECTOR('',#3485,1.);
#3485 = DIRECTION('',(1.,-0.));
#3486 = ( GEOMETRIC_REPRESENTATION_CONTEXT(2) 
PARAMETRIC_REPRESENTATION_CONTEXT() REPRESENTATION_CONTEXT('2D SPACE',''
  ) );
#3487 = PCURVE('',#3253,#3488);
#3488 = DEFINITIONAL_REPRESENTATION('',(#3489),#3493);
#3489 = LINE('',#3490,#3491);
#3490 = CARTESIAN_POINT('',(-0.,0.));
#3491 = VECTOR('',#3492,1.);
#3492 = DIRECTION('',(-1.,0.));
#3493 = ( GEOMETRIC_REPRESENTATION_CONTEXT(2) 
PARAMETRIC_REPRESENTATION_CONTEXT() REPRESENTATION_CONTEXT('2D SPACE',''
  ) );
#3494 = ADVANCED_FACE('',(#3495),#2002,.F.);
#3495 = FACE_BOUND('',#3496,.F.);
#3496 = EDGE_LOOP('',(#3497,#3498,#3499,#3500));
#3497 = ORIENTED_EDGE('',*,*,#1988,.T.);
#3498 = ORIENTED_EDGE('',*,*,#2089,.T.);
#3499 = ORIENTED_EDGE('',*,*,#2162,.F.);
#3500 = ORIENTED_EDGE('',*,*,#3425,.F.);
#3501 = ADVANCED_FACE('',(#3502),#2255,.T.);
#3502 = FACE_BOUND('',#3503,.T.);
#3503 = EDGE_LOOP('',(#3504,#3505,#3506,#3507));
#3504 = ORIENTED_EDGE('',*,*,#2337,.T.);
#3505 = ORIENTED_EDGE('',*,*,#2237,.T.);
#3506 = ORIENTED_EDGE('',*,*,#2866,.F.);
#3507 = ORIENTED_EDGE('',*,*,#3508,.F.);
#3508 = EDGE_CURVE('',#2315,#2842,#3509,.T.);
#3509 = SURFACE_CURVE('',#3510,(#3514,#3521),.PCURVE_S1.);
#3510 = LINE('',#3511,#3512);
#3511 = CARTESIAN_POINT('',(-68.64684210526,12.7,11.145701164033));
#3512 = VECTOR('',#3513,25.4);
#3513 = DIRECTION('',(0.,1.,0.));
#3514 = PCURVE('',#2255,#3515);
#3515 = DEFINITIONAL_REPRESENTATION('',(#3516),#3520);
#3516 = LINE('',#3517,#3518);
#3517 = CARTESIAN_POINT('',(0.,0.));
#3518 = VECTOR('',#3519,1.);
#3519 = DIRECTION('',(0.,1.));
#3520 = ( GEOMETRIC_REPRESENTATION_CONTEXT(2) 
PARAMETRIC_REPRESENTATION_CONTEXT() REPRESENTATION_CONTEXT('2D SPACE',''
  ) );
#3521 = PCURVE('',#2406,#3522);
#3522 = DEFINITIONAL_REPRESENTATION('',(#3523),#3527);
#3523 = LINE('',#3524,#3525);
#3524 = CARTESIAN_POINT('',(7.335701164033,0.));
#3525 = VECTOR('',#3526,1.);
#3526 = DIRECTION('',(0.,-1.));
#3527 = ( GEOMETRIC_REPRESENTATION_CONTEXT(2) 
PARAMETRIC_REPRESENTATION_CONTEXT() REPRESENTATION_CONTEXT('2D SPACE',''
  ) );
#3528 = ADVANCED_FACE('',(#3529),#2406,.F.);
#3529 = FACE_BOUND('',#3530,.F.);
#3530 = EDGE_LOOP('',(#3531,#3532,#3533,#3554));
#3531 = ORIENTED_EDGE('',*,*,#2392,.F.);
#3532 = ORIENTED_EDGE('',*,*,#2657,.T.);
#3533 = ORIENTED_EDGE('',*,*,#3534,.T.);
#3534 = EDGE_CURVE('',#2658,#2842,#3535,.T.);
#3535 = SURFACE_CURVE('',#3536,(#3540,#3547),.PCURVE_S1.);
#3536 = LINE('',#3537,#3538);
#3537 = CARTESIAN_POINT('',(-68.64684210526,25.4,3.81));
#3538 = VECTOR('',#3539,25.4);
#3539 = DIRECTION('',(0.,0.,1.));
#3540 = PCURVE('',#2406,#3541);
#3541 = DEFINITIONAL_REPRESENTATION('',(#3542),#3546);
#3542 = LINE('',#3543,#3544);
#3543 = CARTESIAN_POINT('',(0.,-12.7));
#3544 = VECTOR('',#3545,1.);
#3545 = DIRECTION('',(1.,0.));
#3546 = ( GEOMETRIC_REPRESENTATION_CONTEXT(2) 
PARAMETRIC_REPRESENTATION_CONTEXT() REPRESENTATION_CONTEXT('2D SPACE',''
  ) );
#3547 = PCURVE('',#2693,#3548);
#3548 = DEFINITIONAL_REPRESENTATION('',(#3549),#3553);
#3549 = LINE('',#3550,#3551);
#3550 = CARTESIAN_POINT('',(0.,0.));
#3551 = VECTOR('',#3552,1.);
#3552 = DIRECTION('',(1.,0.));
#3553 = ( GEOMETRIC_REPRESENTATION_CONTEXT(2) 
PARAMETRIC_REPRESENTATION_CONTEXT() REPRESENTATION_CONTEXT('2D SPACE',''
  ) );
#3554 = ORIENTED_EDGE('',*,*,#3508,.F.);
#3555 = ADVANCED_FACE('',(#3556),#2441,.T.);
#3556 = FACE_BOUND('',#3557,.F.);
#3557 = EDGE_LOOP('',(#3558,#3580,#3581,#3603));
#3558 = ORIENTED_EDGE('',*,*,#3559,.T.);
#3559 = EDGE_CURVE('',#3560,#2424,#3562,.T.);
#3560 = VERTEX_POINT('',#3561);
#3561 = CARTESIAN_POINT('',(-102.3983298697,97.209615005626,5.588));
#3562 = SURFACE_CURVE('',#3563,(#3568,#3574),.PCURVE_S1.);
#3563 = CIRCLE('',#3564,0.762);
#3564 = AXIS2_PLACEMENT_3D('',#3565,#3566,#3567);
#3565 = CARTESIAN_POINT('',(-101.6568426906,97.385230390142,5.588));
#3566 = DIRECTION('',(-0.230466383879,0.97308028749,0.));
#3567 = DIRECTION('',(-0.97308028749,-0.230466383879,0.));
#3568 = PCURVE('',#2441,#3569);
#3569 = DEFINITIONAL_REPRESENTATION('',(#3570),#3573);
#3570 = B_SPLINE_CURVE_WITH_KNOTS('',1,(#3571,#3572),.UNSPECIFIED.,.F.,
  .F.,(2,2),(0.,1.570796326795),.PIECEWISE_BEZIER_KNOTS.);
#3571 = CARTESIAN_POINT('',(0.,3.29286455466E-14));
#3572 = CARTESIAN_POINT('',(-1.570796326795,3.29286455466E-14));
#3573 = ( GEOMETRIC_REPRESENTATION_CONTEXT(2) 
PARAMETRIC_REPRESENTATION_CONTEXT() REPRESENTATION_CONTEXT('2D SPACE',''
  ) );
#3574 = PCURVE('',#2639,#3575);
#3575 = DEFINITIONAL_REPRESENTATION('',(#3576),#3579);
#3576 = B_SPLINE_CURVE_WITH_KNOTS('',1,(#3577,#3578),.UNSPECIFIED.,.F.,
  .F.,(2,2),(0.,1.570796326795),.PIECEWISE_BEZIER_KNOTS.);
#3577 = CARTESIAN_POINT('',(1.8033532686,0.));
#3578 = CARTESIAN_POINT('',(1.8033532686,1.570796326795));
#3579 = ( GEOMETRIC_REPRESENTATION_CONTEXT(2) 
PARAMETRIC_REPRESENTATION_CONTEXT() REPRESENTATION_CONTEXT('2D SPACE',''
  ) );
#3580 = ORIENTED_EDGE('',*,*,#2423,.T.);
#3581 = ORIENTED_EDGE('',*,*,#3582,.F.);
#3582 = EDGE_CURVE('',#3583,#2426,#3585,.T.);
#3583 = VERTEX_POINT('',#3584);
#3584 = CARTESIAN_POINT('',(-53.11467624475,-110.8769225221,5.588));
#3585 = SURFACE_CURVE('',#3586,(#3591,#3597),.PCURVE_S1.);
#3586 = CIRCLE('',#3587,0.762);
#3587 = AXIS2_PLACEMENT_3D('',#3588,#3589,#3590);
#3588 = CARTESIAN_POINT('',(-52.37318906569,-110.7013071376,5.588));
#3589 = DIRECTION('',(-0.230466383879,0.97308028749,0.));
#3590 = DIRECTION('',(-0.97308028749,-0.230466383879,0.));
#3591 = PCURVE('',#2441,#3592);
#3592 = DEFINITIONAL_REPRESENTATION('',(#3593),#3596);
#3593 = B_SPLINE_CURVE_WITH_KNOTS('',1,(#3594,#3595),.UNSPECIFIED.,.F.,
  .F.,(2,2),(0.,1.570796326795),.PIECEWISE_BEZIER_KNOTS.);
#3594 = CARTESIAN_POINT('',(0.,213.84313319562));
#3595 = CARTESIAN_POINT('',(-1.570796326795,213.84313319562));
#3596 = ( GEOMETRIC_REPRESENTATION_CONTEXT(2) 
PARAMETRIC_REPRESENTATION_CONTEXT() REPRESENTATION_CONTEXT('2D SPACE',''
  ) );
#3597 = PCURVE('',#2470,#3598);
#3598 = DEFINITIONAL_REPRESENTATION('',(#3599),#3602);
#3599 = B_SPLINE_CURVE_WITH_KNOTS('',1,(#3600,#3601),.UNSPECIFIED.,.F.,
  .F.,(2,2),(0.,1.570796326795),.PIECEWISE_BEZIER_KNOTS.);
#3600 = CARTESIAN_POINT('',(0.,0.));
#3601 = CARTESIAN_POINT('',(0.,1.570796326795));
#3602 = ( GEOMETRIC_REPRESENTATION_CONTEXT(2) 
PARAMETRIC_REPRESENTATION_CONTEXT() REPRESENTATION_CONTEXT('2D SPACE',''
  ) );
#3603 = ORIENTED_EDGE('',*,*,#3604,.F.);
#3604 = EDGE_CURVE('',#3560,#3583,#3605,.T.);
#3605 = SURFACE_CURVE('',#3606,(#3610,#3617),.PCURVE_S1.);
#3606 = LINE('',#3607,#3608);
#3607 = CARTESIAN_POINT('',(-102.3983298697,97.209615005626,5.588));
#3608 = VECTOR('',#3609,25.4);
#3609 = DIRECTION('',(0.230466383879,-0.97308028749,0.));
#3610 = PCURVE('',#2441,#3611);
#3611 = DEFINITIONAL_REPRESENTATION('',(#3612),#3616);
#3612 = LINE('',#3613,#3614);
#3613 = CARTESIAN_POINT('',(-0.,0.));
#3614 = VECTOR('',#3615,1.);
#3615 = DIRECTION('',(-0.,1.));
#3616 = ( GEOMETRIC_REPRESENTATION_CONTEXT(2) 
PARAMETRIC_REPRESENTATION_CONTEXT() REPRESENTATION_CONTEXT('2D SPACE',''
  ) );
#3617 = PCURVE('',#3618,#3623);
#3618 = PLANE('',#3619);
#3619 = AXIS2_PLACEMENT_3D('',#3620,#3621,#3622);
#3620 = CARTESIAN_POINT('',(-102.3983298697,97.209615005626,0.));
#3621 = DIRECTION('',(0.97308028749,0.230466383879,-0.));
#3622 = DIRECTION('',(0.230466383879,-0.97308028749,0.));
#3623 = DEFINITIONAL_REPRESENTATION('',(#3624),#3628);
#3624 = LINE('',#3625,#3626);
#3625 = CARTESIAN_POINT('',(0.,-5.588));
#3626 = VECTOR('',#3627,1.);
#3627 = DIRECTION('',(1.,0.));
#3628 = ( GEOMETRIC_REPRESENTATION_CONTEXT(2) 
PARAMETRIC_REPRESENTATION_CONTEXT() REPRESENTATION_CONTEXT('2D SPACE',''
  ) );
#3629 = ADVANCED_FACE('',(#3630),#2639,.T.);
#3630 = FACE_BOUND('',#3631,.T.);
#3631 = EDGE_LOOP('',(#3632,#3654,#3681,#3682));
#3632 = ORIENTED_EDGE('',*,*,#3633,.F.);
#3633 = EDGE_CURVE('',#3634,#2597,#3636,.T.);
#3634 = VERTEX_POINT('',#3635);
#3635 = CARTESIAN_POINT('',(-83.86114878239,120.65,5.588));
#3636 = SURFACE_CURVE('',#3637,(#3642,#3648),.PCURVE_S1.);
#3637 = CIRCLE('',#3638,0.762);
#3638 = AXIS2_PLACEMENT_3D('',#3639,#3640,#3641);
#3639 = CARTESIAN_POINT('',(-83.86114878239,119.888,5.588));
#3640 = DIRECTION('',(1.,0.,-0.));
#3641 = DIRECTION('',(0.,1.,0.));
#3642 = PCURVE('',#2639,#3643);
#3643 = DEFINITIONAL_REPRESENTATION('',(#3644),#3647);
#3644 = B_SPLINE_CURVE_WITH_KNOTS('',1,(#3645,#3646),.UNSPECIFIED.,.F.,
  .F.,(2,2),(0.,1.570796326795),.PIECEWISE_BEZIER_KNOTS.);
#3645 = CARTESIAN_POINT('',(0.,0.));
#3646 = CARTESIAN_POINT('',(0.,1.570796326795));
#3647 = ( GEOMETRIC_REPRESENTATION_CONTEXT(2) 
PARAMETRIC_REPRESENTATION_CONTEXT() REPRESENTATION_CONTEXT('2D SPACE',''
  ) );
#3648 = PCURVE('',#2612,#3649);
#3649 = DEFINITIONAL_REPRESENTATION('',(#3650),#3653);
#3650 = B_SPLINE_CURVE_WITH_KNOTS('',1,(#3651,#3652),.UNSPECIFIED.,.F.,
  .F.,(2,2),(0.,1.570796326795),.PIECEWISE_BEZIER_KNOTS.);
#3651 = CARTESIAN_POINT('',(0.,167.72229926581));
#3652 = CARTESIAN_POINT('',(-1.570796326795,167.72229926581));
#3653 = ( GEOMETRIC_REPRESENTATION_CONTEXT(2) 
PARAMETRIC_REPRESENTATION_CONTEXT() REPRESENTATION_CONTEXT('2D SPACE',''
  ) );
#3654 = ORIENTED_EDGE('',*,*,#3655,.T.);
#3655 = EDGE_CURVE('',#3634,#3560,#3656,.T.);
#3656 = SURFACE_CURVE('',#3657,(#3662,#3669),.PCURVE_S1.);
#3657 = CIRCLE('',#3658,19.05);
#3658 = AXIS2_PLACEMENT_3D('',#3659,#3660,#3661);
#3659 = CARTESIAN_POINT('',(-83.86114878239,101.6,5.588));
#3660 = DIRECTION('',(0.,0.,1.));
#3661 = DIRECTION('',(0.,1.,-0.));
#3662 = PCURVE('',#2639,#3663);
#3663 = DEFINITIONAL_REPRESENTATION('',(#3664),#3668);
#3664 = LINE('',#3665,#3666);
#3665 = CARTESIAN_POINT('',(0.,0.));
#3666 = VECTOR('',#3667,1.);
#3667 = DIRECTION('',(1.,0.));
#3668 = ( GEOMETRIC_REPRESENTATION_CONTEXT(2) 
PARAMETRIC_REPRESENTATION_CONTEXT() REPRESENTATION_CONTEXT('2D SPACE',''
  ) );
#3669 = PCURVE('',#3670,#3675);
#3670 = CYLINDRICAL_SURFACE('',#3671,19.05);
#3671 = AXIS2_PLACEMENT_3D('',#3672,#3673,#3674);
#3672 = CARTESIAN_POINT('',(-83.86114878239,101.6,0.));
#3673 = DIRECTION('',(-0.,-0.,-1.));
#3674 = DIRECTION('',(1.,0.,0.));
#3675 = DEFINITIONAL_REPRESENTATION('',(#3676),#3680);
#3676 = LINE('',#3677,#3678);
#3677 = CARTESIAN_POINT('',(-1.570796326795,-5.588));
#3678 = VECTOR('',#3679,1.);
#3679 = DIRECTION('',(-1.,0.));
#3680 = ( GEOMETRIC_REPRESENTATION_CONTEXT(2) 
PARAMETRIC_REPRESENTATION_CONTEXT() REPRESENTATION_CONTEXT('2D SPACE',''
  ) );
#3681 = ORIENTED_EDGE('',*,*,#3559,.T.);
#3682 = ORIENTED_EDGE('',*,*,#2624,.F.);
#3683 = ADVANCED_FACE('',(#3684),#2470,.T.);
#3684 = FACE_BOUND('',#3685,.T.);
#3685 = EDGE_LOOP('',(#3686,#3687,#3716,#3736));
#3686 = ORIENTED_EDGE('',*,*,#3582,.F.);
#3687 = ORIENTED_EDGE('',*,*,#3688,.T.);
#3688 = EDGE_CURVE('',#3583,#3689,#3691,.T.);
#3689 = VERTEX_POINT('',#3690);
#3690 = CARTESIAN_POINT('',(-40.75655892906,-120.65,5.588));
#3691 = SURFACE_CURVE('',#3692,(#3697,#3704),.PCURVE_S1.);
#3692 = CIRCLE('',#3693,12.7);
#3693 = AXIS2_PLACEMENT_3D('',#3694,#3695,#3696);
#3694 = CARTESIAN_POINT('',(-40.75655892906,-107.95,5.588));
#3695 = DIRECTION('',(0.,0.,1.));
#3696 = DIRECTION('',(-0.97308028749,-0.230466383879,0.));
#3697 = PCURVE('',#2470,#3698);
#3698 = DEFINITIONAL_REPRESENTATION('',(#3699),#3703);
#3699 = LINE('',#3700,#3701);
#3700 = CARTESIAN_POINT('',(0.,0.));
#3701 = VECTOR('',#3702,1.);
#3702 = DIRECTION('',(1.,0.));
#3703 = ( GEOMETRIC_REPRESENTATION_CONTEXT(2) 
PARAMETRIC_REPRESENTATION_CONTEXT() REPRESENTATION_CONTEXT('2D SPACE',''
  ) );
#3704 = PCURVE('',#3705,#3710);
#3705 = CYLINDRICAL_SURFACE('',#3706,12.7);
#3706 = AXIS2_PLACEMENT_3D('',#3707,#3708,#3709);
#3707 = CARTESIAN_POINT('',(-40.75655892906,-107.95,0.));
#3708 = DIRECTION('',(-0.,-0.,-1.));
#3709 = DIRECTION('',(1.,0.,0.));
#3710 = DEFINITIONAL_REPRESENTATION('',(#3711),#3715);
#3711 = LINE('',#3712,#3713);
#3712 = CARTESIAN_POINT('',(-3.374149595395,-5.588));
#3713 = VECTOR('',#3714,1.);
#3714 = DIRECTION('',(-1.,0.));
#3715 = ( GEOMETRIC_REPRESENTATION_CONTEXT(2) 
PARAMETRIC_REPRESENTATION_CONTEXT() REPRESENTATION_CONTEXT('2D SPACE',''
  ) );
#3716 = ORIENTED_EDGE('',*,*,#3717,.T.);
#3717 = EDGE_CURVE('',#3689,#2454,#3718,.T.);
#3718 = SURFACE_CURVE('',#3719,(#3724,#3730),.PCURVE_S1.);
#3719 = CIRCLE('',#3720,0.762);
#3720 = AXIS2_PLACEMENT_3D('',#3721,#3722,#3723);
#3721 = CARTESIAN_POINT('',(-40.75655892906,-119.888,5.588));
#3722 = DIRECTION('',(-1.,-8.326672684689E-17,0.));
#3723 = DIRECTION('',(8.326672684689E-17,-1.,0.));
#3724 = PCURVE('',#2470,#3725);
#3725 = DEFINITIONAL_REPRESENTATION('',(#3726),#3729);
#3726 = B_SPLINE_CURVE_WITH_KNOTS('',1,(#3727,#3728),.UNSPECIFIED.,.F.,
  .F.,(2,2),(0.,1.570796326795),.PIECEWISE_BEZIER_KNOTS.);
#3727 = CARTESIAN_POINT('',(1.33823938499,0.));
#3728 = CARTESIAN_POINT('',(1.33823938499,1.570796326795));
#3729 = ( GEOMETRIC_REPRESENTATION_CONTEXT(2) 
PARAMETRIC_REPRESENTATION_CONTEXT() REPRESENTATION_CONTEXT('2D SPACE',''
  ) );
#3730 = PCURVE('',#2498,#3731);
#3731 = DEFINITIONAL_REPRESENTATION('',(#3732),#3735);
#3732 = B_SPLINE_CURVE_WITH_KNOTS('',1,(#3733,#3734),.UNSPECIFIED.,.F.,
  .F.,(2,2),(0.,1.570796326795),.PIECEWISE_BEZIER_KNOTS.);
#3733 = CARTESIAN_POINT('',(0.,5.639932965096E-15));
#3734 = CARTESIAN_POINT('',(-1.570796326795,5.639932965096E-15));
#3735 = ( GEOMETRIC_REPRESENTATION_CONTEXT(2) 
PARAMETRIC_REPRESENTATION_CONTEXT() REPRESENTATION_CONTEXT('2D SPACE',''
  ) );
#3736 = ORIENTED_EDGE('',*,*,#2453,.F.);
#3737 = ADVANCED_FACE('',(#3738),#2612,.T.);
#3738 = FACE_BOUND('',#3739,.F.);
#3739 = EDGE_LOOP('',(#3740,#3762,#3763,#3764));
#3740 = ORIENTED_EDGE('',*,*,#3741,.T.);
#3741 = EDGE_CURVE('',#3742,#2568,#3744,.T.);
#3742 = VERTEX_POINT('',#3743);
#3743 = CARTESIAN_POINT('',(83.861150483419,120.65,5.588));
#3744 = SURFACE_CURVE('',#3745,(#3750,#3756),.PCURVE_S1.);
#3745 = CIRCLE('',#3746,0.762);
#3746 = AXIS2_PLACEMENT_3D('',#3747,#3748,#3749);
#3747 = CARTESIAN_POINT('',(83.861150483419,119.888,5.588));
#3748 = DIRECTION('',(1.,-1.665334536938E-16,0.));
#3749 = DIRECTION('',(1.665334536938E-16,1.,0.));
#3750 = PCURVE('',#2612,#3751);
#3751 = DEFINITIONAL_REPRESENTATION('',(#3752),#3755);
#3752 = B_SPLINE_CURVE_WITH_KNOTS('',1,(#3753,#3754),.UNSPECIFIED.,.F.,
  .F.,(2,2),(0.,1.570796326795),.PIECEWISE_BEZIER_KNOTS.);
#3753 = CARTESIAN_POINT('',(0.,0.));
#3754 = CARTESIAN_POINT('',(-1.570796326795,0.));
#3755 = ( GEOMETRIC_REPRESENTATION_CONTEXT(2) 
PARAMETRIC_REPRESENTATION_CONTEXT() REPRESENTATION_CONTEXT('2D SPACE',''
  ) );
#3756 = PCURVE('',#2584,#3757);
#3757 = DEFINITIONAL_REPRESENTATION('',(#3758),#3761);
#3758 = B_SPLINE_CURVE_WITH_KNOTS('',1,(#3759,#3760),.UNSPECIFIED.,.F.,
  .F.,(2,2),(0.,1.570796326795),.PIECEWISE_BEZIER_KNOTS.);
#3759 = CARTESIAN_POINT('',(1.8033532686,0.));
#3760 = CARTESIAN_POINT('',(1.8033532686,1.570796326795));
#3761 = ( GEOMETRIC_REPRESENTATION_CONTEXT(2) 
PARAMETRIC_REPRESENTATION_CONTEXT() REPRESENTATION_CONTEXT('2D SPACE',''
  ) );
#3762 = ORIENTED_EDGE('',*,*,#2596,.T.);
#3763 = ORIENTED_EDGE('',*,*,#3633,.F.);
#3764 = ORIENTED_EDGE('',*,*,#3765,.F.);
#3765 = EDGE_CURVE('',#3742,#3634,#3766,.T.);
#3766 = SURFACE_CURVE('',#3767,(#3771,#3778),.PCURVE_S1.);
#3767 = LINE('',#3768,#3769);
#3768 = CARTESIAN_POINT('',(83.861150483419,120.65,5.588));
#3769 = VECTOR('',#3770,25.4);
#3770 = DIRECTION('',(-1.,0.,0.));
#3771 = PCURVE('',#2612,#3772);
#3772 = DEFINITIONAL_REPRESENTATION('',(#3773),#3777);
#3773 = LINE('',#3774,#3775);
#3774 = CARTESIAN_POINT('',(-0.,0.));
#3775 = VECTOR('',#3776,1.);
#3776 = DIRECTION('',(-0.,1.));
#3777 = ( GEOMETRIC_REPRESENTATION_CONTEXT(2) 
PARAMETRIC_REPRESENTATION_CONTEXT() REPRESENTATION_CONTEXT('2D SPACE',''
  ) );
#3778 = PCURVE('',#3779,#3784);
#3779 = PLANE('',#3780);
#3780 = AXIS2_PLACEMENT_3D('',#3781,#3782,#3783);
#3781 = CARTESIAN_POINT('',(83.861150483419,120.65,0.));
#3782 = DIRECTION('',(0.,-1.,0.));
#3783 = DIRECTION('',(-1.,0.,0.));
#3784 = DEFINITIONAL_REPRESENTATION('',(#3785),#3789);
#3785 = LINE('',#3786,#3787);
#3786 = CARTESIAN_POINT('',(0.,-5.588));
#3787 = VECTOR('',#3788,1.);
#3788 = DIRECTION('',(1.,0.));
#3789 = ( GEOMETRIC_REPRESENTATION_CONTEXT(2) 
PARAMETRIC_REPRESENTATION_CONTEXT() REPRESENTATION_CONTEXT('2D SPACE',''
  ) );
#3790 = ADVANCED_FACE('',(#3791),#2498,.T.);
#3791 = FACE_BOUND('',#3792,.F.);
#3792 = EDGE_LOOP('',(#3793,#3794,#3795,#3817));
#3793 = ORIENTED_EDGE('',*,*,#3717,.T.);
#3794 = ORIENTED_EDGE('',*,*,#2482,.T.);
#3795 = ORIENTED_EDGE('',*,*,#3796,.F.);
#3796 = EDGE_CURVE('',#3797,#2483,#3799,.T.);
#3797 = VERTEX_POINT('',#3798);
#3798 = CARTESIAN_POINT('',(40.756555942568,-120.65,5.588));
#3799 = SURFACE_CURVE('',#3800,(#3805,#3811),.PCURVE_S1.);
#3800 = CIRCLE('',#3801,0.762);
#3801 = AXIS2_PLACEMENT_3D('',#3802,#3803,#3804);
#3802 = CARTESIAN_POINT('',(40.756555942568,-119.888,5.588));
#3803 = DIRECTION('',(-1.,-0.,0.));
#3804 = DIRECTION('',(0.,-1.,0.));
#3805 = PCURVE('',#2498,#3806);
#3806 = DEFINITIONAL_REPRESENTATION('',(#3807),#3810);
#3807 = B_SPLINE_CURVE_WITH_KNOTS('',1,(#3808,#3809),.UNSPECIFIED.,.F.,
  .F.,(2,2),(0.,1.570796326795),.PIECEWISE_BEZIER_KNOTS.);
#3808 = CARTESIAN_POINT('',(0.,81.513114871637));
#3809 = CARTESIAN_POINT('',(-1.570796326795,81.513114871637));
#3810 = ( GEOMETRIC_REPRESENTATION_CONTEXT(2) 
PARAMETRIC_REPRESENTATION_CONTEXT() REPRESENTATION_CONTEXT('2D SPACE',''
  ) );
#3811 = PCURVE('',#2527,#3812);
#3812 = DEFINITIONAL_REPRESENTATION('',(#3813),#3816);
#3813 = B_SPLINE_CURVE_WITH_KNOTS('',1,(#3814,#3815),.UNSPECIFIED.,.F.,
  .F.,(2,2),(0.,1.570796326795),.PIECEWISE_BEZIER_KNOTS.);
#3814 = CARTESIAN_POINT('',(0.,0.));
#3815 = CARTESIAN_POINT('',(0.,1.570796326795));
#3816 = ( GEOMETRIC_REPRESENTATION_CONTEXT(2) 
PARAMETRIC_REPRESENTATION_CONTEXT() REPRESENTATION_CONTEXT('2D SPACE',''
  ) );
#3817 = ORIENTED_EDGE('',*,*,#3818,.F.);
#3818 = EDGE_CURVE('',#3689,#3797,#3819,.T.);
#3819 = SURFACE_CURVE('',#3820,(#3824,#3831),.PCURVE_S1.);
#3820 = LINE('',#3821,#3822);
#3821 = CARTESIAN_POINT('',(-40.75655892906,-120.65,5.588));
#3822 = VECTOR('',#3823,25.4);
#3823 = DIRECTION('',(1.,0.,0.));
#3824 = PCURVE('',#2498,#3825);
#3825 = DEFINITIONAL_REPRESENTATION('',(#3826),#3830);
#3826 = LINE('',#3827,#3828);
#3827 = CARTESIAN_POINT('',(-0.,0.));
#3828 = VECTOR('',#3829,1.);
#3829 = DIRECTION('',(-0.,1.));
#3830 = ( GEOMETRIC_REPRESENTATION_CONTEXT(2) 
PARAMETRIC_REPRESENTATION_CONTEXT() REPRESENTATION_CONTEXT('2D SPACE',''
  ) );
#3831 = PCURVE('',#3832,#3837);
#3832 = PLANE('',#3833);
#3833 = AXIS2_PLACEMENT_3D('',#3834,#3835,#3836);
#3834 = CARTESIAN_POINT('',(-40.75655892906,-120.65,0.));
#3835 = DIRECTION('',(0.,1.,0.));
#3836 = DIRECTION('',(1.,0.,0.));
#3837 = DEFINITIONAL_REPRESENTATION('',(#3838),#3842);
#3838 = LINE('',#3839,#3840);
#3839 = CARTESIAN_POINT('',(0.,-5.588));
#3840 = VECTOR('',#3841,1.);
#3841 = DIRECTION('',(1.,0.));
#3842 = ( GEOMETRIC_REPRESENTATION_CONTEXT(2) 
PARAMETRIC_REPRESENTATION_CONTEXT() REPRESENTATION_CONTEXT('2D SPACE',''
  ) );
#3843 = ADVANCED_FACE('',(#3844),#2584,.T.);
#3844 = FACE_BOUND('',#3845,.T.);
#3845 = EDGE_LOOP('',(#3846,#3868,#3895,#3896));
#3846 = ORIENTED_EDGE('',*,*,#3847,.F.);
#3847 = EDGE_CURVE('',#3848,#2540,#3850,.T.);
#3848 = VERTEX_POINT('',#3849);
#3849 = CARTESIAN_POINT('',(102.3983299601,97.209615387101,5.588));
#3850 = SURFACE_CURVE('',#3851,(#3856,#3862),.PCURVE_S1.);
#3851 = CIRCLE('',#3852,0.762);
#3852 = AXIS2_PLACEMENT_3D('',#3853,#3854,#3855);
#3853 = CARTESIAN_POINT('',(101.65684278103,97.385230771617,5.588));
#3854 = DIRECTION('',(-0.230466383879,-0.97308028749,0.));
#3855 = DIRECTION('',(0.97308028749,-0.230466383879,0.));
#3856 = PCURVE('',#2584,#3857);
#3857 = DEFINITIONAL_REPRESENTATION('',(#3858),#3861);
#3858 = B_SPLINE_CURVE_WITH_KNOTS('',1,(#3859,#3860),.UNSPECIFIED.,.F.,
  .F.,(2,2),(0.,1.570796326795),.PIECEWISE_BEZIER_KNOTS.);
#3859 = CARTESIAN_POINT('',(0.,0.));
#3860 = CARTESIAN_POINT('',(0.,1.570796326795));
#3861 = ( GEOMETRIC_REPRESENTATION_CONTEXT(2) 
PARAMETRIC_REPRESENTATION_CONTEXT() REPRESENTATION_CONTEXT('2D SPACE',''
  ) );
#3862 = PCURVE('',#2555,#3863);
#3863 = DEFINITIONAL_REPRESENTATION('',(#3864),#3867);
#3864 = B_SPLINE_CURVE_WITH_KNOTS('',1,(#3865,#3866),.UNSPECIFIED.,.F.,
  .F.,(2,2),(0.,1.570796326795),.PIECEWISE_BEZIER_KNOTS.);
#3865 = CARTESIAN_POINT('',(0.,213.84313427594));
#3866 = CARTESIAN_POINT('',(-1.570796326795,213.84313427594));
#3867 = ( GEOMETRIC_REPRESENTATION_CONTEXT(2) 
PARAMETRIC_REPRESENTATION_CONTEXT() REPRESENTATION_CONTEXT('2D SPACE',''
  ) );
#3868 = ORIENTED_EDGE('',*,*,#3869,.T.);
#3869 = EDGE_CURVE('',#3848,#3742,#3870,.T.);
#3870 = SURFACE_CURVE('',#3871,(#3876,#3883),.PCURVE_S1.);
#3871 = CIRCLE('',#3872,19.05);
#3872 = AXIS2_PLACEMENT_3D('',#3873,#3874,#3875);
#3873 = CARTESIAN_POINT('',(83.861150483419,101.6,5.588));
#3874 = DIRECTION('',(0.,0.,1.));
#3875 = DIRECTION('',(0.97308028749,-0.230466383879,0.));
#3876 = PCURVE('',#2584,#3877);
#3877 = DEFINITIONAL_REPRESENTATION('',(#3878),#3882);
#3878 = LINE('',#3879,#3880);
#3879 = CARTESIAN_POINT('',(0.,0.));
#3880 = VECTOR('',#3881,1.);
#3881 = DIRECTION('',(1.,0.));
#3882 = ( GEOMETRIC_REPRESENTATION_CONTEXT(2) 
PARAMETRIC_REPRESENTATION_CONTEXT() REPRESENTATION_CONTEXT('2D SPACE',''
  ) );
#3883 = PCURVE('',#3884,#3889);
#3884 = CYLINDRICAL_SURFACE('',#3885,19.05);
#3885 = AXIS2_PLACEMENT_3D('',#3886,#3887,#3888);
#3886 = CARTESIAN_POINT('',(83.861150483419,101.6,0.));
#3887 = DIRECTION('',(-0.,-0.,-1.));
#3888 = DIRECTION('',(1.,0.,0.));
#3889 = DEFINITIONAL_REPRESENTATION('',(#3890),#3894);
#3890 = LINE('',#3891,#3892);
#3891 = CARTESIAN_POINT('',(-6.050628365375,-5.588));
#3892 = VECTOR('',#3893,1.);
#3893 = DIRECTION('',(-1.,0.));
#3894 = ( GEOMETRIC_REPRESENTATION_CONTEXT(2) 
PARAMETRIC_REPRESENTATION_CONTEXT() REPRESENTATION_CONTEXT('2D SPACE',''
  ) );
#3895 = ORIENTED_EDGE('',*,*,#3741,.T.);
#3896 = ORIENTED_EDGE('',*,*,#2567,.F.);
#3897 = ADVANCED_FACE('',(#3898),#2527,.T.);
#3898 = FACE_BOUND('',#3899,.T.);
#3899 = EDGE_LOOP('',(#3900,#3901,#3930,#3950));
#3900 = ORIENTED_EDGE('',*,*,#3796,.F.);
#3901 = ORIENTED_EDGE('',*,*,#3902,.T.);
#3902 = EDGE_CURVE('',#3797,#3903,#3905,.T.);
#3903 = VERTEX_POINT('',#3904);
#3904 = CARTESIAN_POINT('',(53.114675593691,-110.8769230752,5.588));
#3905 = SURFACE_CURVE('',#3906,(#3911,#3918),.PCURVE_S1.);
#3906 = CIRCLE('',#3907,12.7);
#3907 = AXIS2_PLACEMENT_3D('',#3908,#3909,#3910);
#3908 = CARTESIAN_POINT('',(40.756555942568,-107.95,5.588));
#3909 = DIRECTION('',(0.,0.,1.));
#3910 = DIRECTION('',(0.,-1.,0.));
#3911 = PCURVE('',#2527,#3912);
#3912 = DEFINITIONAL_REPRESENTATION('',(#3913),#3917);
#3913 = LINE('',#3914,#3915);
#3914 = CARTESIAN_POINT('',(0.,0.));
#3915 = VECTOR('',#3916,1.);
#3916 = DIRECTION('',(1.,0.));
#3917 = ( GEOMETRIC_REPRESENTATION_CONTEXT(2) 
PARAMETRIC_REPRESENTATION_CONTEXT() REPRESENTATION_CONTEXT('2D SPACE',''
  ) );
#3918 = PCURVE('',#3919,#3924);
#3919 = CYLINDRICAL_SURFACE('',#3920,12.7);
#3920 = AXIS2_PLACEMENT_3D('',#3921,#3922,#3923);
#3921 = CARTESIAN_POINT('',(40.756555942568,-107.95,0.));
#3922 = DIRECTION('',(-0.,-0.,-1.));
#3923 = DIRECTION('',(1.,0.,0.));
#3924 = DEFINITIONAL_REPRESENTATION('',(#3925),#3929);
#3925 = LINE('',#3926,#3927);
#3926 = CARTESIAN_POINT('',(-4.712388980385,-5.588));
#3927 = VECTOR('',#3928,1.);
#3928 = DIRECTION('',(-1.,0.));
#3929 = ( GEOMETRIC_REPRESENTATION_CONTEXT(2) 
PARAMETRIC_REPRESENTATION_CONTEXT() REPRESENTATION_CONTEXT('2D SPACE',''
  ) );
#3930 = ORIENTED_EDGE('',*,*,#3931,.T.);
#3931 = EDGE_CURVE('',#3903,#2511,#3932,.T.);
#3932 = SURFACE_CURVE('',#3933,(#3938,#3944),.PCURVE_S1.);
#3933 = CIRCLE('',#3934,0.762);
#3934 = AXIS2_PLACEMENT_3D('',#3935,#3936,#3937);
#3935 = CARTESIAN_POINT('',(52.373188414624,-110.7013076907,5.588));
#3936 = DIRECTION('',(-0.230466383879,-0.97308028749,0.));
#3937 = DIRECTION('',(0.97308028749,-0.230466383879,0.));
#3938 = PCURVE('',#2527,#3939);
#3939 = DEFINITIONAL_REPRESENTATION('',(#3940),#3943);
#3940 = B_SPLINE_CURVE_WITH_KNOTS('',1,(#3941,#3942),.UNSPECIFIED.,.F.,
  .F.,(2,2),(0.,1.570796326795),.PIECEWISE_BEZIER_KNOTS.);
#3941 = CARTESIAN_POINT('',(1.33823938499,0.));
#3942 = CARTESIAN_POINT('',(1.33823938499,1.570796326795));
#3943 = ( GEOMETRIC_REPRESENTATION_CONTEXT(2) 
PARAMETRIC_REPRESENTATION_CONTEXT() REPRESENTATION_CONTEXT('2D SPACE',''
  ) );
#3944 = PCURVE('',#2555,#3945);
#3945 = DEFINITIONAL_REPRESENTATION('',(#3946),#3949);
#3946 = B_SPLINE_CURVE_WITH_KNOTS('',1,(#3947,#3948),.UNSPECIFIED.,.F.,
  .F.,(2,2),(0.,1.570796326795),.PIECEWISE_BEZIER_KNOTS.);
#3947 = CARTESIAN_POINT('',(0.,2.19524303644E-14));
#3948 = CARTESIAN_POINT('',(-1.570796326795,2.19524303644E-14));
#3949 = ( GEOMETRIC_REPRESENTATION_CONTEXT(2) 
PARAMETRIC_REPRESENTATION_CONTEXT() REPRESENTATION_CONTEXT('2D SPACE',''
  ) );
#3950 = ORIENTED_EDGE('',*,*,#2510,.F.);
#3951 = ADVANCED_FACE('',(#3952),#2555,.T.);
#3952 = FACE_BOUND('',#3953,.F.);
#3953 = EDGE_LOOP('',(#3954,#3955,#3956,#3957));
#3954 = ORIENTED_EDGE('',*,*,#3931,.T.);
#3955 = ORIENTED_EDGE('',*,*,#2539,.T.);
#3956 = ORIENTED_EDGE('',*,*,#3847,.F.);
#3957 = ORIENTED_EDGE('',*,*,#3958,.F.);
#3958 = EDGE_CURVE('',#3903,#3848,#3959,.T.);
#3959 = SURFACE_CURVE('',#3960,(#3964,#3971),.PCURVE_S1.);
#3960 = LINE('',#3961,#3962);
#3961 = CARTESIAN_POINT('',(53.11467608613,-110.8769231918,5.588));
#3962 = VECTOR('',#3963,25.4);
#3963 = DIRECTION('',(0.230466383879,0.97308028749,0.));
#3964 = PCURVE('',#2555,#3965);
#3965 = DEFINITIONAL_REPRESENTATION('',(#3966),#3970);
#3966 = LINE('',#3967,#3968);
#3967 = CARTESIAN_POINT('',(-0.,0.));
#3968 = VECTOR('',#3969,1.);
#3969 = DIRECTION('',(-0.,1.));
#3970 = ( GEOMETRIC_REPRESENTATION_CONTEXT(2) 
PARAMETRIC_REPRESENTATION_CONTEXT() REPRESENTATION_CONTEXT('2D SPACE',''
  ) );
#3971 = PCURVE('',#3972,#3977);
#3972 = PLANE('',#3973);
#3973 = AXIS2_PLACEMENT_3D('',#3974,#3975,#3976);
#3974 = CARTESIAN_POINT('',(53.11467608613,-110.8769231918,0.));
#3975 = DIRECTION('',(-0.97308028749,0.230466383879,0.));
#3976 = DIRECTION('',(0.230466383879,0.97308028749,0.));
#3977 = DEFINITIONAL_REPRESENTATION('',(#3978),#3982);
#3978 = LINE('',#3979,#3980);
#3979 = CARTESIAN_POINT('',(0.,-5.588));
#3980 = VECTOR('',#3981,1.);
#3981 = DIRECTION('',(1.,0.));
#3982 = ( GEOMETRIC_REPRESENTATION_CONTEXT(2) 
PARAMETRIC_REPRESENTATION_CONTEXT() REPRESENTATION_CONTEXT('2D SPACE',''
  ) );
#3983 = ADVANCED_FACE('',(#3984),#2808,.T.);
#3984 = FACE_BOUND('',#3985,.T.);
#3985 = EDGE_LOOP('',(#3986,#3987,#3988,#4009));
#3986 = ORIENTED_EDGE('',*,*,#3397,.F.);
#3987 = ORIENTED_EDGE('',*,*,#2793,.T.);
#3988 = ORIENTED_EDGE('',*,*,#3989,.T.);
#3989 = EDGE_CURVE('',#2768,#3074,#3990,.T.);
#3990 = SURFACE_CURVE('',#3991,(#3995,#4002),.PCURVE_S1.);
#3991 = LINE('',#3992,#3993);
#3992 = CARTESIAN_POINT('',(68.646842105263,25.4,3.81));
#3993 = VECTOR('',#3994,25.4);
#3994 = DIRECTION('',(0.,0.,1.));
#3995 = PCURVE('',#2808,#3996);
#3996 = DEFINITIONAL_REPRESENTATION('',(#3997),#4001);
#3997 = LINE('',#3998,#3999);
#3998 = CARTESIAN_POINT('',(0.,-12.7));
#3999 = VECTOR('',#4000,1.);
#4000 = DIRECTION('',(1.,0.));
#4001 = ( GEOMETRIC_REPRESENTATION_CONTEXT(2) 
PARAMETRIC_REPRESENTATION_CONTEXT() REPRESENTATION_CONTEXT('2D SPACE',''
  ) );
#4002 = PCURVE('',#2782,#4003);
#4003 = DEFINITIONAL_REPRESENTATION('',(#4004),#4008);
#4004 = LINE('',#4005,#4006);
#4005 = CARTESIAN_POINT('',(0.,137.29368421052));
#4006 = VECTOR('',#4007,1.);
#4007 = DIRECTION('',(1.,0.));
#4008 = ( GEOMETRIC_REPRESENTATION_CONTEXT(2) 
PARAMETRIC_REPRESENTATION_CONTEXT() REPRESENTATION_CONTEXT('2D SPACE',''
  ) );
#4009 = ORIENTED_EDGE('',*,*,#4010,.F.);
#4010 = EDGE_CURVE('',#3342,#3074,#4011,.T.);
#4011 = SURFACE_CURVE('',#4012,(#4016,#4023),.PCURVE_S1.);
#4012 = LINE('',#4013,#4014);
#4013 = CARTESIAN_POINT('',(68.646842105263,12.7,11.145701164033));
#4014 = VECTOR('',#4015,25.4);
#4015 = DIRECTION('',(0.,1.,0.));
#4016 = PCURVE('',#2808,#4017);
#4017 = DEFINITIONAL_REPRESENTATION('',(#4018),#4022);
#4018 = LINE('',#4019,#4020);
#4019 = CARTESIAN_POINT('',(7.335701164033,0.));
#4020 = VECTOR('',#4021,1.);
#4021 = DIRECTION('',(0.,-1.));
#4022 = ( GEOMETRIC_REPRESENTATION_CONTEXT(2) 
PARAMETRIC_REPRESENTATION_CONTEXT() REPRESENTATION_CONTEXT('2D SPACE',''
  ) );
#4023 = PCURVE('',#3139,#4024);
#4024 = DEFINITIONAL_REPRESENTATION('',(#4025),#4029);
#4025 = LINE('',#4026,#4027);
#4026 = CARTESIAN_POINT('',(-0.,0.));
#4027 = VECTOR('',#4028,1.);
#4028 = DIRECTION('',(-0.,1.));
#4029 = ( GEOMETRIC_REPRESENTATION_CONTEXT(2) 
PARAMETRIC_REPRESENTATION_CONTEXT() REPRESENTATION_CONTEXT('2D SPACE',''
  ) );
#4030 = ADVANCED_FACE('',(#4031),#2782,.T.);
#4031 = FACE_BOUND('',#4032,.T.);
#4032 = EDGE_LOOP('',(#4033,#4034,#4035,#4036));
#4033 = ORIENTED_EDGE('',*,*,#3989,.F.);
#4034 = ORIENTED_EDGE('',*,*,#2767,.T.);
#4035 = ORIENTED_EDGE('',*,*,#3050,.T.);
#4036 = ORIENTED_EDGE('',*,*,#3073,.T.);
#4037 = ADVANCED_FACE('',(#4038),#2693,.T.);
#4038 = FACE_BOUND('',#4039,.T.);
#4039 = EDGE_LOOP('',(#4040,#4041,#4042,#4043));
#4040 = ORIENTED_EDGE('',*,*,#2678,.T.);
#4041 = ORIENTED_EDGE('',*,*,#3534,.T.);
#4042 = ORIENTED_EDGE('',*,*,#2841,.T.);
#4043 = ORIENTED_EDGE('',*,*,#2945,.F.);
#4044 = ADVANCED_FACE('',(#4045),#3139,.T.);
#4045 = FACE_BOUND('',#4046,.F.);
#4046 = EDGE_LOOP('',(#4047,#4048,#4049,#4050));
#4047 = ORIENTED_EDGE('',*,*,#3366,.T.);
#4048 = ORIENTED_EDGE('',*,*,#3182,.T.);
#4049 = ORIENTED_EDGE('',*,*,#3121,.F.);
#4050 = ORIENTED_EDGE('',*,*,#4010,.F.);
#4051 = ADVANCED_FACE('',(#4052),#3253,.T.);
#4052 = FACE_BOUND('',#4053,.F.);
#4053 = EDGE_LOOP('',(#4054,#4055,#4056,#4057));
#4054 = ORIENTED_EDGE('',*,*,#3292,.F.);
#4055 = ORIENTED_EDGE('',*,*,#3473,.T.);
#4056 = ORIENTED_EDGE('',*,*,#3316,.T.);
#4057 = ORIENTED_EDGE('',*,*,#3232,.F.);
#4058 = ADVANCED_FACE('',(#4059),#3618,.F.);
#4059 = FACE_BOUND('',#4060,.F.);
#4060 = EDGE_LOOP('',(#4061,#4084,#4085,#4108));
#4061 = ORIENTED_EDGE('',*,*,#4062,.T.);
#4062 = EDGE_CURVE('',#4063,#3560,#4065,.T.);
#4063 = VERTEX_POINT('',#4064);
#4064 = CARTESIAN_POINT('',(-102.3983290644,97.209615196363,0.));
#4065 = SURFACE_CURVE('',#4066,(#4070,#4077),.PCURVE_S1.);
#4066 = LINE('',#4067,#4068);
#4067 = CARTESIAN_POINT('',(-102.3983290644,97.209615196363,0.));
#4068 = VECTOR('',#4069,25.4);
#4069 = DIRECTION('',(0.,0.,1.));
#4070 = PCURVE('',#3618,#4071);
#4071 = DEFINITIONAL_REPRESENTATION('',(#4072),#4076);
#4072 = LINE('',#4073,#4074);
#4073 = CARTESIAN_POINT('',(3.29286455466E-14,0.));
#4074 = VECTOR('',#4075,1.);
#4075 = DIRECTION('',(0.,-1.));
#4076 = ( GEOMETRIC_REPRESENTATION_CONTEXT(2) 
PARAMETRIC_REPRESENTATION_CONTEXT() REPRESENTATION_CONTEXT('2D SPACE',''
  ) );
#4077 = PCURVE('',#3670,#4078);
#4078 = DEFINITIONAL_REPRESENTATION('',(#4079),#4083);
#4079 = LINE('',#4080,#4081);
#4080 = CARTESIAN_POINT('',(-3.374149595395,0.));
#4081 = VECTOR('',#4082,1.);
#4082 = DIRECTION('',(-0.,-1.));
#4083 = ( GEOMETRIC_REPRESENTATION_CONTEXT(2) 
PARAMETRIC_REPRESENTATION_CONTEXT() REPRESENTATION_CONTEXT('2D SPACE',''
  ) );
#4084 = ORIENTED_EDGE('',*,*,#3604,.T.);
#4085 = ORIENTED_EDGE('',*,*,#4086,.F.);
#4086 = EDGE_CURVE('',#4087,#3583,#4089,.T.);
#4087 = VERTEX_POINT('',#4088);
#4088 = CARTESIAN_POINT('',(-53.11467741247,-110.8769227987,0.));
#4089 = SURFACE_CURVE('',#4090,(#4094,#4101),.PCURVE_S1.);
#4090 = LINE('',#4091,#4092);
#4091 = CARTESIAN_POINT('',(-53.11467741247,-110.8769227987,0.));
#4092 = VECTOR('',#4093,25.4);
#4093 = DIRECTION('',(0.,0.,1.));
#4094 = PCURVE('',#3618,#4095);
#4095 = DEFINITIONAL_REPRESENTATION('',(#4096),#4100);
#4096 = LINE('',#4097,#4098);
#4097 = CARTESIAN_POINT('',(213.84313319562,0.));
#4098 = VECTOR('',#4099,1.);
#4099 = DIRECTION('',(0.,-1.));
#4100 = ( GEOMETRIC_REPRESENTATION_CONTEXT(2) 
PARAMETRIC_REPRESENTATION_CONTEXT() REPRESENTATION_CONTEXT('2D SPACE',''
  ) );
#4101 = PCURVE('',#3705,#4102);
#4102 = DEFINITIONAL_REPRESENTATION('',(#4103),#4107);
#4103 = LINE('',#4104,#4105);
#4104 = CARTESIAN_POINT('',(-3.374149595395,0.));
#4105 = VECTOR('',#4106,1.);
#4106 = DIRECTION('',(-0.,-1.));
#4107 = ( GEOMETRIC_REPRESENTATION_CONTEXT(2) 
PARAMETRIC_REPRESENTATION_CONTEXT() REPRESENTATION_CONTEXT('2D SPACE',''
  ) );
#4108 = ORIENTED_EDGE('',*,*,#4109,.F.);
#4109 = EDGE_CURVE('',#4063,#4087,#4110,.T.);
#4110 = SURFACE_CURVE('',#4111,(#4115,#4122),.PCURVE_S1.);
#4111 = LINE('',#4112,#4113);
#4112 = CARTESIAN_POINT('',(-107.95,120.65,0.));
#4113 = VECTOR('',#4114,25.4);
#4114 = DIRECTION('',(0.230466383879,-0.97308028749,0.));
#4115 = PCURVE('',#3618,#4116);
#4116 = DEFINITIONAL_REPRESENTATION('',(#4117),#4121);
#4117 = LINE('',#4118,#4119);
#4118 = CARTESIAN_POINT('',(-24.08884990861,-0.));
#4119 = VECTOR('',#4120,1.);
#4120 = DIRECTION('',(1.,0.));
#4121 = ( GEOMETRIC_REPRESENTATION_CONTEXT(2) 
PARAMETRIC_REPRESENTATION_CONTEXT() REPRESENTATION_CONTEXT('2D SPACE',''
  ) );
#4122 = PCURVE('',#4123,#4128);
#4123 = PLANE('',#4124);
#4124 = AXIS2_PLACEMENT_3D('',#4125,#4126,#4127);
#4125 = CARTESIAN_POINT('',(1.347213489546E-07,14.241157652543,0.));
#4126 = DIRECTION('',(0.,0.,1.));
#4127 = DIRECTION('',(1.,0.,0.));
#4128 = DEFINITIONAL_REPRESENTATION('',(#4129),#4133);
#4129 = LINE('',#4130,#4131);
#4130 = CARTESIAN_POINT('',(-107.9500001347,106.40884234745));
#4131 = VECTOR('',#4132,1.);
#4132 = DIRECTION('',(0.230466383879,-0.97308028749));
#4133 = ( GEOMETRIC_REPRESENTATION_CONTEXT(2) 
PARAMETRIC_REPRESENTATION_CONTEXT() REPRESENTATION_CONTEXT('2D SPACE',''
  ) );
#4134 = ADVANCED_FACE('',(#4135),#3670,.T.);
#4135 = FACE_BOUND('',#4136,.F.);
#4136 = EDGE_LOOP('',(#4137,#4160,#4161,#4162));
#4137 = ORIENTED_EDGE('',*,*,#4138,.T.);
#4138 = EDGE_CURVE('',#4139,#3634,#4141,.T.);
#4139 = VERTEX_POINT('',#4140);
#4140 = CARTESIAN_POINT('',(-83.86114878239,120.65,0.));
#4141 = SURFACE_CURVE('',#4142,(#4146,#4153),.PCURVE_S1.);
#4142 = LINE('',#4143,#4144);
#4143 = CARTESIAN_POINT('',(-83.86114878239,120.65,0.));
#4144 = VECTOR('',#4145,25.4);
#4145 = DIRECTION('',(0.,0.,1.));
#4146 = PCURVE('',#3670,#4147);
#4147 = DEFINITIONAL_REPRESENTATION('',(#4148),#4152);
#4148 = LINE('',#4149,#4150);
#4149 = CARTESIAN_POINT('',(-1.570796326795,0.));
#4150 = VECTOR('',#4151,1.);
#4151 = DIRECTION('',(-0.,-1.));
#4152 = ( GEOMETRIC_REPRESENTATION_CONTEXT(2) 
PARAMETRIC_REPRESENTATION_CONTEXT() REPRESENTATION_CONTEXT('2D SPACE',''
  ) );
#4153 = PCURVE('',#3779,#4154);
#4154 = DEFINITIONAL_REPRESENTATION('',(#4155),#4159);
#4155 = LINE('',#4156,#4157);
#4156 = CARTESIAN_POINT('',(167.72229926581,0.));
#4157 = VECTOR('',#4158,1.);
#4158 = DIRECTION('',(0.,-1.));
#4159 = ( GEOMETRIC_REPRESENTATION_CONTEXT(2) 
PARAMETRIC_REPRESENTATION_CONTEXT() REPRESENTATION_CONTEXT('2D SPACE',''
  ) );
#4160 = ORIENTED_EDGE('',*,*,#3655,.T.);
#4161 = ORIENTED_EDGE('',*,*,#4062,.F.);
#4162 = ORIENTED_EDGE('',*,*,#4163,.F.);
#4163 = EDGE_CURVE('',#4139,#4063,#4164,.T.);
#4164 = SURFACE_CURVE('',#4165,(#4170,#4177),.PCURVE_S1.);
#4165 = CIRCLE('',#4166,19.05);
#4166 = AXIS2_PLACEMENT_3D('',#4167,#4168,#4169);
#4167 = CARTESIAN_POINT('',(-83.86114878239,101.6,0.));
#4168 = DIRECTION('',(0.,0.,1.));
#4169 = DIRECTION('',(1.,0.,0.));
#4170 = PCURVE('',#3670,#4171);
#4171 = DEFINITIONAL_REPRESENTATION('',(#4172),#4176);
#4172 = LINE('',#4173,#4174);
#4173 = CARTESIAN_POINT('',(-0.,0.));
#4174 = VECTOR('',#4175,1.);
#4175 = DIRECTION('',(-1.,0.));
#4176 = ( GEOMETRIC_REPRESENTATION_CONTEXT(2) 
PARAMETRIC_REPRESENTATION_CONTEXT() REPRESENTATION_CONTEXT('2D SPACE',''
  ) );
#4177 = PCURVE('',#4123,#4178);
#4178 = DEFINITIONAL_REPRESENTATION('',(#4179),#4183);
#4179 = CIRCLE('',#4180,19.05);
#4180 = AXIS2_PLACEMENT_2D('',#4181,#4182);
#4181 = CARTESIAN_POINT('',(-83.86114891711,87.358842347457));
#4182 = DIRECTION('',(1.,0.));
#4183 = ( GEOMETRIC_REPRESENTATION_CONTEXT(2) 
PARAMETRIC_REPRESENTATION_CONTEXT() REPRESENTATION_CONTEXT('2D SPACE',''
  ) );
#4184 = ADVANCED_FACE('',(#4185),#3705,.T.);
#4185 = FACE_BOUND('',#4186,.F.);
#4186 = EDGE_LOOP('',(#4187,#4188,#4189,#4212));
#4187 = ORIENTED_EDGE('',*,*,#4086,.T.);
#4188 = ORIENTED_EDGE('',*,*,#3688,.T.);
#4189 = ORIENTED_EDGE('',*,*,#4190,.F.);
#4190 = EDGE_CURVE('',#4191,#3689,#4193,.T.);
#4191 = VERTEX_POINT('',#4192);
#4192 = CARTESIAN_POINT('',(-40.75655892906,-120.65,0.));
#4193 = SURFACE_CURVE('',#4194,(#4198,#4205),.PCURVE_S1.);
#4194 = LINE('',#4195,#4196);
#4195 = CARTESIAN_POINT('',(-40.75655892906,-120.65,0.));
#4196 = VECTOR('',#4197,25.4);
#4197 = DIRECTION('',(0.,0.,1.));
#4198 = PCURVE('',#3705,#4199);
#4199 = DEFINITIONAL_REPRESENTATION('',(#4200),#4204);
#4200 = LINE('',#4201,#4202);
#4201 = CARTESIAN_POINT('',(-4.712388980385,0.));
#4202 = VECTOR('',#4203,1.);
#4203 = DIRECTION('',(-0.,-1.));
#4204 = ( GEOMETRIC_REPRESENTATION_CONTEXT(2) 
PARAMETRIC_REPRESENTATION_CONTEXT() REPRESENTATION_CONTEXT('2D SPACE',''
  ) );
#4205 = PCURVE('',#3832,#4206);
#4206 = DEFINITIONAL_REPRESENTATION('',(#4207),#4211);
#4207 = LINE('',#4208,#4209);
#4208 = CARTESIAN_POINT('',(5.639932965096E-15,0.));
#4209 = VECTOR('',#4210,1.);
#4210 = DIRECTION('',(0.,-1.));
#4211 = ( GEOMETRIC_REPRESENTATION_CONTEXT(2) 
PARAMETRIC_REPRESENTATION_CONTEXT() REPRESENTATION_CONTEXT('2D SPACE',''
  ) );
#4212 = ORIENTED_EDGE('',*,*,#4213,.F.);
#4213 = EDGE_CURVE('',#4087,#4191,#4214,.T.);
#4214 = SURFACE_CURVE('',#4215,(#4220,#4227),.PCURVE_S1.);
#4215 = CIRCLE('',#4216,12.7);
#4216 = AXIS2_PLACEMENT_3D('',#4217,#4218,#4219);
#4217 = CARTESIAN_POINT('',(-40.75655892906,-107.95,0.));
#4218 = DIRECTION('',(0.,0.,1.));
#4219 = DIRECTION('',(1.,0.,0.));
#4220 = PCURVE('',#3705,#4221);
#4221 = DEFINITIONAL_REPRESENTATION('',(#4222),#4226);
#4222 = LINE('',#4223,#4224);
#4223 = CARTESIAN_POINT('',(-0.,0.));
#4224 = VECTOR('',#4225,1.);
#4225 = DIRECTION('',(-1.,0.));
#4226 = ( GEOMETRIC_REPRESENTATION_CONTEXT(2) 
PARAMETRIC_REPRESENTATION_CONTEXT() REPRESENTATION_CONTEXT('2D SPACE',''
  ) );
#4227 = PCURVE('',#4123,#4228);
#4228 = DEFINITIONAL_REPRESENTATION('',(#4229),#4233);
#4229 = CIRCLE('',#4230,12.7);
#4230 = AXIS2_PLACEMENT_2D('',#4231,#4232);
#4231 = CARTESIAN_POINT('',(-40.75655906379,-122.1911576525));
#4232 = DIRECTION('',(1.,0.));
#4233 = ( GEOMETRIC_REPRESENTATION_CONTEXT(2) 
PARAMETRIC_REPRESENTATION_CONTEXT() REPRESENTATION_CONTEXT('2D SPACE',''
  ) );
#4234 = ADVANCED_FACE('',(#4235),#3779,.F.);
#4235 = FACE_BOUND('',#4236,.F.);
#4236 = EDGE_LOOP('',(#4237,#4260,#4261,#4262));
#4237 = ORIENTED_EDGE('',*,*,#4238,.T.);
#4238 = EDGE_CURVE('',#4239,#3742,#4241,.T.);
#4239 = VERTEX_POINT('',#4240);
#4240 = CARTESIAN_POINT('',(83.861150483419,120.65,0.));
#4241 = SURFACE_CURVE('',#4242,(#4246,#4253),.PCURVE_S1.);
#4242 = LINE('',#4243,#4244);
#4243 = CARTESIAN_POINT('',(83.861150483419,120.65,0.));
#4244 = VECTOR('',#4245,25.4);
#4245 = DIRECTION('',(0.,0.,1.));
#4246 = PCURVE('',#3779,#4247);
#4247 = DEFINITIONAL_REPRESENTATION('',(#4248),#4252);
#4248 = LINE('',#4249,#4250);
#4249 = CARTESIAN_POINT('',(0.,-0.));
#4250 = VECTOR('',#4251,1.);
#4251 = DIRECTION('',(0.,-1.));
#4252 = ( GEOMETRIC_REPRESENTATION_CONTEXT(2) 
PARAMETRIC_REPRESENTATION_CONTEXT() REPRESENTATION_CONTEXT('2D SPACE',''
  ) );
#4253 = PCURVE('',#3884,#4254);
#4254 = DEFINITIONAL_REPRESENTATION('',(#4255),#4259);
#4255 = LINE('',#4256,#4257);
#4256 = CARTESIAN_POINT('',(-7.853981633974,0.));
#4257 = VECTOR('',#4258,1.);
#4258 = DIRECTION('',(-0.,-1.));
#4259 = ( GEOMETRIC_REPRESENTATION_CONTEXT(2) 
PARAMETRIC_REPRESENTATION_CONTEXT() REPRESENTATION_CONTEXT('2D SPACE',''
  ) );
#4260 = ORIENTED_EDGE('',*,*,#3765,.T.);
#4261 = ORIENTED_EDGE('',*,*,#4138,.F.);
#4262 = ORIENTED_EDGE('',*,*,#4263,.F.);
#4263 = EDGE_CURVE('',#4239,#4139,#4264,.T.);
#4264 = SURFACE_CURVE('',#4265,(#4269,#4276),.PCURVE_S1.);
#4265 = LINE('',#4266,#4267);
#4266 = CARTESIAN_POINT('',(107.95,120.65,0.));
#4267 = VECTOR('',#4268,25.4);
#4268 = DIRECTION('',(-1.,0.,0.));
#4269 = PCURVE('',#3779,#4270);
#4270 = DEFINITIONAL_REPRESENTATION('',(#4271),#4275);
#4271 = LINE('',#4272,#4273);
#4272 = CARTESIAN_POINT('',(-24.08884951658,-0.));
#4273 = VECTOR('',#4274,1.);
#4274 = DIRECTION('',(1.,0.));
#4275 = ( GEOMETRIC_REPRESENTATION_CONTEXT(2) 
PARAMETRIC_REPRESENTATION_CONTEXT() REPRESENTATION_CONTEXT('2D SPACE',''
  ) );
#4276 = PCURVE('',#4123,#4277);
#4277 = DEFINITIONAL_REPRESENTATION('',(#4278),#4282);
#4278 = LINE('',#4279,#4280);
#4279 = CARTESIAN_POINT('',(107.94999986527,106.40884234745));
#4280 = VECTOR('',#4281,1.);
#4281 = DIRECTION('',(-1.,0.));
#4282 = ( GEOMETRIC_REPRESENTATION_CONTEXT(2) 
PARAMETRIC_REPRESENTATION_CONTEXT() REPRESENTATION_CONTEXT('2D SPACE',''
  ) );
#4283 = ADVANCED_FACE('',(#4284),#3832,.F.);
#4284 = FACE_BOUND('',#4285,.F.);
#4285 = EDGE_LOOP('',(#4286,#4287,#4288,#4311));
#4286 = ORIENTED_EDGE('',*,*,#4190,.T.);
#4287 = ORIENTED_EDGE('',*,*,#3818,.T.);
#4288 = ORIENTED_EDGE('',*,*,#4289,.F.);
#4289 = EDGE_CURVE('',#4290,#3797,#4292,.T.);
#4290 = VERTEX_POINT('',#4291);
#4291 = CARTESIAN_POINT('',(40.756555942568,-120.65,0.));
#4292 = SURFACE_CURVE('',#4293,(#4297,#4304),.PCURVE_S1.);
#4293 = LINE('',#4294,#4295);
#4294 = CARTESIAN_POINT('',(40.756555942568,-120.65,0.));
#4295 = VECTOR('',#4296,25.4);
#4296 = DIRECTION('',(0.,0.,1.));
#4297 = PCURVE('',#3832,#4298);
#4298 = DEFINITIONAL_REPRESENTATION('',(#4299),#4303);
#4299 = LINE('',#4300,#4301);
#4300 = CARTESIAN_POINT('',(81.513114871637,0.));
#4301 = VECTOR('',#4302,1.);
#4302 = DIRECTION('',(0.,-1.));
#4303 = ( GEOMETRIC_REPRESENTATION_CONTEXT(2) 
PARAMETRIC_REPRESENTATION_CONTEXT() REPRESENTATION_CONTEXT('2D SPACE',''
  ) );
#4304 = PCURVE('',#3919,#4305);
#4305 = DEFINITIONAL_REPRESENTATION('',(#4306),#4310);
#4306 = LINE('',#4307,#4308);
#4307 = CARTESIAN_POINT('',(-4.712388980385,0.));
#4308 = VECTOR('',#4309,1.);
#4309 = DIRECTION('',(-0.,-1.));
#4310 = ( GEOMETRIC_REPRESENTATION_CONTEXT(2) 
PARAMETRIC_REPRESENTATION_CONTEXT() REPRESENTATION_CONTEXT('2D SPACE',''
  ) );
#4311 = ORIENTED_EDGE('',*,*,#4312,.F.);
#4312 = EDGE_CURVE('',#4191,#4290,#4313,.T.);
#4313 = SURFACE_CURVE('',#4314,(#4318,#4325),.PCURVE_S1.);
#4314 = LINE('',#4315,#4316);
#4315 = CARTESIAN_POINT('',(-50.8,-120.65,0.));
#4316 = VECTOR('',#4317,25.4);
#4317 = DIRECTION('',(1.,0.,0.));
#4318 = PCURVE('',#3832,#4319);
#4319 = DEFINITIONAL_REPRESENTATION('',(#4320),#4324);
#4320 = LINE('',#4321,#4322);
#4321 = CARTESIAN_POINT('',(-10.04344107093,0.));
#4322 = VECTOR('',#4323,1.);
#4323 = DIRECTION('',(1.,0.));
#4324 = ( GEOMETRIC_REPRESENTATION_CONTEXT(2) 
PARAMETRIC_REPRESENTATION_CONTEXT() REPRESENTATION_CONTEXT('2D SPACE',''
  ) );
#4325 = PCURVE('',#4123,#4326);
#4326 = DEFINITIONAL_REPRESENTATION('',(#4327),#4331);
#4327 = LINE('',#4328,#4329);
#4328 = CARTESIAN_POINT('',(-50.80000013472,-134.8911576525));
#4329 = VECTOR('',#4330,1.);
#4330 = DIRECTION('',(1.,0.));
#4331 = ( GEOMETRIC_REPRESENTATION_CONTEXT(2) 
PARAMETRIC_REPRESENTATION_CONTEXT() REPRESENTATION_CONTEXT('2D SPACE',''
  ) );
#4332 = ADVANCED_FACE('',(#4333),#3884,.T.);
#4333 = FACE_BOUND('',#4334,.F.);
#4334 = EDGE_LOOP('',(#4335,#4358,#4359,#4360));
#4335 = ORIENTED_EDGE('',*,*,#4336,.T.);
#4336 = EDGE_CURVE('',#4337,#3848,#4339,.T.);
#4337 = VERTEX_POINT('',#4338);
#4338 = CARTESIAN_POINT('',(102.3983299601,97.209615387101,0.));
#4339 = SURFACE_CURVE('',#4340,(#4344,#4351),.PCURVE_S1.);
#4340 = LINE('',#4341,#4342);
#4341 = CARTESIAN_POINT('',(102.3983299601,97.209615387101,0.));
#4342 = VECTOR('',#4343,25.4);
#4343 = DIRECTION('',(0.,0.,1.));
#4344 = PCURVE('',#3884,#4345);
#4345 = DEFINITIONAL_REPRESENTATION('',(#4346),#4350);
#4346 = LINE('',#4347,#4348);
#4347 = CARTESIAN_POINT('',(-6.050628365375,0.));
#4348 = VECTOR('',#4349,1.);
#4349 = DIRECTION('',(-0.,-1.));
#4350 = ( GEOMETRIC_REPRESENTATION_CONTEXT(2) 
PARAMETRIC_REPRESENTATION_CONTEXT() REPRESENTATION_CONTEXT('2D SPACE',''
  ) );
#4351 = PCURVE('',#3972,#4352);
#4352 = DEFINITIONAL_REPRESENTATION('',(#4353),#4357);
#4353 = LINE('',#4354,#4355);
#4354 = CARTESIAN_POINT('',(213.84313427594,0.));
#4355 = VECTOR('',#4356,1.);
#4356 = DIRECTION('',(0.,-1.));
#4357 = ( GEOMETRIC_REPRESENTATION_CONTEXT(2) 
PARAMETRIC_REPRESENTATION_CONTEXT() REPRESENTATION_CONTEXT('2D SPACE',''
  ) );
#4358 = ORIENTED_EDGE('',*,*,#3869,.T.);
#4359 = ORIENTED_EDGE('',*,*,#4238,.F.);
#4360 = ORIENTED_EDGE('',*,*,#4361,.F.);
#4361 = EDGE_CURVE('',#4337,#4239,#4362,.T.);
#4362 = SURFACE_CURVE('',#4363,(#4368,#4375),.PCURVE_S1.);
#4363 = CIRCLE('',#4364,19.05);
#4364 = AXIS2_PLACEMENT_3D('',#4365,#4366,#4367);
#4365 = CARTESIAN_POINT('',(83.861150483419,101.6,0.));
#4366 = DIRECTION('',(0.,0.,1.));
#4367 = DIRECTION('',(1.,0.,0.));
#4368 = PCURVE('',#3884,#4369);
#4369 = DEFINITIONAL_REPRESENTATION('',(#4370),#4374);
#4370 = LINE('',#4371,#4372);
#4371 = CARTESIAN_POINT('',(-0.,0.));
#4372 = VECTOR('',#4373,1.);
#4373 = DIRECTION('',(-1.,0.));
#4374 = ( GEOMETRIC_REPRESENTATION_CONTEXT(2) 
PARAMETRIC_REPRESENTATION_CONTEXT() REPRESENTATION_CONTEXT('2D SPACE',''
  ) );
#4375 = PCURVE('',#4123,#4376);
#4376 = DEFINITIONAL_REPRESENTATION('',(#4377),#4381);
#4377 = CIRCLE('',#4378,19.05);
#4378 = AXIS2_PLACEMENT_2D('',#4379,#4380);
#4379 = CARTESIAN_POINT('',(83.861150348698,87.358842347457));
#4380 = DIRECTION('',(1.,0.));
#4381 = ( GEOMETRIC_REPRESENTATION_CONTEXT(2) 
PARAMETRIC_REPRESENTATION_CONTEXT() REPRESENTATION_CONTEXT('2D SPACE',''
  ) );
#4382 = ADVANCED_FACE('',(#4383),#3919,.T.);
#4383 = FACE_BOUND('',#4384,.F.);
#4384 = EDGE_LOOP('',(#4385,#4386,#4387,#4410));
#4385 = ORIENTED_EDGE('',*,*,#4289,.T.);
#4386 = ORIENTED_EDGE('',*,*,#3902,.T.);
#4387 = ORIENTED_EDGE('',*,*,#4388,.F.);
#4388 = EDGE_CURVE('',#4389,#3903,#4391,.T.);
#4389 = VERTEX_POINT('',#4390);
#4390 = CARTESIAN_POINT('',(53.114675839911,-110.8769231335,0.));
#4391 = SURFACE_CURVE('',#4392,(#4396,#4403),.PCURVE_S1.);
#4392 = LINE('',#4393,#4394);
#4393 = CARTESIAN_POINT('',(53.114675839911,-110.8769231335,0.));
#4394 = VECTOR('',#4395,25.4);
#4395 = DIRECTION('',(0.,0.,1.));
#4396 = PCURVE('',#3919,#4397);
#4397 = DEFINITIONAL_REPRESENTATION('',(#4398),#4402);
#4398 = LINE('',#4399,#4400);
#4399 = CARTESIAN_POINT('',(-6.050628365375,0.));
#4400 = VECTOR('',#4401,1.);
#4401 = DIRECTION('',(-0.,-1.));
#4402 = ( GEOMETRIC_REPRESENTATION_CONTEXT(2) 
PARAMETRIC_REPRESENTATION_CONTEXT() REPRESENTATION_CONTEXT('2D SPACE',''
  ) );
#4403 = PCURVE('',#3972,#4404);
#4404 = DEFINITIONAL_REPRESENTATION('',(#4405),#4409);
#4405 = LINE('',#4406,#4407);
#4406 = CARTESIAN_POINT('',(2.19524303644E-14,0.));
#4407 = VECTOR('',#4408,1.);
#4408 = DIRECTION('',(0.,-1.));
#4409 = ( GEOMETRIC_REPRESENTATION_CONTEXT(2) 
PARAMETRIC_REPRESENTATION_CONTEXT() REPRESENTATION_CONTEXT('2D SPACE',''
  ) );
#4410 = ORIENTED_EDGE('',*,*,#4411,.F.);
#4411 = EDGE_CURVE('',#4290,#4389,#4412,.T.);
#4412 = SURFACE_CURVE('',#4413,(#4418,#4425),.PCURVE_S1.);
#4413 = CIRCLE('',#4414,12.7);
#4414 = AXIS2_PLACEMENT_3D('',#4415,#4416,#4417);
#4415 = CARTESIAN_POINT('',(40.756555942568,-107.95,0.));
#4416 = DIRECTION('',(0.,0.,1.));
#4417 = DIRECTION('',(1.,0.,0.));
#4418 = PCURVE('',#3919,#4419);
#4419 = DEFINITIONAL_REPRESENTATION('',(#4420),#4424);
#4420 = LINE('',#4421,#4422);
#4421 = CARTESIAN_POINT('',(-0.,0.));
#4422 = VECTOR('',#4423,1.);
#4423 = DIRECTION('',(-1.,0.));
#4424 = ( GEOMETRIC_REPRESENTATION_CONTEXT(2) 
PARAMETRIC_REPRESENTATION_CONTEXT() REPRESENTATION_CONTEXT('2D SPACE',''
  ) );
#4425 = PCURVE('',#4123,#4426);
#4426 = DEFINITIONAL_REPRESENTATION('',(#4427),#4431);
#4427 = CIRCLE('',#4428,12.7);
#4428 = AXIS2_PLACEMENT_2D('',#4429,#4430);
#4429 = CARTESIAN_POINT('',(40.756555807847,-122.1911576525));
#4430 = DIRECTION('',(1.,0.));
#4431 = ( GEOMETRIC_REPRESENTATION_CONTEXT(2) 
PARAMETRIC_REPRESENTATION_CONTEXT() REPRESENTATION_CONTEXT('2D SPACE',''
  ) );
#4432 = ADVANCED_FACE('',(#4433),#3972,.F.);
#4433 = FACE_BOUND('',#4434,.F.);
#4434 = EDGE_LOOP('',(#4435,#4436,#4437,#4438));
#4435 = ORIENTED_EDGE('',*,*,#4388,.T.);
#4436 = ORIENTED_EDGE('',*,*,#3958,.T.);
#4437 = ORIENTED_EDGE('',*,*,#4336,.F.);
#4438 = ORIENTED_EDGE('',*,*,#4439,.F.);
#4439 = EDGE_CURVE('',#4389,#4337,#4440,.T.);
#4440 = SURFACE_CURVE('',#4441,(#4445,#4452),.PCURVE_S1.);
#4441 = LINE('',#4442,#4443);
#4442 = CARTESIAN_POINT('',(50.8,-120.65,0.));
#4443 = VECTOR('',#4444,25.4);
#4444 = DIRECTION('',(0.230466383879,0.97308028749,0.));
#4445 = PCURVE('',#3972,#4446);
#4446 = DEFINITIONAL_REPRESENTATION('',(#4447),#4451);
#4447 = LINE('',#4448,#4449);
#4448 = CARTESIAN_POINT('',(-10.04344341751,-0.));
#4449 = VECTOR('',#4450,1.);
#4450 = DIRECTION('',(1.,0.));
#4451 = ( GEOMETRIC_REPRESENTATION_CONTEXT(2) 
PARAMETRIC_REPRESENTATION_CONTEXT() REPRESENTATION_CONTEXT('2D SPACE',''
  ) );
#4452 = PCURVE('',#4123,#4453);
#4453 = DEFINITIONAL_REPRESENTATION('',(#4454),#4458);
#4454 = LINE('',#4455,#4456);
#4455 = CARTESIAN_POINT('',(50.799999865279,-134.8911576525));
#4456 = VECTOR('',#4457,1.);
#4457 = DIRECTION('',(0.230466383879,0.97308028749));
#4458 = ( GEOMETRIC_REPRESENTATION_CONTEXT(2) 
PARAMETRIC_REPRESENTATION_CONTEXT() REPRESENTATION_CONTEXT('2D SPACE',''
  ) );
#4459 = ADVANCED_FACE('',(#4460),#4123,.F.);
#4460 = FACE_BOUND('',#4461,.F.);
#4461 = EDGE_LOOP('',(#4462,#4463,#4464,#4465,#4466,#4467,#4468,#4469));
#4462 = ORIENTED_EDGE('',*,*,#4109,.T.);
#4463 = ORIENTED_EDGE('',*,*,#4213,.T.);
#4464 = ORIENTED_EDGE('',*,*,#4312,.T.);
#4465 = ORIENTED_EDGE('',*,*,#4411,.T.);
#4466 = ORIENTED_EDGE('',*,*,#4439,.T.);
#4467 = ORIENTED_EDGE('',*,*,#4361,.T.);
#4468 = ORIENTED_EDGE('',*,*,#4263,.T.);
#4469 = ORIENTED_EDGE('',*,*,#4163,.T.);
#4470 = ( GEOMETRIC_REPRESENTATION_CONTEXT(3) 
GLOBAL_UNCERTAINTY_ASSIGNED_CONTEXT((#4474)) 
GLOBAL_UNIT_ASSIGNED_CONTEXT((#4471,#4472,#4473)) REPRESENTATION_CONTEXT
('Context #1','3D Context with UNIT and UNCERTAINTY') );
#4471 = ( LENGTH_UNIT() NAMED_UNIT(*) SI_UNIT(.MILLI.,.METRE.) );
#4472 = ( NAMED_UNIT(*) PLANE_ANGLE_UNIT() SI_UNIT($,.RADIAN.) );
#4473 = ( NAMED_UNIT(*) SI_UNIT($,.STERADIAN.) SOLID_ANGLE_UNIT() );
#4474 = UNCERTAINTY_MEASURE_WITH_UNIT(LENGTH_MEASURE(5.08E-04),#4471,
  'distance_accuracy_value','confusion accuracy');
#4475 = PRODUCT_RELATED_PRODUCT_CATEGORY('part',$,(#7));
ENDSEC;
END-ISO-10303-21;
