ISO-10303-21;
HEADER;
FILE_DESCRIPTION(('Open CASCADE Model'),'2;1');
FILE_NAME('Open CASCADE Shape Model','2026-09-03T22:54:30',('Author'),(
    'Open CASCADE'),'Open CASCADE STEP processor 7.9','build123d',
  'Unknown');
FILE_SCHEMA(('AUTOMOTIVE_DESIGN { 1 0 10303 214 1 1 1 1 }'));
ENDSEC;
DATA;
#1 = APPLICATION_PROTOCOL_DEFINITION('international standard',
  'automotive_design',2000,#2);
#2 = APPLICATION_CONTEXT(
  'core data for automotive mechanical design processes');
#3 = SHAPE_DEFINITION_REPRESENTATION(#4,#10);
#4 = PRODUCT_DEFINITION_SHAPE('','',#5);
#5 = PRODUCT_DEFINITION('design','',#6,#9);
#6 = PRODUCT_DEFINITION_FORMATION('','',#7);
#7 = PRODUCT('SOLID','SOLID','',(#8));
#8 = PRODUCT_CONTEXT('',#2,'mechanical');
#9 = PRODUCT_DEFINITION_CONTEXT('part definition',#2,'design');
#10 = ADVANCED_BREP_SHAPE_REPRESENTATION('',(#11,#15),#3142);
#11 = AXIS2_PLACEMENT_3D('',#12,#13,#14);
#12 = CARTESIAN_POINT('',(0.,0.,0.));
#13 = DIRECTION('',(0.,0.,1.));
#14 = DIRECTION('',(1.,0.,-0.));
#15 = MANIFOLD_SOLID_BREP('',#16);
#16 = CLOSED_SHELL('',(#17,#814,#939,#992,#1195,#1244,#1297,#1443,#1468,
    #1544,#1645,#1720,#1769,#1818,#2073,#2154,#2180,#2206,#2280,#2287,
    #2361,#2415,#2468,#2522,#2575,#2629,#2682,#2715,#2722,#2798,#2848,
    #2897,#2951,#3000,#3050,#3099,#3131));
#17 = ADVANCED_FACE('',(#18),#32,.T.);
#18 = FACE_BOUND('',#19,.T.);
#19 = EDGE_LOOP('',(#20,#53,#216,#239,#267,#293,#372,#407,#504,#530,#551
    ,#552,#636,#662,#723,#755));
#20 = ORIENTED_EDGE('',*,*,#21,.F.);
#21 = EDGE_CURVE('',#22,#24,#26,.T.);
#22 = VERTEX_POINT('',#23);
#23 = CARTESIAN_POINT('',(-3.175,-38.82270138381,16.678906821791));
#24 = VERTEX_POINT('',#25);
#25 = CARTESIAN_POINT('',(-3.175,-36.5505469182,42.649096920274));
#26 = SURFACE_CURVE('',#27,(#31,#42),.PCURVE_S1.);
#27 = LINE('',#28,#29);
#28 = CARTESIAN_POINT('',(-3.175,-40.08572131985,2.241868610119));
#29 = VECTOR('',#30,25.4);
#30 = DIRECTION('',(0.,8.715574274766E-02,0.996194698092));
#31 = PCURVE('',#32,#37);
#32 = CYLINDRICAL_SURFACE('',#33,12.7);
#33 = AXIS2_PLACEMENT_3D('',#34,#35,#36);
#34 = CARTESIAN_POINT('',(0.,-52.33565070389,3.313598560216));
#35 = DIRECTION('',(0.,8.715574274766E-02,0.996194698092));
#36 = DIRECTION('',(1.,0.,0.));
#37 = DEFINITIONAL_REPRESENTATION('',(#38),#41);
#38 = B_SPLINE_CURVE_WITH_KNOTS('',1,(#39,#40),.UNSPECIFIED.,.F.,.F.,(2,
    2),(0.419383821068,2.06662435891),.PIECEWISE_BEZIER_KNOTS.);
#39 = CARTESIAN_POINT('',(1.823476581937,10.652349055127));
#40 = CARTESIAN_POINT('',(1.823476581937,52.49225871631));
#41 = ( GEOMETRIC_REPRESENTATION_CONTEXT(2) 
PARAMETRIC_REPRESENTATION_CONTEXT() REPRESENTATION_CONTEXT('2D SPACE',''
  ) );
#42 = PCURVE('',#43,#48);
#43 = PLANE('',#44);
#44 = AXIS2_PLACEMENT_3D('',#45,#46,#47);
#45 = CARTESIAN_POINT('',(-3.175,-28.9858089499,20.016315315033));
#46 = DIRECTION('',(1.,0.,0.));
#47 = DIRECTION('',(0.,1.,0.));
#48 = DEFINITIONAL_REPRESENTATION('',(#49),#52);
#49 = B_SPLINE_CURVE_WITH_KNOTS('',1,(#50,#51),.UNSPECIFIED.,.F.,.F.,(2,
    2),(0.419383821068,2.06662435891),.PIECEWISE_BEZIER_KNOTS.);
#50 = CARTESIAN_POINT('',(-10.17149897604,-7.162633053973));
#51 = CARTESIAN_POINT('',(-6.524910573027,34.518063119134));
#52 = ( GEOMETRIC_REPRESENTATION_CONTEXT(2) 
PARAMETRIC_REPRESENTATION_CONTEXT() REPRESENTATION_CONTEXT('2D SPACE',''
  ) );
#53 = ORIENTED_EDGE('',*,*,#54,.T.);
#54 = EDGE_CURVE('',#22,#55,#57,.T.);
#55 = VERTEX_POINT('',#56);
#56 = CARTESIAN_POINT('',(12.7,-51.23667047991,15.875));
#57 = SURFACE_CURVE('',#58,(#85,#131),.PCURVE_S1.);
#58 = ( BOUNDED_CURVE() B_SPLINE_CURVE(9,(#59,#60,#61,#62,#63,#64,#65,
    #66,#67,#68,#69,#70,#71,#72,#73,#74,#75,#76,#77,#78,#79,#80,#81,#82,
#83,#84),.UNSPECIFIED.,.T.,.F.) B_SPLINE_CURVE_WITH_KNOTS((10,8,8,10),(
    3.313382892989E-02,1.590364765382,3.147595701834,3.180729530764),
.UNSPECIFIED.) CURVE() GEOMETRIC_REPRESENTATION_ITEM() 
RATIONAL_B_SPLINE_CURVE((1.,1.,1.,1.,1.,1.,1.,1.,1.,1.,1.,1.,1.,1.,1.,1.
,1.,1.,1.,1.,1.,1.,1.,1.,1.,1.)) REPRESENTATION_ITEM('') );
#59 = CARTESIAN_POINT('',(12.7,-51.23667047991,15.875));
#60 = CARTESIAN_POINT('',(12.7,-46.86692053447,16.158533607772));
#61 = CARTESIAN_POINT('',(11.041214208681,-42.31574566987,
    16.453695383738));
#62 = CARTESIAN_POINT('',(7.484892929628,-38.40054759719,16.708186312064
    ));
#63 = CARTESIAN_POINT('',(2.292454976485,-35.91925043737,16.864382424607
    ));
#64 = CARTESIAN_POINT('',(-3.935799862849,-36.34466845233,
    16.838267248929));
#65 = CARTESIAN_POINT('',(-8.702283353691,-39.28879716892,
    16.650679540636));
#66 = CARTESIAN_POINT('',(-11.83405033937,-43.46551624261,
    16.379216511938));
#67 = CARTESIAN_POINT('',(-13.0645872106,-48.11672219276,16.077419711612
    ));
#68 = CARTESIAN_POINT('',(-12.21381157924,-56.86277705536,
    15.509971606789));
#69 = CARTESIAN_POINT('',(-10.13058570081,-60.96208620775,
    15.244175367264));
#70 = CARTESIAN_POINT('',(-6.588779990491,-64.08268089224,
    15.042471426253));
#71 = CARTESIAN_POINT('',(-2.153103911201,-65.69182538616,
    14.939998374511));
#72 = CARTESIAN_POINT('',(2.587655138553,-65.63746208451,14.943443603886
    ));
#73 = CARTESIAN_POINT('',(7.022688746483,-63.88655345488,15.055044043615
    ));
#74 = CARTESIAN_POINT('',(10.485623320288,-60.59079846129,
    15.268193468566));
#75 = CARTESIAN_POINT('',(12.393759186566,-56.40042374804,
    15.539958807506));
#76 = CARTESIAN_POINT('',(12.679091008268,-51.97785983228,
    15.826908108281));
#77 = CARTESIAN_POINT('',(12.68430112716,-51.8855898535,15.83289491178)
  );
#78 = CARTESIAN_POINT('',(12.68877428437,-51.79319726829,15.838889713505
    ));
#79 = CARTESIAN_POINT('',(12.692508032894,-51.70068928124,
    15.844892040481));
#80 = CARTESIAN_POINT('',(12.695499925725,-51.60807309697,
    15.850901419733));
#81 = CARTESIAN_POINT('',(12.697747515856,-51.51535592009,
    15.856917378286));
#82 = CARTESIAN_POINT('',(12.699248356284,-51.42254495521,
    15.862939443165));
#83 = CARTESIAN_POINT('',(12.7,-51.32964740695,15.868967141394));
#84 = CARTESIAN_POINT('',(12.7,-51.23667047991,15.875));
#85 = PCURVE('',#32,#86);
#86 = DEFINITIONAL_REPRESENTATION('',(#87),#130);
#87 = B_SPLINE_CURVE_WITH_KNOTS('',11,(#88,#89,#90,#91,#92,#93,#94,#95,
    #96,#97,#98,#99,#100,#101,#102,#103,#104,#105,#106,#107,#108,#109,
    #110,#111,#112,#113,#114,#115,#116,#117,#118,#119,#120,#121,#122,
    #123,#124,#125,#126,#127,#128,#129),.UNSPECIFIED.,.F.,.F.,(12,10,10,
    10,12),(3.313382892989E-02,1.606931679847,2.393830605305,
    2.787280068035,3.180729530764),.UNSPECIFIED.);
#88 = CARTESIAN_POINT('',(1.622292414218E-14,12.6093839526));
#89 = CARTESIAN_POINT('',(0.281819107121,13.157860452347));
#90 = CARTESIAN_POINT('',(0.572923088089,13.725067767165));
#91 = CARTESIAN_POINT('',(0.871155570478,14.243594010948));
#92 = CARTESIAN_POINT('',(1.177257570299,14.654256644237));
#93 = CARTESIAN_POINT('',(1.486906529686,14.855371490167));
#94 = CARTESIAN_POINT('',(1.797507478655,14.799458063988));
#95 = CARTESIAN_POINT('',(2.105411618532,14.50382077771));
#96 = CARTESIAN_POINT('',(2.406481140665,14.033527547304));
#97 = CARTESIAN_POINT('',(2.701055751075,13.481142454163));
#98 = CARTESIAN_POINT('',(2.989458936176,12.901465794467));
#99 = CARTESIAN_POINT('',(3.413665404763,12.082969395251));
#100 = CARTESIAN_POINT('',(3.553677464804,11.818370422642));
#101 = CARTESIAN_POINT('',(3.692402357792,11.56913543433));
#102 = CARTESIAN_POINT('',(3.829971796344,11.341417113768));
#103 = CARTESIAN_POINT('',(3.966541176453,11.140406283807));
#104 = CARTESIAN_POINT('',(4.102284477303,10.970348186387));
#105 = CARTESIAN_POINT('',(4.237389161153,10.834558762301));
#106 = CARTESIAN_POINT('',(4.372051073141,10.735440930931));
#107 = CARTESIAN_POINT('',(4.506469341164,10.674500869956));
#108 = CARTESIAN_POINT('',(4.640841275697,10.652364295127));
#109 = CARTESIAN_POINT('',(4.842615266628,10.677006962391));
#110 = CARTESIAN_POINT('',(4.909905684216,10.694856966412));
#111 = CARTESIAN_POINT('',(4.977253142109,10.722323883051));
#112 = CARTESIAN_POINT('',(5.044680281513,10.759325997407));
#113 = CARTESIAN_POINT('',(5.112207765122,10.805718748528));
#114 = CARTESIAN_POINT('',(5.179854277154,10.861294729622));
#115 = CARTESIAN_POINT('',(5.247636523313,10.925783687792));
#116 = CARTESIAN_POINT('',(5.315569230818,10.998852524303));
#117 = CARTESIAN_POINT('',(5.383665148386,11.080105294364));
#118 = CARTESIAN_POINT('',(5.451935046242,11.169083207272));
#119 = CARTESIAN_POINT('',(5.588840385982,11.3614460454));
#120 = CARTESIAN_POINT('',(5.657540971827,11.464952887955));
#121 = CARTESIAN_POINT('',(5.725902070923,11.574097031785));
#122 = CARTESIAN_POINT('',(5.796433115964,11.693155387663));
#123 = CARTESIAN_POINT('',(5.86246799709,11.808485872746));
#124 = CARTESIAN_POINT('',(5.936315631324,11.943315113839));
#125 = CARTESIAN_POINT('',(6.001485389708,12.064762568188));
#126 = CARTESIAN_POINT('',(6.074054692499,12.203287986503));
#127 = CARTESIAN_POINT('',(6.142892670744,12.336349056956));
#128 = CARTESIAN_POINT('',(6.212730530399,12.472264827664));
#129 = CARTESIAN_POINT('',(6.28318530718,12.6093839526));
#130 = ( GEOMETRIC_REPRESENTATION_CONTEXT(2) 
PARAMETRIC_REPRESENTATION_CONTEXT() REPRESENTATION_CONTEXT('2D SPACE',''
  ) );
#131 = PCURVE('',#132,#211);
#132 = ( BOUNDED_SURFACE() B_SPLINE_SURFACE(2,9,(
    (#133,#134,#135,#136,#137,#138,#139,#140,#141,#142,#143,#144,#145
      ,#146,#147,#148,#149,#150,#151,#152,#153,#154,#155,#156,#157,#158)
    ,(#159,#160,#161,#162,#163,#164,#165,#166,#167,#168,#169,#170,#171
      ,#172,#173,#174,#175,#176,#177,#178,#179,#180,#181,#182,#183,#184)
    ,(#185,#186,#187,#188,#189,#190,#191,#192,#193,#194,#195,#196,#197
      ,#198,#199,#200,#201,#202,#203,#204,#205,#206,#207,#208,#209,#210
)),.UNSPECIFIED.,.F.,.T.,.F.) B_SPLINE_SURFACE_WITH_KNOTS((3,3),(1,9,8,8
    ,9,1),(0.,3.147595701834),(9.769962616701E-15,3.313382892989E-02,
    1.590364765382,3.147595701834,3.180729530764,4.737960467216),
.UNSPECIFIED.) GEOMETRIC_REPRESENTATION_ITEM() RATIONAL_B_SPLINE_SURFACE
((
    (1.,1.,1.,1.,1.,1.,1.,1.,1.,1.,1.,1.,1.,1.,1.,1.,1.,1.,1.,1.,1.,1.
      ,1.,1.,1.,1.)
    ,(0.707106781187,0.696582448549,0.685442070202,0.67566016235
      ,0.669237896581,0.670348040212,0.677904952497,0.688295976594
      ,0.699631520922,0.720605000787,0.730255082273,0.737407258094
      ,0.740967437952,0.74084810484,0.73696682832,0.729399479505
      ,0.719510680023,0.708889665404,0.708667994713,0.70844594981
      ,0.708223547825,0.708000805886,0.707777741124,0.707554370667
      ,0.707330711645,0.707106781187)
    ,(1.,1.,1.,1.,1.,1.,1.,1.,1.,1.,1.,1.,1.,1.,1.,1.,1.,1.,1.,1.,1.,1.
,1.,1.,1.,1.))) REPRESENTATION_ITEM('') SURFACE() );
#133 = CARTESIAN_POINT('',(12.7,-51.23667047991,15.875));
#134 = CARTESIAN_POINT('',(12.7,-46.86692053447,16.158533607772));
#135 = CARTESIAN_POINT('',(11.041214208681,-42.31574566987,
    16.453695383738));
#136 = CARTESIAN_POINT('',(7.484892929628,-38.40054759719,
    16.708186312064));
#137 = CARTESIAN_POINT('',(2.292454976485,-35.91925043737,
    16.864382424607));
#138 = CARTESIAN_POINT('',(-3.935799862849,-36.34466845233,
    16.838267248929));
#139 = CARTESIAN_POINT('',(-8.702283353691,-39.28879716892,
    16.650679540636));
#140 = CARTESIAN_POINT('',(-11.83405033937,-43.46551624261,
    16.379216511938));
#141 = CARTESIAN_POINT('',(-13.0645872106,-48.11672219276,
    16.077419711612));
#142 = CARTESIAN_POINT('',(-12.21381157924,-56.86277705536,
    15.509971606789));
#143 = CARTESIAN_POINT('',(-10.13058570081,-60.96208620775,
    15.244175367264));
#144 = CARTESIAN_POINT('',(-6.588779990491,-64.08268089224,
    15.042471426253));
#145 = CARTESIAN_POINT('',(-2.153103911201,-65.69182538616,
    14.939998374511));
#146 = CARTESIAN_POINT('',(2.587655138553,-65.63746208451,
    14.943443603886));
#147 = CARTESIAN_POINT('',(7.022688746483,-63.88655345488,
    15.055044043615));
#148 = CARTESIAN_POINT('',(10.485623320288,-60.59079846129,
    15.268193468566));
#149 = CARTESIAN_POINT('',(12.393759186566,-56.40042374804,
    15.539958807506));
#150 = CARTESIAN_POINT('',(12.679091008268,-51.97785983228,
    15.826908108281));
#151 = CARTESIAN_POINT('',(12.68430112716,-51.8855898535,15.83289491178)
  );
#152 = CARTESIAN_POINT('',(12.68877428437,-51.79319726829,
    15.838889713505));
#153 = CARTESIAN_POINT('',(12.692508032894,-51.70068928124,
    15.844892040481));
#154 = CARTESIAN_POINT('',(12.695499925725,-51.60807309697,
    15.850901419733));
#155 = CARTESIAN_POINT('',(12.697747515856,-51.51535592009,
    15.856917378286));
#156 = CARTESIAN_POINT('',(12.699248356284,-51.42254495521,
    15.862939443165));
#157 = CARTESIAN_POINT('',(12.7,-51.32964740695,15.868967141394));
#158 = CARTESIAN_POINT('',(12.7,-51.23667047991,15.875));
#159 = CARTESIAN_POINT('',(12.7,-51.23667047991,6.35));
#160 = CARTESIAN_POINT('',(12.412790928713,-46.81960286457,6.35));
#161 = CARTESIAN_POINT('',(10.397159794586,-42.45985262717,6.35));
#162 = CARTESIAN_POINT('',(6.647474283294,-38.98493635756,6.35));
#163 = CARTESIAN_POINT('',(1.703410085538,-37.44593937327,6.35));
#164 = CARTESIAN_POINT('',(-3.105749881077,-37.65967728511,6.35));
#165 = CARTESIAN_POINT('',(-7.87208416976,-39.71871212928,6.35));
#166 = CARTESIAN_POINT('',(-11.24810272255,-43.48808568954,6.35));
#167 = CARTESIAN_POINT('',(-12.86952218533,-48.01636781394,6.35));
#168 = CARTESIAN_POINT('',(-12.5743742883,-56.83816531745,6.35));
#169 = CARTESIAN_POINT('',(-10.76404054444,-61.15408643698,6.35));
#170 = CARTESIAN_POINT('',(-7.254104444292,-64.72616783595,6.35));
#171 = CARTESIAN_POINT('',(-2.433520930353,-66.7457970589,6.35));
#172 = CARTESIAN_POINT('',(2.910106655325,-66.67656608236,6.35));
#173 = CARTESIAN_POINT('',(7.725327871551,-64.48899623772,6.35));
#174 = CARTESIAN_POINT('',(11.106750728208,-60.73296266484,6.35));
#175 = CARTESIAN_POINT('',(12.725340850958,-56.35580012997,6.35));
#176 = CARTESIAN_POINT('',(12.726944425512,-51.97744303271,6.35));
#177 = CARTESIAN_POINT('',(12.726223372963,-51.88485938547,6.35));
#178 = CARTESIAN_POINT('',(12.724746928069,-51.79225669315,6.35));
#179 = CARTESIAN_POINT('',(12.722514647206,-51.69964260905,
    6.349999999999));
#180 = CARTESIAN_POINT('',(12.719526084092,-51.60702480506,
    6.350000000001));
#181 = CARTESIAN_POINT('',(12.715780789946,-51.51441097164,
    6.349999999999));
#182 = CARTESIAN_POINT('',(12.711278313689,-51.42180881793,6.35));
#183 = CARTESIAN_POINT('',(12.706018202098,-51.3292260718,6.35));
#184 = CARTESIAN_POINT('',(12.7,-51.23667047991,6.35));
#185 = CARTESIAN_POINT('',(22.204868622463,-50.61772179888,6.35));
#186 = CARTESIAN_POINT('',(21.994403925137,-43.01597644086,6.35));
#187 = CARTESIAN_POINT('',(18.875825780854,-35.26536150976,6.35));
#188 = CARTESIAN_POINT('',(12.584110982612,-28.75591670817,6.35));
#189 = CARTESIAN_POINT('',(3.68975301079,-24.95485650238,6.35));
#190 = CARTESIAN_POINT('',(-6.421967271196,-25.58027751576,6.35));
#191 = CARTESIAN_POINT('',(-14.70556418412,-30.2056923544,6.35));
#192 = CARTESIAN_POINT('',(-20.29611278832,-37.18630311769,6.35));
#193 = CARTESIAN_POINT('',(-22.69444122434,-45.1550707318,6.35));
#194 = CARTESIAN_POINT('',(-21.62292675438,-60.45189217399,6.35));
#195 = CARTESIAN_POINT('',(-18.15221837309,-67.78349288294,6.35));
#196 = CARTESIAN_POINT('',(-11.96642985867,-73.52687903887,6.35));
#197 = CARTESIAN_POINT('',(-3.94800237497,-76.60468549182,6.350000000001
    ));
#198 = CARTESIAN_POINT('',(4.73787994587,-76.49996720652,6.349999999999)
  );
#199 = CARTESIAN_POINT('',(12.747623172306,-73.15778591207,6.35));
#200 = CARTESIAN_POINT('',(18.766171695962,-67.10376511598,6.35));
#201 = CARTESIAN_POINT('',(21.917010712621,-59.63029635628,6.35));
#202 = CARTESIAN_POINT('',(22.203971475316,-51.90913653378,6.35));
#203 = CARTESIAN_POINT('',(22.208653272888,-51.74811796558,6.35));
#204 = CARTESIAN_POINT('',(22.212035349616,-51.58695711283,6.35));
#205 = CARTESIAN_POINT('',(22.214114758182,-51.42566679301,6.35));
#206 = CARTESIAN_POINT('',(22.214888551268,-51.26425982357,6.35));
#207 = CARTESIAN_POINT('',(22.214353781558,-51.10274902197,6.35));
#208 = CARTESIAN_POINT('',(22.212507501731,-50.94114720569,6.35));
#209 = CARTESIAN_POINT('',(22.209346764472,-50.77946719217,6.35));
#210 = CARTESIAN_POINT('',(22.204868622463,-50.61772179888,6.35));
#211 = DEFINITIONAL_REPRESENTATION('',(#212),#215);
#212 = B_SPLINE_CURVE_WITH_KNOTS('',1,(#213,#214),.UNSPECIFIED.,.F.,.F.,
  (2,2),(0.905298626067,3.180729530764),.PIECEWISE_BEZIER_KNOTS.);
#213 = CARTESIAN_POINT('',(0.,0.905298626067));
#214 = CARTESIAN_POINT('',(0.,3.180729530764));
#215 = ( GEOMETRIC_REPRESENTATION_CONTEXT(2) 
PARAMETRIC_REPRESENTATION_CONTEXT() REPRESENTATION_CONTEXT('2D SPACE',''
  ) );
#216 = ORIENTED_EDGE('',*,*,#217,.T.);
#217 = EDGE_CURVE('',#55,#218,#220,.T.);
#218 = VERTEX_POINT('',#219);
#219 = CARTESIAN_POINT('',(12.7,-36.15309532496,188.2810529337));
#220 = SEAM_CURVE('',#221,(#225,#232),.PCURVE_S1.);
#221 = LINE('',#222,#223);
#222 = CARTESIAN_POINT('',(12.7,-52.33565070389,3.313598560216));
#223 = VECTOR('',#224,25.4);
#224 = DIRECTION('',(0.,8.715574274766E-02,0.996194698092));
#225 = PCURVE('',#32,#226);
#226 = DEFINITIONAL_REPRESENTATION('',(#227),#231);
#227 = LINE('',#228,#229);
#228 = CARTESIAN_POINT('',(6.28318530718,-0.));
#229 = VECTOR('',#230,1.);
#230 = DIRECTION('',(0.,1.));
#231 = ( GEOMETRIC_REPRESENTATION_CONTEXT(2) 
PARAMETRIC_REPRESENTATION_CONTEXT() REPRESENTATION_CONTEXT('2D SPACE',''
  ) );
#232 = PCURVE('',#32,#233);
#233 = DEFINITIONAL_REPRESENTATION('',(#234),#238);
#234 = LINE('',#235,#236);
#235 = CARTESIAN_POINT('',(0.,-0.));
#236 = VECTOR('',#237,1.);
#237 = DIRECTION('',(0.,1.));
#238 = ( GEOMETRIC_REPRESENTATION_CONTEXT(2) 
PARAMETRIC_REPRESENTATION_CONTEXT() REPRESENTATION_CONTEXT('2D SPACE',''
  ) );
#239 = ORIENTED_EDGE('',*,*,#240,.F.);
#240 = EDGE_CURVE('',#241,#218,#243,.T.);
#241 = VERTEX_POINT('',#242);
#242 = CARTESIAN_POINT('',(-11.43,-30.63835906329,187.79857602847));
#243 = SURFACE_CURVE('',#244,(#249,#256),.PCURVE_S1.);
#244 = CIRCLE('',#245,12.7);
#245 = AXIS2_PLACEMENT_3D('',#246,#247,#248);
#246 = CARTESIAN_POINT('',(0.,-36.15309532496,188.2810529337));
#247 = DIRECTION('',(-0.,8.715574274766E-02,0.996194698092));
#248 = DIRECTION('',(1.,0.,0.));
#249 = PCURVE('',#32,#250);
#250 = DEFINITIONAL_REPRESENTATION('',(#251),#255);
#251 = LINE('',#252,#253);
#252 = CARTESIAN_POINT('',(0.,185.674));
#253 = VECTOR('',#254,1.);
#254 = DIRECTION('',(1.,0.));
#255 = ( GEOMETRIC_REPRESENTATION_CONTEXT(2) 
PARAMETRIC_REPRESENTATION_CONTEXT() REPRESENTATION_CONTEXT('2D SPACE',''
  ) );
#256 = PCURVE('',#257,#262);
#257 = TOROIDAL_SURFACE('',#258,11.176,1.524);
#258 = AXIS2_PLACEMENT_3D('',#259,#260,#261);
#259 = CARTESIAN_POINT('',(0.,-36.15309532496,188.2810529337));
#260 = DIRECTION('',(0.,8.715574274766E-02,0.996194698092));
#261 = DIRECTION('',(1.,0.,0.));
#262 = DEFINITIONAL_REPRESENTATION('',(#263),#266);
#263 = B_SPLINE_CURVE_WITH_KNOTS('',1,(#264,#265),.UNSPECIFIED.,.F.,.F.,
  (2,2),(2.690565841794,6.28318530718),.PIECEWISE_BEZIER_KNOTS.);
#264 = CARTESIAN_POINT('',(2.690565841794,0.));
#265 = CARTESIAN_POINT('',(6.28318530718,0.));
#266 = ( GEOMETRIC_REPRESENTATION_CONTEXT(2) 
PARAMETRIC_REPRESENTATION_CONTEXT() REPRESENTATION_CONTEXT('2D SPACE',''
  ) );
#267 = ORIENTED_EDGE('',*,*,#268,.F.);
#268 = EDGE_CURVE('',#269,#241,#271,.T.);
#269 = VERTEX_POINT('',#270);
#270 = CARTESIAN_POINT('',(-11.43,-32.47717928142,166.78076475975));
#271 = SURFACE_CURVE('',#272,(#276,#282),.PCURVE_S1.);
#272 = LINE('',#273,#274);
#273 = CARTESIAN_POINT('',(-11.43,-46.82091444221,2.831121654984));
#274 = VECTOR('',#275,25.4);
#275 = DIRECTION('',(0.,8.715574274766E-02,0.996194698092));
#276 = PCURVE('',#32,#277);
#277 = DEFINITIONAL_REPRESENTATION('',(#278),#281);
#278 = B_SPLINE_CURVE_WITH_KNOTS('',1,(#279,#280),.UNSPECIFIED.,.F.,.F.,
  (2,2),(6.156563491861,7.3100006),.PIECEWISE_BEZIER_KNOTS.);
#279 = CARTESIAN_POINT('',(2.690565841794,156.37671269327));
#280 = CARTESIAN_POINT('',(2.690565841794,185.67401524));
#281 = ( GEOMETRIC_REPRESENTATION_CONTEXT(2) 
PARAMETRIC_REPRESENTATION_CONTEXT() REPRESENTATION_CONTEXT('2D SPACE',''
  ) );
#282 = PCURVE('',#283,#288);
#283 = PLANE('',#284);
#284 = AXIS2_PLACEMENT_3D('',#285,#286,#287);
#285 = CARTESIAN_POINT('',(-11.43,-39.23021597841,153.10940292287));
#286 = DIRECTION('',(-1.,0.,0.));
#287 = DIRECTION('',(0.,0.996194698092,-8.715574274766E-02));
#288 = DEFINITIONAL_REPRESENTATION('',(#289),#292);
#289 = B_SPLINE_CURVE_WITH_KNOTS('',1,(#290,#291),.UNSPECIFIED.,.F.,.F.,
  (2,2),(6.156563491861,7.3100006),.PIECEWISE_BEZIER_KNOTS.);
#290 = CARTESIAN_POINT('',(5.535801658297,-6.00871269327));
#291 = CARTESIAN_POINT('',(5.535801658297,-35.30601524));
#292 = ( GEOMETRIC_REPRESENTATION_CONTEXT(2) 
PARAMETRIC_REPRESENTATION_CONTEXT() REPRESENTATION_CONTEXT('2D SPACE',''
  ) );
#293 = ORIENTED_EDGE('',*,*,#294,.T.);
#294 = EDGE_CURVE('',#269,#295,#297,.T.);
#295 = VERTEX_POINT('',#296);
#296 = CARTESIAN_POINT('',(-8.89,-28.96189436717,166.41470451988));
#297 = SURFACE_CURVE('',#298,(#319,#343),.PCURVE_S1.);
#298 = B_SPLINE_CURVE_WITH_KNOTS('',7,(#299,#300,#301,#302,#303,#304,
    #305,#306,#307,#308,#309,#310,#311,#312,#313,#314,#315,#316,#317,
    #318),.UNSPECIFIED.,.F.,.F.,(8,6,6,8),(0.,0.581573205574,
    0.917148443537,1.),.UNSPECIFIED.);
#299 = CARTESIAN_POINT('',(-11.43,-32.47717928142,166.78076475975));
#300 = CARTESIAN_POINT('',(-11.43,-32.52008730239,166.29032383582));
#301 = CARTESIAN_POINT('',(-11.37434594725,-32.43737653162,
    165.91689062921));
#302 = CARTESIAN_POINT('',(-11.2680925902,-32.24024134311,
    165.65503343596));
#303 = CARTESIAN_POINT('',(-11.11155869751,-31.94802733877,
    165.49337396828));
#304 = CARTESIAN_POINT('',(-10.90438673428,-31.59126564084,
    165.42211668471));
#305 = CARTESIAN_POINT('',(-10.65908988089,-31.20634379234,
    165.43073695678));
#306 = CARTESIAN_POINT('',(-10.24903123333,-30.61000942288,
    165.53574695718));
#307 = CARTESIAN_POINT('',(-10.08986692992,-30.38793486343,
    165.59455878282));
#308 = CARTESIAN_POINT('',(-9.923045679792,-30.16528308657,
    165.67218225808));
#309 = CARTESIAN_POINT('',(-9.750108700346,-29.94461588302,
    165.76730322449));
#310 = CARTESIAN_POINT('',(-9.572518207584,-29.72775983714,
    165.87888109178));
#311 = CARTESIAN_POINT('',(-9.391566951187,-29.51590225674,
    166.00619739662));
#312 = CARTESIAN_POINT('',(-9.163110337922,-29.25888380946,
    166.1841864058));
#313 = CARTESIAN_POINT('',(-9.117756422302,-29.20836461173,
    166.22035410895));
#314 = CARTESIAN_POINT('',(-9.072306865019,-29.15823422007,
    166.25743606465));
#315 = CARTESIAN_POINT('',(-9.026783973505,-29.10850808617,
    166.29542207789));
#316 = CARTESIAN_POINT('',(-8.981210164,-29.05920063632,166.33430208744)
  );
#317 = CARTESIAN_POINT('',(-8.935607961547,-29.01032527146,
    166.37406616595));
#318 = CARTESIAN_POINT('',(-8.89,-28.96189436717,166.41470451988));
#319 = PCURVE('',#32,#320);
#320 = DEFINITIONAL_REPRESENTATION('',(#321),#342);
#321 = B_SPLINE_CURVE_WITH_KNOTS('',7,(#322,#323,#324,#325,#326,#327,
    #328,#329,#330,#331,#332,#333,#334,#335,#336,#337,#338,#339,#340,
    #341),.UNSPECIFIED.,.F.,.F.,(8,6,6,8),(0.,0.581573205574,
    0.917148443537,1.),.UNSPECIFIED.);
#322 = CARTESIAN_POINT('',(2.690565841794,164.57590410672));
#323 = CARTESIAN_POINT('',(2.690565841794,164.08358977813));
#324 = CARTESIAN_POINT('',(2.680510793035,163.71878631628));
#325 = CARTESIAN_POINT('',(2.661326244479,163.47510703248));
#326 = CARTESIAN_POINT('',(2.634333884101,163.33953085647));
#327 = CARTESIAN_POINT('',(2.60158580023,163.29963855915));
#328 = CARTESIAN_POINT('',(2.565822679521,163.34177417808));
#329 = CARTESIAN_POINT('',(2.50957601004,163.49835854863));
#330 = CARTESIAN_POINT('',(2.488448577668,163.57630165068));
#331 = CARTESIAN_POINT('',(2.467029478425,163.67303512617));
#332 = CARTESIAN_POINT('',(2.445527763829,163.78702654261));
#333 = CARTESIAN_POINT('',(2.424104232047,163.91708007218));
#334 = CARTESIAN_POINT('',(2.402876031816,164.06237650482));
#335 = CARTESIAN_POINT('',(2.376755419123,164.26208884576));
#336 = CARTESIAN_POINT('',(2.371602734765,164.30252195807));
#337 = CARTESIAN_POINT('',(2.366471299305,164.34383195726));
#338 = CARTESIAN_POINT('',(2.361362932716,164.38600734038));
#339 = CARTESIAN_POINT('',(2.35627941347,164.42903682717));
#340 = CARTESIAN_POINT('',(2.351222478542,164.47290936009));
#341 = CARTESIAN_POINT('',(2.346193823406,164.51761410424));
#342 = ( GEOMETRIC_REPRESENTATION_CONTEXT(2) 
PARAMETRIC_REPRESENTATION_CONTEXT() REPRESENTATION_CONTEXT('2D SPACE',''
  ) );
#343 = PCURVE('',#344,#349);
#344 = CYLINDRICAL_SURFACE('',#345,2.54);
#345 = AXIS2_PLACEMENT_3D('',#346,#347,#348);
#346 = CARTESIAN_POINT('',(-8.89,-40.42014533386,160.1158248747));
#347 = DIRECTION('',(0.,0.766044443119,0.642787609687));
#348 = DIRECTION('',(-1.,0.,0.));
#349 = DEFINITIONAL_REPRESENTATION('',(#350),#371);
#350 = B_SPLINE_CURVE_WITH_KNOTS('',7,(#351,#352,#353,#354,#355,#356,
    #357,#358,#359,#360,#361,#362,#363,#364,#365,#366,#367,#368,#369,
    #370),.UNSPECIFIED.,.F.,.F.,(8,6,6,8),(0.,0.581573205574,
    0.917148443537,1.),.UNSPECIFIED.);
#351 = CARTESIAN_POINT('',(0.,10.368805783771));
#352 = CARTESIAN_POINT('',(-0.137054645757,10.020686983548));
#353 = CARTESIAN_POINT('',(-0.270604661541,9.844008871632));
#354 = CARTESIAN_POINT('',(-0.403700477078,9.826704628001));
#355 = CARTESIAN_POINT('',(-0.537986713552,9.946640839422));
#356 = CARTESIAN_POINT('',(-0.673341226058,10.174132856659));
#357 = CARTESIAN_POINT('',(-0.807356140358,10.47454110381));
#358 = CARTESIAN_POINT('',(-1.008058903279,10.998858860933));
#359 = CARTESIAN_POINT('',(-1.081315013032,11.206781355975));
#360 = CARTESIAN_POINT('',(-1.154358141797,11.427237920508));
#361 = CARTESIAN_POINT('',(-1.227185235244,11.657421384199));
#362 = CARTESIAN_POINT('',(-1.299839001571,11.895263623709));
#363 = CARTESIAN_POINT('',(-1.372425231116,12.139393289174));
#364 = CARTESIAN_POINT('',(-1.463083648343,12.450689972255));
#365 = CARTESIAN_POINT('',(-1.481033943536,12.512638074396));
#366 = CARTESIAN_POINT('',(-1.498984156956,12.574876004027));
#367 = CARTESIAN_POINT('',(-1.516934914167,12.637385371232));
#368 = CARTESIAN_POINT('',(-1.534886815574,12.700148657599));
#369 = CARTESIAN_POINT('',(-1.552840436422,12.763149216227));
#370 = CARTESIAN_POINT('',(-1.570796326795,12.82637127172));
#371 = ( GEOMETRIC_REPRESENTATION_CONTEXT(2) 
PARAMETRIC_REPRESENTATION_CONTEXT() REPRESENTATION_CONTEXT('2D SPACE',''
  ) );
#372 = ORIENTED_EDGE('',*,*,#373,.F.);
#373 = EDGE_CURVE('',#374,#295,#376,.T.);
#374 = VERTEX_POINT('',#375);
#375 = CARTESIAN_POINT('',(8.89,-28.96189436717,166.41470451988));
#376 = SURFACE_CURVE('',#377,(#382,#395),.PCURVE_S1.);
#377 = ELLIPSE('',#378,17.960512242138,12.7);
#378 = AXIS2_PLACEMENT_3D('',#379,#380,#381);
#379 = CARTESIAN_POINT('',(0.,-38.78746480525,158.17007198918));
#380 = DIRECTION('',(0.,-0.642787609687,0.766044443119));
#381 = DIRECTION('',(0.,0.766044443119,0.642787609687));
#382 = PCURVE('',#32,#383);
#383 = DEFINITIONAL_REPRESENTATION('',(#384),#394);
#384 = B_SPLINE_CURVE_WITH_KNOTS('',8,(#385,#386,#387,#388,#389,#390,
    #391,#392,#393),.UNSPECIFIED.,.F.,.F.,(9,9),(5.285337899018,
    7.281032708423),.PIECEWISE_BEZIER_KNOTS.);
#385 = CARTESIAN_POINT('',(0.572948918634,162.33282743247));
#386 = CARTESIAN_POINT('',(0.822410769809,164.99505587457));
#387 = CARTESIAN_POINT('',(1.071872620986,167.16762627267));
#388 = CARTESIAN_POINT('',(1.321334472159,168.5980782217));
#389 = CARTESIAN_POINT('',(1.570796323338,169.09899443359));
#390 = CARTESIAN_POINT('',(1.820258174508,168.59807824508));
#391 = CARTESIAN_POINT('',(2.069720025689,167.16762631732));
#392 = CARTESIAN_POINT('',(2.319181876863,164.99505593651));
#393 = CARTESIAN_POINT('',(2.568643728039,162.33282750629));
#394 = ( GEOMETRIC_REPRESENTATION_CONTEXT(2) 
PARAMETRIC_REPRESENTATION_CONTEXT() REPRESENTATION_CONTEXT('2D SPACE',''
  ) );
#395 = PCURVE('',#396,#401);
#396 = PLANE('',#397);
#397 = AXIS2_PLACEMENT_3D('',#398,#399,#400);
#398 = CARTESIAN_POINT('',(-13.97,-47.04259516445,151.24319514946));
#399 = DIRECTION('',(0.,-0.642787609687,0.766044443119));
#400 = DIRECTION('',(0.,0.766044443119,0.642787609687));
#401 = DEFINITIONAL_REPRESENTATION('',(#402),#406);
#402 = ELLIPSE('',#403,17.960512242138,12.7);
#403 = AXIS2_PLACEMENT_2D('',#404,#405);
#404 = CARTESIAN_POINT('',(10.776307345283,-13.97));
#405 = DIRECTION('',(1.,0.));
#406 = ( GEOMETRIC_REPRESENTATION_CONTEXT(2) 
PARAMETRIC_REPRESENTATION_CONTEXT() REPRESENTATION_CONTEXT('2D SPACE',''
  ) );
#407 = ORIENTED_EDGE('',*,*,#408,.F.);
#408 = EDGE_CURVE('',#409,#374,#411,.T.);
#409 = VERTEX_POINT('',#410);
#410 = CARTESIAN_POINT('',(11.43,-32.47717928142,166.78076475975));
#411 = SURFACE_CURVE('',#412,(#439,#469),.PCURVE_S1.);
#412 = B_SPLINE_CURVE_WITH_KNOTS('',7,(#413,#414,#415,#416,#417,#418,
    #419,#420,#421,#422,#423,#424,#425,#426,#427,#428,#429,#430,#431,
    #432,#433,#434,#435,#436,#437,#438),.UNSPECIFIED.,.F.,.F.,(8,6,6,6,8
    ),(0.,5.274039589288E-02,0.583540470195,0.914959332673,1.),
  .UNSPECIFIED.);
#413 = CARTESIAN_POINT('',(11.43,-32.47717928142,166.78076475975));
#414 = CARTESIAN_POINT('',(11.43,-32.48103107,166.73673861476));
#415 = CARTESIAN_POINT('',(11.429551454723,-32.48388415016,
    166.69350157988));
#416 = CARTESIAN_POINT('',(11.428652404737,-32.48573285728,
    166.65107199984));
#417 = CARTESIAN_POINT('',(11.427301313103,-32.48657376761,
    166.60946655074));
#418 = CARTESIAN_POINT('',(11.425497065373,-32.48640569828,
    166.5687002401));
#419 = CARTESIAN_POINT('',(11.423238969591,-32.48522970727,
    166.52878640688));
#420 = CARTESIAN_POINT('',(11.393229975599,-32.46110253866,
    166.09672533812));
#421 = CARTESIAN_POINT('',(11.320762840628,-32.33805770607,
    165.80311942394));
#422 = CARTESIAN_POINT('',(11.207073196819,-32.12776674843,
    165.59986525512));
#423 = CARTESIAN_POINT('',(11.052939101752,-31.84827901067,
    165.47651925358));
#424 = CARTESIAN_POINT('',(10.860205941073,-31.52254481565,
    165.42482112166));
#425 = CARTESIAN_POINT('',(10.637514108182,-31.17496687859,
    165.43626219546));
#426 = CARTESIAN_POINT('',(10.250187144346,-30.61169042502,
    165.53545094534));
#427 = CARTESIAN_POINT('',(10.092321755171,-30.39136071837,
    165.59365303225));
#428 = CARTESIAN_POINT('',(9.926908433239,-30.17044060007,
    165.67038814527));
#429 = CARTESIAN_POINT('',(9.755451424835,-29.95143695253,
    165.76437003304));
#430 = CARTESIAN_POINT('',(9.579378356306,-29.73614245401,
    165.87457887349));
#431 = CARTESIAN_POINT('',(9.399952323735,-29.52572728916,166.0003086853
    ));
#432 = CARTESIAN_POINT('',(9.171613188127,-29.26836230629,
    166.17741802856));
#433 = CARTESIAN_POINT('',(9.124857531658,-29.21620180798,
    166.21456860438));
#434 = CARTESIAN_POINT('',(9.077997197908,-29.16445273411,
    166.25269282798));
#435 = CARTESIAN_POINT('',(9.031056639944,-29.11313214183,166.2917794984
    ));
#436 = CARTESIAN_POINT('',(8.98406043407,-29.06225592435,166.3318175706)
  );
#437 = CARTESIAN_POINT('',(8.937033279828,-29.01183881101,
    166.37279615548));
#438 = CARTESIAN_POINT('',(8.89,-28.96189436717,166.41470451988));
#439 = PCURVE('',#32,#440);
#440 = DEFINITIONAL_REPRESENTATION('',(#441),#468);
#441 = B_SPLINE_CURVE_WITH_KNOTS('',7,(#442,#443,#444,#445,#446,#447,
    #448,#449,#450,#451,#452,#453,#454,#455,#456,#457,#458,#459,#460,
    #461,#462,#463,#464,#465,#466,#467),.UNSPECIFIED.,.F.,.F.,(8,6,6,6,8
    ),(0.,5.274039589288E-02,0.583540470195,0.914959332673,1.),
  .UNSPECIFIED.);
#442 = CARTESIAN_POINT('',(0.451026811796,164.57590410672));
#443 = CARTESIAN_POINT('',(0.451026811796,164.531709789));
#444 = CARTESIAN_POINT('',(0.451107838276,164.48838862178));
#445 = CARTESIAN_POINT('',(0.451270244978,164.44595937365));
#446 = CARTESIAN_POINT('',(0.451514223352,164.40443895568));
#447 = CARTESIAN_POINT('',(0.451839802558,164.36384242138));
#448 = CARTESIAN_POINT('',(0.452246849465,164.32418296671));
#449 = CARTESIAN_POINT('',(0.457648698445,163.89586884206));
#450 = CARTESIAN_POINT('',(0.470635585182,163.61410425079));
#451 = CARTESIAN_POINT('',(0.490641297631,163.42995159006));
#452 = CARTESIAN_POINT('',(0.516424337361,163.33143391867));
#453 = CARTESIAN_POINT('',(0.546403040177,163.30832211946));
#454 = CARTESIAN_POINT('',(0.578729466238,163.35001306978));
#455 = CARTESIAN_POINT('',(0.631858090267,163.49791715421));
#456 = CARTESIAN_POINT('',(0.652818167302,163.57510076384));
#457 = CARTESIAN_POINT('',(0.674067071255,163.67079833359));
#458 = CARTESIAN_POINT('',(0.69540035449,163.78351001747));
#459 = CARTESIAN_POINT('',(0.716660469665,163.91206363193));
#460 = CARTESIAN_POINT('',(0.737732404035,164.05565389382));
#461 = CARTESIAN_POINT('',(0.76387074924,164.25452011881));
#462 = CARTESIAN_POINT('',(0.769187868649,164.29607541244));
#463 = CARTESIAN_POINT('',(0.774482632644,164.33856479083));
#464 = CARTESIAN_POINT('',(0.779753040586,164.38197560901));
#465 = CARTESIAN_POINT('',(0.784997139067,164.42629547877));
#466 = CARTESIAN_POINT('',(0.790213021914,164.47151226872));
#467 = CARTESIAN_POINT('',(0.795398830184,164.51761410424));
#468 = ( GEOMETRIC_REPRESENTATION_CONTEXT(2) 
PARAMETRIC_REPRESENTATION_CONTEXT() REPRESENTATION_CONTEXT('2D SPACE',''
  ) );
#469 = PCURVE('',#470,#475);
#470 = CYLINDRICAL_SURFACE('',#471,2.54);
#471 = AXIS2_PLACEMENT_3D('',#472,#473,#474);
#472 = CARTESIAN_POINT('',(8.89,-26.6615947352,171.66061960757));
#473 = DIRECTION('',(-0.,-0.766044443119,-0.642787609687));
#474 = DIRECTION('',(1.,0.,0.));
#475 = DEFINITIONAL_REPRESENTATION('',(#476),#503);
#476 = B_SPLINE_CURVE_WITH_KNOTS('',7,(#477,#478,#479,#480,#481,#482,
    #483,#484,#485,#486,#487,#488,#489,#490,#491,#492,#493,#494,#495,
    #496,#497,#498,#499,#500,#501,#502),.UNSPECIFIED.,.F.,.F.,(8,6,6,6,8
    ),(0.,5.274039589288E-02,0.583540470195,0.914959332673,1.),
  .UNSPECIFIED.);
#477 = CARTESIAN_POINT('',(0.,7.591706458368));
#478 = CARTESIAN_POINT('',(-1.230318966463E-02,7.622956560116));
#479 = CARTESIAN_POINT('',(-2.462112441218E-02,7.652934376613));
#480 = CARTESIAN_POINT('',(-3.695275764608E-02,7.681623776766));
#481 = CARTESIAN_POINT('',(-4.929699861146E-02,7.709011418632));
#482 = CARTESIAN_POINT('',(-6.16527123952E-02,7.73508674942));
#483 = CARTESIAN_POINT('',(-7.401871992586E-02,7.759842005491));
#484 = CARTESIAN_POINT('',(-0.210941447571,8.019083023672));
#485 = CARTESIAN_POINT('',(-0.332642920581,8.113551457186));
#486 = CARTESIAN_POINT('',(-0.453758896852,8.083108498985));
#487 = CARTESIAN_POINT('',(-0.575322611294,7.948293752044));
#488 = CARTESIAN_POINT('',(-0.697183164396,7.731997800658));
#489 = CARTESIAN_POINT('',(-0.81791637905,7.458383472942));
#490 = CARTESIAN_POINT('',(-1.007493143882,6.963131376294));
#491 = CARTESIAN_POINT('',(-1.080184816492,6.75693744854));
#492 = CARTESIAN_POINT('',(-1.152666082914,6.538378439666));
#493 = CARTESIAN_POINT('',(-1.224934264506,6.310201519453));
#494 = CARTESIAN_POINT('',(-1.297031238679,6.074435488115));
#495 = CARTESIAN_POINT('',(-1.369060333249,5.832430555126));
#496 = CARTESIAN_POINT('',(-1.459717805394,5.521433848735));
#497 = CARTESIAN_POINT('',(-1.478229093667,5.45759665903));
#498 = CARTESIAN_POINT('',(-1.496740211567,5.393448789994));
#499 = CARTESIAN_POINT('',(-1.515251847698,5.329010508007));
#500 = CARTESIAN_POINT('',(-1.533764662348,5.264301087603));
#501 = CARTESIAN_POINT('',(-1.552279287492,5.199338811463));
#502 = CARTESIAN_POINT('',(-1.570796326795,5.134140970418));
#503 = ( GEOMETRIC_REPRESENTATION_CONTEXT(2) 
PARAMETRIC_REPRESENTATION_CONTEXT() REPRESENTATION_CONTEXT('2D SPACE',''
  ) );
#504 = ORIENTED_EDGE('',*,*,#505,.T.);
#505 = EDGE_CURVE('',#409,#506,#508,.T.);
#506 = VERTEX_POINT('',#507);
#507 = CARTESIAN_POINT('',(11.430000000003,-30.63835906329,
    187.79857602847));
#508 = SURFACE_CURVE('',#509,(#513,#519),.PCURVE_S1.);
#509 = LINE('',#510,#511);
#510 = CARTESIAN_POINT('',(11.43,-46.82091444221,2.831121654984));
#511 = VECTOR('',#512,25.4);
#512 = DIRECTION('',(0.,8.715574274766E-02,0.996194698092));
#513 = PCURVE('',#32,#514);
#514 = DEFINITIONAL_REPRESENTATION('',(#515),#518);
#515 = B_SPLINE_CURVE_WITH_KNOTS('',1,(#516,#517),.UNSPECIFIED.,.F.,.F.,
  (2,2),(6.156563491861,7.3100006),.PIECEWISE_BEZIER_KNOTS.);
#516 = CARTESIAN_POINT('',(0.451026811796,156.37671269327));
#517 = CARTESIAN_POINT('',(0.451026811796,185.67401524));
#518 = ( GEOMETRIC_REPRESENTATION_CONTEXT(2) 
PARAMETRIC_REPRESENTATION_CONTEXT() REPRESENTATION_CONTEXT('2D SPACE',''
  ) );
#519 = PCURVE('',#520,#525);
#520 = PLANE('',#521);
#521 = AXIS2_PLACEMENT_3D('',#522,#523,#524);
#522 = CARTESIAN_POINT('',(11.43,-39.23021597841,153.10940292287));
#523 = DIRECTION('',(-1.,0.,0.));
#524 = DIRECTION('',(0.,0.996194698092,-8.715574274766E-02));
#525 = DEFINITIONAL_REPRESENTATION('',(#526),#529);
#526 = B_SPLINE_CURVE_WITH_KNOTS('',1,(#527,#528),.UNSPECIFIED.,.F.,.F.,
  (2,2),(6.156563491861,7.3100006),.PIECEWISE_BEZIER_KNOTS.);
#527 = CARTESIAN_POINT('',(5.535801658297,-6.00871269327));
#528 = CARTESIAN_POINT('',(5.535801658297,-35.30601524));
#529 = ( GEOMETRIC_REPRESENTATION_CONTEXT(2) 
PARAMETRIC_REPRESENTATION_CONTEXT() REPRESENTATION_CONTEXT('2D SPACE',''
  ) );
#530 = ORIENTED_EDGE('',*,*,#531,.F.);
#531 = EDGE_CURVE('',#218,#506,#532,.T.);
#532 = SURFACE_CURVE('',#533,(#538,#545),.PCURVE_S1.);
#533 = CIRCLE('',#534,12.7);
#534 = AXIS2_PLACEMENT_3D('',#535,#536,#537);
#535 = CARTESIAN_POINT('',(0.,-36.15309532496,188.2810529337));
#536 = DIRECTION('',(-0.,8.715574274766E-02,0.996194698092));
#537 = DIRECTION('',(1.,0.,0.));
#538 = PCURVE('',#32,#539);
#539 = DEFINITIONAL_REPRESENTATION('',(#540),#544);
#540 = LINE('',#541,#542);
#541 = CARTESIAN_POINT('',(0.,185.674));
#542 = VECTOR('',#543,1.);
#543 = DIRECTION('',(1.,0.));
#544 = ( GEOMETRIC_REPRESENTATION_CONTEXT(2) 
PARAMETRIC_REPRESENTATION_CONTEXT() REPRESENTATION_CONTEXT('2D SPACE',''
  ) );
#545 = PCURVE('',#257,#546);
#546 = DEFINITIONAL_REPRESENTATION('',(#547),#550);
#547 = B_SPLINE_CURVE_WITH_KNOTS('',1,(#548,#549),.UNSPECIFIED.,.F.,.F.,
  (2,2),(0.,0.451026811795),.PIECEWISE_BEZIER_KNOTS.);
#548 = CARTESIAN_POINT('',(6.28318530718,0.));
#549 = CARTESIAN_POINT('',(6.734212118975,0.));
#550 = ( GEOMETRIC_REPRESENTATION_CONTEXT(2) 
PARAMETRIC_REPRESENTATION_CONTEXT() REPRESENTATION_CONTEXT('2D SPACE',''
  ) );
#551 = ORIENTED_EDGE('',*,*,#217,.F.);
#552 = ORIENTED_EDGE('',*,*,#553,.T.);
#553 = EDGE_CURVE('',#55,#554,#556,.T.);
#554 = VERTEX_POINT('',#555);
#555 = CARTESIAN_POINT('',(3.175,-38.82262870413,16.678909720037));
#556 = SURFACE_CURVE('',#557,(#584,#630),.PCURVE_S1.);
#557 = ( BOUNDED_CURVE() B_SPLINE_CURVE(9,(#558,#559,#560,#561,#562,#563
    ,#564,#565,#566,#567,#568,#569,#570,#571,#572,#573,#574,#575,#576,
    #577,#578,#579,#580,#581,#582,#583),.UNSPECIFIED.,.T.,.F.) 
B_SPLINE_CURVE_WITH_KNOTS((10,8,8,10),(3.313382892989E-02,1.590364765382
,3.147595701834,3.180729530764),.UNSPECIFIED.) CURVE() 
GEOMETRIC_REPRESENTATION_ITEM() RATIONAL_B_SPLINE_CURVE((1.,1.,1.,1.,1.,
    1.,1.,1.,1.,1.,1.,1.,1.,1.,1.,1.,1.,1.,1.,1.,1.,1.,1.,1.,1.,1.)) 
REPRESENTATION_ITEM('') );
#558 = CARTESIAN_POINT('',(12.7,-51.23667047991,15.875));
#559 = CARTESIAN_POINT('',(12.7,-46.86692053447,16.158533607772));
#560 = CARTESIAN_POINT('',(11.041214208681,-42.31574566987,
    16.453695383738));
#561 = CARTESIAN_POINT('',(7.484892929628,-38.40054759719,
    16.708186312064));
#562 = CARTESIAN_POINT('',(2.292454976485,-35.91925043737,
    16.864382424607));
#563 = CARTESIAN_POINT('',(-3.935799862849,-36.34466845233,
    16.838267248929));
#564 = CARTESIAN_POINT('',(-8.702283353691,-39.28879716892,
    16.650679540636));
#565 = CARTESIAN_POINT('',(-11.83405033937,-43.46551624261,
    16.379216511938));
#566 = CARTESIAN_POINT('',(-13.0645872106,-48.11672219276,
    16.077419711612));
#567 = CARTESIAN_POINT('',(-12.21381157924,-56.86277705536,
    15.509971606789));
#568 = CARTESIAN_POINT('',(-10.13058570081,-60.96208620775,
    15.244175367264));
#569 = CARTESIAN_POINT('',(-6.588779990491,-64.08268089224,
    15.042471426253));
#570 = CARTESIAN_POINT('',(-2.153103911201,-65.69182538616,
    14.939998374511));
#571 = CARTESIAN_POINT('',(2.587655138553,-65.63746208451,
    14.943443603886));
#572 = CARTESIAN_POINT('',(7.022688746483,-63.88655345488,
    15.055044043615));
#573 = CARTESIAN_POINT('',(10.485623320288,-60.59079846129,
    15.268193468566));
#574 = CARTESIAN_POINT('',(12.393759186566,-56.40042374804,
    15.539958807506));
#575 = CARTESIAN_POINT('',(12.679091008268,-51.97785983228,
    15.826908108281));
#576 = CARTESIAN_POINT('',(12.68430112716,-51.8855898535,15.83289491178)
  );
#577 = CARTESIAN_POINT('',(12.68877428437,-51.79319726829,
    15.838889713505));
#578 = CARTESIAN_POINT('',(12.692508032894,-51.70068928124,
    15.844892040481));
#579 = CARTESIAN_POINT('',(12.695499925725,-51.60807309697,
    15.850901419733));
#580 = CARTESIAN_POINT('',(12.697747515856,-51.51535592009,
    15.856917378286));
#581 = CARTESIAN_POINT('',(12.699248356284,-51.42254495521,
    15.862939443165));
#582 = CARTESIAN_POINT('',(12.7,-51.32964740695,15.868967141394));
#583 = CARTESIAN_POINT('',(12.7,-51.23667047991,15.875));
#584 = PCURVE('',#32,#585);
#585 = DEFINITIONAL_REPRESENTATION('',(#586),#629);
#586 = B_SPLINE_CURVE_WITH_KNOTS('',11,(#587,#588,#589,#590,#591,#592,
    #593,#594,#595,#596,#597,#598,#599,#600,#601,#602,#603,#604,#605,
    #606,#607,#608,#609,#610,#611,#612,#613,#614,#615,#616,#617,#618,
    #619,#620,#621,#622,#623,#624,#625,#626,#627,#628),.UNSPECIFIED.,.F.
  ,.F.,(12,10,10,10,12),(3.313382892989E-02,1.606931679847,
    2.393830605305,2.787280068035,3.180729530764),.UNSPECIFIED.);
#587 = CARTESIAN_POINT('',(1.622292414218E-14,12.6093839526));
#588 = CARTESIAN_POINT('',(0.281819107121,13.157860452347));
#589 = CARTESIAN_POINT('',(0.572923088089,13.725067767165));
#590 = CARTESIAN_POINT('',(0.871155570478,14.243594010948));
#591 = CARTESIAN_POINT('',(1.177257570299,14.654256644237));
#592 = CARTESIAN_POINT('',(1.486906529686,14.855371490167));
#593 = CARTESIAN_POINT('',(1.797507478655,14.799458063988));
#594 = CARTESIAN_POINT('',(2.105411618532,14.50382077771));
#595 = CARTESIAN_POINT('',(2.406481140665,14.033527547304));
#596 = CARTESIAN_POINT('',(2.701055751075,13.481142454163));
#597 = CARTESIAN_POINT('',(2.989458936176,12.901465794467));
#598 = CARTESIAN_POINT('',(3.413665404763,12.082969395251));
#599 = CARTESIAN_POINT('',(3.553677464804,11.818370422642));
#600 = CARTESIAN_POINT('',(3.692402357792,11.56913543433));
#601 = CARTESIAN_POINT('',(3.829971796344,11.341417113768));
#602 = CARTESIAN_POINT('',(3.966541176453,11.140406283807));
#603 = CARTESIAN_POINT('',(4.102284477303,10.970348186387));
#604 = CARTESIAN_POINT('',(4.237389161153,10.834558762301));
#605 = CARTESIAN_POINT('',(4.372051073141,10.735440930931));
#606 = CARTESIAN_POINT('',(4.506469341164,10.674500869956));
#607 = CARTESIAN_POINT('',(4.640841275697,10.652364295127));
#608 = CARTESIAN_POINT('',(4.842615266628,10.677006962391));
#609 = CARTESIAN_POINT('',(4.909905684216,10.694856966412));
#610 = CARTESIAN_POINT('',(4.977253142109,10.722323883051));
#611 = CARTESIAN_POINT('',(5.044680281513,10.759325997407));
#612 = CARTESIAN_POINT('',(5.112207765122,10.805718748528));
#613 = CARTESIAN_POINT('',(5.179854277154,10.861294729622));
#614 = CARTESIAN_POINT('',(5.247636523313,10.925783687792));
#615 = CARTESIAN_POINT('',(5.315569230818,10.998852524303));
#616 = CARTESIAN_POINT('',(5.383665148386,11.080105294364));
#617 = CARTESIAN_POINT('',(5.451935046242,11.169083207272));
#618 = CARTESIAN_POINT('',(5.588840385982,11.3614460454));
#619 = CARTESIAN_POINT('',(5.657540971827,11.464952887955));
#620 = CARTESIAN_POINT('',(5.725902070923,11.574097031785));
#621 = CARTESIAN_POINT('',(5.796433115964,11.693155387663));
#622 = CARTESIAN_POINT('',(5.86246799709,11.808485872746));
#623 = CARTESIAN_POINT('',(5.936315631324,11.943315113839));
#624 = CARTESIAN_POINT('',(6.001485389708,12.064762568188));
#625 = CARTESIAN_POINT('',(6.074054692499,12.203287986503));
#626 = CARTESIAN_POINT('',(6.142892670744,12.336349056956));
#627 = CARTESIAN_POINT('',(6.212730530399,12.472264827664));
#628 = CARTESIAN_POINT('',(6.28318530718,12.6093839526));
#629 = ( GEOMETRIC_REPRESENTATION_CONTEXT(2) 
PARAMETRIC_REPRESENTATION_CONTEXT() REPRESENTATION_CONTEXT('2D SPACE',''
  ) );
#630 = PCURVE('',#132,#631);
#631 = DEFINITIONAL_REPRESENTATION('',(#632),#635);
#632 = B_SPLINE_CURVE_WITH_KNOTS('',1,(#633,#634),.UNSPECIFIED.,.F.,.F.,
  (2,2),(3.313382892989E-02,0.669304484342),.PIECEWISE_BEZIER_KNOTS.);
#633 = CARTESIAN_POINT('',(0.,3.180729530764));
#634 = CARTESIAN_POINT('',(0.,3.816900186176));
#635 = ( GEOMETRIC_REPRESENTATION_CONTEXT(2) 
PARAMETRIC_REPRESENTATION_CONTEXT() REPRESENTATION_CONTEXT('2D SPACE',''
  ) );
#636 = ORIENTED_EDGE('',*,*,#637,.T.);
#637 = EDGE_CURVE('',#554,#638,#640,.T.);
#638 = VERTEX_POINT('',#639);
#639 = CARTESIAN_POINT('',(3.175,-36.5505469182,42.649096920274));
#640 = SURFACE_CURVE('',#641,(#645,#651),.PCURVE_S1.);
#641 = LINE('',#642,#643);
#642 = CARTESIAN_POINT('',(3.175,-40.08572131985,2.241868610119));
#643 = VECTOR('',#644,25.4);
#644 = DIRECTION('',(0.,8.715574274766E-02,0.996194698092));
#645 = PCURVE('',#32,#646);
#646 = DEFINITIONAL_REPRESENTATION('',(#647),#650);
#647 = B_SPLINE_CURVE_WITH_KNOTS('',1,(#648,#649),.UNSPECIFIED.,.F.,.F.,
  (2,2),(0.419383821068,2.06662435891),.PIECEWISE_BEZIER_KNOTS.);
#648 = CARTESIAN_POINT('',(1.318116071653,10.652349055127));
#649 = CARTESIAN_POINT('',(1.318116071653,52.49225871631));
#650 = ( GEOMETRIC_REPRESENTATION_CONTEXT(2) 
PARAMETRIC_REPRESENTATION_CONTEXT() REPRESENTATION_CONTEXT('2D SPACE',''
  ) );
#651 = PCURVE('',#652,#657);
#652 = PLANE('',#653);
#653 = AXIS2_PLACEMENT_3D('',#654,#655,#656);
#654 = CARTESIAN_POINT('',(3.175,-28.9858089499,20.016315315033));
#655 = DIRECTION('',(1.,0.,0.));
#656 = DIRECTION('',(0.,1.,0.));
#657 = DEFINITIONAL_REPRESENTATION('',(#658),#661);
#658 = B_SPLINE_CURVE_WITH_KNOTS('',1,(#659,#660),.UNSPECIFIED.,.F.,.F.,
  (2,2),(0.419383821068,2.06662435891),.PIECEWISE_BEZIER_KNOTS.);
#659 = CARTESIAN_POINT('',(-10.17149897604,-7.162633053973));
#660 = CARTESIAN_POINT('',(-6.524910573027,34.518063119134));
#661 = ( GEOMETRIC_REPRESENTATION_CONTEXT(2) 
PARAMETRIC_REPRESENTATION_CONTEXT() REPRESENTATION_CONTEXT('2D SPACE',''
  ) );
#662 = ORIENTED_EDGE('',*,*,#663,.T.);
#663 = EDGE_CURVE('',#638,#664,#666,.T.);
#664 = VERTEX_POINT('',#665);
#665 = CARTESIAN_POINT('',(1.651,-36.09960936263,44.412790275403));
#666 = SURFACE_CURVE('',#667,(#682,#700),.PCURVE_S1.);
#667 = B_SPLINE_CURVE_WITH_KNOTS('',7,(#668,#669,#670,#671,#672,#673,
    #674,#675,#676,#677,#678,#679,#680,#681),.UNSPECIFIED.,.F.,.F.,(8,6,
    8),(0.,0.214942257521,1.),.UNSPECIFIED.);
#668 = CARTESIAN_POINT('',(3.175,-36.5505469182,42.649096920274));
#669 = CARTESIAN_POINT('',(3.175,-36.54185927064,42.748397186349));
#670 = CARTESIAN_POINT('',(3.170865294155,-36.53219116429,
    42.846650562442));
#671 = CARTESIAN_POINT('',(3.16259315034,-36.52157625803,42.943473882335
    ));
#672 = CARTESIAN_POINT('',(3.150204750289,-36.51006131071,
    43.038503335431));
#673 = CARTESIAN_POINT('',(3.133745189598,-36.49770618116,
    43.131394466761));
#674 = CARTESIAN_POINT('',(3.113283477722,-36.48458382817,
    43.221822176978));
#675 = CARTESIAN_POINT('',(2.999899818203,-36.42036417316,
    43.629645870625));
#676 = CARTESIAN_POINT('',(2.858729872838,-36.36085066001,
    43.912909804032));
#677 = CARTESIAN_POINT('',(2.669912199682,-36.29634026344,
    44.144446319167));
#678 = CARTESIAN_POINT('',(2.44210450849,-36.23287191189,44.31376218007)
  );
#679 = CARTESIAN_POINT('',(2.187313189819,-36.17675803886,
    44.415531916364));
#680 = CARTESIAN_POINT('',(1.919107503114,-36.13182049067,
    44.447942553254));
#681 = CARTESIAN_POINT('',(1.651,-36.09960936263,44.412790275403));
#682 = PCURVE('',#32,#683);
#683 = DEFINITIONAL_REPRESENTATION('',(#684),#699);
#684 = B_SPLINE_CURVE_WITH_KNOTS('',7,(#685,#686,#687,#688,#689,#690,
    #691,#692,#693,#694,#695,#696,#697,#698),.UNSPECIFIED.,.F.,.F.,(8,6,
    8),(0.,0.214942257521,1.),.UNSPECIFIED.);
#685 = CARTESIAN_POINT('',(1.318116071653,40.561577357877));
#686 = CARTESIAN_POINT('',(1.318116071653,40.661256934835));
#687 = CARTESIAN_POINT('',(1.318452327256,40.759979058159));
#688 = CARTESIAN_POINT('',(1.319125036972,40.857359086127));
#689 = CARTESIAN_POINT('',(1.320132292791,40.953030517251));
#690 = CARTESIAN_POINT('',(1.321470080183,41.046644990274));
#691 = CARTESIAN_POINT('',(1.323132278095,41.137872284174));
#692 = CARTESIAN_POINT('',(1.332336521516,41.549741197273));
#693 = CARTESIAN_POINT('',(1.343780991069,41.837114170335));
#694 = CARTESIAN_POINT('',(1.359047464529,42.073392070656));
#695 = CARTESIAN_POINT('',(1.377378400525,42.24759526491));
#696 = CARTESIAN_POINT('',(1.397767060422,42.353868382915));
#697 = CARTESIAN_POINT('',(1.419135840217,42.390072252936));
#698 = CARTESIAN_POINT('',(1.440427347092,42.357861124904));
#699 = ( GEOMETRIC_REPRESENTATION_CONTEXT(2) 
PARAMETRIC_REPRESENTATION_CONTEXT() REPRESENTATION_CONTEXT('2D SPACE',''
  ) );
#700 = PCURVE('',#701,#706);
#701 = CYLINDRICAL_SURFACE('',#702,1.524);
#702 = AXIS2_PLACEMENT_3D('',#703,#704,#705);
#703 = CARTESIAN_POINT('',(1.651,-2.345098724498,5.320400523594));
#704 = DIRECTION('',(0.,-0.675590207616,0.73727733681));
#705 = DIRECTION('',(1.,0.,0.));
#706 = DEFINITIONAL_REPRESENTATION('',(#707),#722);
#707 = B_SPLINE_CURVE_WITH_KNOTS('',7,(#708,#709,#710,#711,#712,#713,
    #714,#715,#716,#717,#718,#719,#720,#721),.UNSPECIFIED.,.F.,.F.,(8,6,
    8),(0.,0.214942257521,1.),.UNSPECIFIED.);
#708 = CARTESIAN_POINT('',(0.,50.630467712714));
#709 = CARTESIAN_POINT('',(4.822276445822E-02,50.697810258806));
#710 = CARTESIAN_POINT('',(9.645484236934E-02,50.763718568291));
#711 = CARTESIAN_POINT('',(0.144695466547,50.827932880999));
#712 = CARTESIAN_POINT('',(0.192943673464,50.890216557446));
#713 = CARTESIAN_POINT('',(0.241198303251,50.950356078825));
#714 = CARTESIAN_POINT('',(0.2894579997,51.008161047011));
#715 = CARTESIAN_POINT('',(0.513998353548,51.265454043689));
#716 = CARTESIAN_POINT('',(0.69033359879,51.43409137542));
#717 = CARTESIAN_POINT('',(0.866618732055,51.561215408461));
#718 = CARTESIAN_POINT('',(1.042805470021,51.643169558663));
#719 = CARTESIAN_POINT('',(1.218884883599,51.680292095681));
#720 = CARTESIAN_POINT('',(1.394872768321,51.673828356215));
#721 = CARTESIAN_POINT('',(1.570796326795,51.626149855743));
#722 = ( GEOMETRIC_REPRESENTATION_CONTEXT(2) 
PARAMETRIC_REPRESENTATION_CONTEXT() REPRESENTATION_CONTEXT('2D SPACE',''
  ) );
#723 = ORIENTED_EDGE('',*,*,#724,.F.);
#724 = EDGE_CURVE('',#725,#664,#727,.T.);
#725 = VERTEX_POINT('',#726);
#726 = CARTESIAN_POINT('',(-1.651,-36.09960936263,44.412790275403));
#727 = SURFACE_CURVE('',#728,(#733,#743),.PCURVE_S1.);
#728 = ELLIPSE('',#729,17.225539652348,12.7);
#729 = AXIS2_PLACEMENT_3D('',#730,#731,#732);
#730 = CARTESIAN_POINT('',(0.,-47.63826017453,57.005017997296));
#731 = DIRECTION('',(0.,-0.73727733681,-0.675590207616));
#732 = DIRECTION('',(0.,-0.675590207616,0.73727733681));
#733 = PCURVE('',#32,#734);
#734 = DEFINITIONAL_REPRESENTATION('',(#735),#742);
#735 = B_SPLINE_CURVE_WITH_KNOTS('',5,(#736,#737,#738,#739,#740,#741),
  .UNSPECIFIED.,.F.,.F.,(6,6),(2.836899999574,3.446285307605),
  .PIECEWISE_BEZIER_KNOTS.);
#736 = CARTESIAN_POINT('',(1.87548898081,42.79513423643));
#737 = CARTESIAN_POINT('',(1.753611919204,42.369634385321));
#738 = CARTESIAN_POINT('',(1.631734857598,42.150241590059));
#739 = CARTESIAN_POINT('',(1.509857795992,42.150241590059));
#740 = CARTESIAN_POINT('',(1.387980734386,42.369634385321));
#741 = CARTESIAN_POINT('',(1.266103672779,42.79513423643));
#742 = ( GEOMETRIC_REPRESENTATION_CONTEXT(2) 
PARAMETRIC_REPRESENTATION_CONTEXT() REPRESENTATION_CONTEXT('2D SPACE',''
  ) );
#743 = PCURVE('',#744,#749);
#744 = PLANE('',#745);
#745 = AXIS2_PLACEMENT_3D('',#746,#747,#748);
#746 = CARTESIAN_POINT('',(-3.175,-1.221488063199,6.35));
#747 = DIRECTION('',(0.,-0.73727733681,-0.675590207616));
#748 = DIRECTION('',(0.,-0.675590207616,0.73727733681));
#749 = DEFINITIONAL_REPRESENTATION('',(#750),#754);
#750 = ELLIPSE('',#751,17.225539652348,12.7);
#751 = AXIS2_PLACEMENT_2D('',#752,#753);
#752 = CARTESIAN_POINT('',(68.705513472661,-3.175));
#753 = DIRECTION('',(1.,0.));
#754 = ( GEOMETRIC_REPRESENTATION_CONTEXT(2) 
PARAMETRIC_REPRESENTATION_CONTEXT() REPRESENTATION_CONTEXT('2D SPACE',''
  ) );
#755 = ORIENTED_EDGE('',*,*,#756,.T.);
#756 = EDGE_CURVE('',#725,#24,#757,.T.);
#757 = SURFACE_CURVE('',#758,(#773,#791),.PCURVE_S1.);
#758 = B_SPLINE_CURVE_WITH_KNOTS('',7,(#759,#760,#761,#762,#763,#764,
    #765,#766,#767,#768,#769,#770,#771,#772),.UNSPECIFIED.,.F.,.F.,(8,6,
    8),(0.,0.785057742762,1.),.UNSPECIFIED.);
#759 = CARTESIAN_POINT('',(-1.651,-36.09960936263,44.412790275403));
#760 = CARTESIAN_POINT('',(-1.919107503013,-36.13182049065,
    44.44794255324));
#761 = CARTESIAN_POINT('',(-2.187313189753,-36.17675803884,
    44.415531916439));
#762 = CARTESIAN_POINT('',(-2.442104508312,-36.23287191188,
    44.31376217994));
#763 = CARTESIAN_POINT('',(-2.669912199213,-36.29634026328,
    44.144446319655));
#764 = CARTESIAN_POINT('',(-2.858729872919,-36.36085066001,
    43.912909804279));
#765 = CARTESIAN_POINT('',(-2.999899818285,-36.42036417321,
    43.629645870331));
#766 = CARTESIAN_POINT('',(-3.113283477659,-36.48458382814,
    43.221822177206));
#767 = CARTESIAN_POINT('',(-3.133745189529,-36.49770618113,
    43.13139446684));
#768 = CARTESIAN_POINT('',(-3.150204750241,-36.5100613107,
    43.038503335468));
#769 = CARTESIAN_POINT('',(-3.162593150317,-36.521576258,42.943473882616
    ));
#770 = CARTESIAN_POINT('',(-3.17086529415,-36.53219116423,
    42.846650563133));
#771 = CARTESIAN_POINT('',(-3.175,-36.54185927056,42.748397187189));
#772 = CARTESIAN_POINT('',(-3.175,-36.5505469182,42.649096920274));
#773 = PCURVE('',#32,#774);
#774 = DEFINITIONAL_REPRESENTATION('',(#775),#790);
#775 = B_SPLINE_CURVE_WITH_KNOTS('',7,(#776,#777,#778,#779,#780,#781,
    #782,#783,#784,#785,#786,#787,#788,#789),.UNSPECIFIED.,.F.,.F.,(8,6,
    8),(0.,0.785057742762,1.),.UNSPECIFIED.);
#776 = CARTESIAN_POINT('',(1.701165306498,42.357861124904));
#777 = CARTESIAN_POINT('',(1.722456813365,42.390072252924));
#778 = CARTESIAN_POINT('',(1.743825593162,42.353868382991));
#779 = CARTESIAN_POINT('',(1.764214253051,42.247595264782));
#780 = CARTESIAN_POINT('',(1.782545189023,42.073392071156));
#781 = CARTESIAN_POINT('',(1.797811662527,41.837114170582));
#782 = CARTESIAN_POINT('',(1.809256132081,41.549741196975));
#783 = CARTESIAN_POINT('',(1.81846037549,41.137872284404));
#784 = CARTESIAN_POINT('',(1.820122573401,41.046644990355));
#785 = CARTESIAN_POINT('',(1.821460360794,40.953030517288));
#786 = CARTESIAN_POINT('',(1.822467616616,40.85735908641));
#787 = CARTESIAN_POINT('',(1.823140326334,40.759979058853));
#788 = CARTESIAN_POINT('',(1.823476581937,40.661256935678));
#789 = CARTESIAN_POINT('',(1.823476581937,40.561577357877));
#790 = ( GEOMETRIC_REPRESENTATION_CONTEXT(2) 
PARAMETRIC_REPRESENTATION_CONTEXT() REPRESENTATION_CONTEXT('2D SPACE',''
  ) );
#791 = PCURVE('',#792,#797);
#792 = CYLINDRICAL_SURFACE('',#793,1.524);
#793 = AXIS2_PLACEMENT_3D('',#794,#795,#796);
#794 = CARTESIAN_POINT('',(-1.651,-2.345098724498,5.320400523594));
#795 = DIRECTION('',(0.,-0.675590207616,0.73727733681));
#796 = DIRECTION('',(-0.,0.73727733681,0.675590207616));
#797 = DEFINITIONAL_REPRESENTATION('',(#798),#813);
#798 = B_SPLINE_CURVE_WITH_KNOTS('',7,(#799,#800,#801,#802,#803,#804,
    #805,#806,#807,#808,#809,#810,#811,#812),.UNSPECIFIED.,.F.,.F.,(8,6,
    8),(0.,0.785057742762,1.),.UNSPECIFIED.);
#799 = CARTESIAN_POINT('',(0.,51.626149855743));
#800 = CARTESIAN_POINT('',(0.175923558407,51.673828356197));
#801 = CARTESIAN_POINT('',(0.351911443142,51.680292095721));
#802 = CARTESIAN_POINT('',(0.527990856686,51.643169558565));
#803 = CARTESIAN_POINT('',(0.704177594372,51.561215408711));
#804 = CARTESIAN_POINT('',(0.880462727923,51.434091375599));
#805 = CARTESIAN_POINT('',(1.056797973409,51.265454043503));
#806 = CARTESIAN_POINT('',(1.281338326969,51.008161047155));
#807 = CARTESIAN_POINT('',(1.329598023491,50.950356078866));
#808 = CARTESIAN_POINT('',(1.377852653306,50.890216557462));
#809 = CARTESIAN_POINT('',(1.426100860109,50.827932881186));
#810 = CARTESIAN_POINT('',(1.47434148409,50.763718568758));
#811 = CARTESIAN_POINT('',(1.522573561929,50.697810259376));
#812 = CARTESIAN_POINT('',(1.570796326795,50.630467712714));
#813 = ( GEOMETRIC_REPRESENTATION_CONTEXT(2) 
PARAMETRIC_REPRESENTATION_CONTEXT() REPRESENTATION_CONTEXT('2D SPACE',''
  ) );
#814 = ADVANCED_FACE('',(#815),#43,.F.);
#815 = FACE_BOUND('',#816,.F.);
#816 = EDGE_LOOP('',(#817,#845,#866,#867));
#817 = ORIENTED_EDGE('',*,*,#818,.T.);
#818 = EDGE_CURVE('',#819,#821,#823,.T.);
#819 = VERTEX_POINT('',#820);
#820 = CARTESIAN_POINT('',(-3.175,-29.15596158987,6.35));
#821 = VERTEX_POINT('',#822);
#822 = CARTESIAN_POINT('',(-3.175,-3.288552821481,6.35));
#823 = SURFACE_CURVE('',#824,(#828,#834),.PCURVE_S1.);
#824 = LINE('',#825,#826);
#825 = CARTESIAN_POINT('',(-3.175,-52.59290447495,6.35));
#826 = VECTOR('',#827,25.4);
#827 = DIRECTION('',(0.,1.,0.));
#828 = PCURVE('',#43,#829);
#829 = DEFINITIONAL_REPRESENTATION('',(#830),#833);
#830 = B_SPLINE_CURVE_WITH_KNOTS('',1,(#831,#832),.UNSPECIFIED.,.F.,.F.,
  (2,2),(0.172496709124,2.022496709124),.PIECEWISE_BEZIER_KNOTS.);
#831 = CARTESIAN_POINT('',(-19.22567911329,-13.66631531503));
#832 = CARTESIAN_POINT('',(27.764320886702,-13.66631531503));
#833 = ( GEOMETRIC_REPRESENTATION_CONTEXT(2) 
PARAMETRIC_REPRESENTATION_CONTEXT() REPRESENTATION_CONTEXT('2D SPACE',''
  ) );
#834 = PCURVE('',#835,#840);
#835 = PLANE('',#836);
#836 = AXIS2_PLACEMENT_3D('',#837,#838,#839);
#837 = CARTESIAN_POINT('',(-76.2,-76.2,6.35));
#838 = DIRECTION('',(0.,0.,1.));
#839 = DIRECTION('',(1.,0.,-0.));
#840 = DEFINITIONAL_REPRESENTATION('',(#841),#844);
#841 = B_SPLINE_CURVE_WITH_KNOTS('',1,(#842,#843),.UNSPECIFIED.,.F.,.F.,
  (2,2),(0.172496709124,2.022496709124),.PIECEWISE_BEZIER_KNOTS.);
#842 = CARTESIAN_POINT('',(73.025,27.988511936801));
#843 = CARTESIAN_POINT('',(73.025,74.978511936801));
#844 = ( GEOMETRIC_REPRESENTATION_CONTEXT(2) 
PARAMETRIC_REPRESENTATION_CONTEXT() REPRESENTATION_CONTEXT('2D SPACE',''
  ) );
#845 = ORIENTED_EDGE('',*,*,#846,.T.);
#846 = EDGE_CURVE('',#821,#24,#847,.T.);
#847 = SURFACE_CURVE('',#848,(#852,#859),.PCURVE_S1.);
#848 = LINE('',#849,#850);
#849 = CARTESIAN_POINT('',(-3.175,-2.345098724498,5.320400523594));
#850 = VECTOR('',#851,25.4);
#851 = DIRECTION('',(0.,-0.675590207616,0.73727733681));
#852 = PCURVE('',#43,#853);
#853 = DEFINITIONAL_REPRESENTATION('',(#854),#858);
#854 = LINE('',#855,#856);
#855 = CARTESIAN_POINT('',(26.640710225403,-14.69591479144));
#856 = VECTOR('',#857,1.);
#857 = DIRECTION('',(-0.675590207616,0.73727733681));
#858 = ( GEOMETRIC_REPRESENTATION_CONTEXT(2) 
PARAMETRIC_REPRESENTATION_CONTEXT() REPRESENTATION_CONTEXT('2D SPACE',''
  ) );
#859 = PCURVE('',#792,#860);
#860 = DEFINITIONAL_REPRESENTATION('',(#861),#865);
#861 = LINE('',#862,#863);
#862 = CARTESIAN_POINT('',(1.570796326795,0.));
#863 = VECTOR('',#864,1.);
#864 = DIRECTION('',(0.,1.));
#865 = ( GEOMETRIC_REPRESENTATION_CONTEXT(2) 
PARAMETRIC_REPRESENTATION_CONTEXT() REPRESENTATION_CONTEXT('2D SPACE',''
  ) );
#866 = ORIENTED_EDGE('',*,*,#21,.F.);
#867 = ORIENTED_EDGE('',*,*,#868,.F.);
#868 = EDGE_CURVE('',#819,#22,#869,.T.);
#869 = SURFACE_CURVE('',#870,(#891,#915),.PCURVE_S1.);
#870 = B_SPLINE_CURVE_WITH_KNOTS('',7,(#871,#872,#873,#874,#875,#876,
    #877,#878,#879,#880,#881,#882,#883,#884,#885,#886,#887,#888,#889,
    #890),.UNSPECIFIED.,.F.,.F.,(8,6,6,8),(0.,0.326711796767,
    0.56025628177,1.),.UNSPECIFIED.);
#871 = CARTESIAN_POINT('',(-3.175,-29.15596158987,6.35));
#872 = CARTESIAN_POINT('',(-3.175,-29.82066903443,6.35));
#873 = CARTESIAN_POINT('',(-3.175,-30.50865707799,6.403015486264));
#874 = CARTESIAN_POINT('',(-3.175,-31.21364238309,6.515544659675));
#875 = CARTESIAN_POINT('',(-3.175,-31.92713148187,6.693365243167));
#876 = CARTESIAN_POINT('',(-3.175,-32.63837551861,6.940144016199));
#877 = CARTESIAN_POINT('',(-3.175,-33.33519075681,7.256503225267));
#878 = CARTESIAN_POINT('',(-3.175,-34.48490779031,7.913354094313));
#879 = CARTESIAN_POINT('',(-3.175,-34.95070710085,8.221245706684));
#880 = CARTESIAN_POINT('',(-3.175,-35.39868308115,8.562178655728));
#881 = CARTESIAN_POINT('',(-3.175,-35.82453212822,8.934234650381));
#882 = CARTESIAN_POINT('',(-3.175,-36.22432930128,9.334625569621));
#883 = CARTESIAN_POINT('',(-3.175,-36.59478097846,9.759846205662));
#884 = CARTESIAN_POINT('',(-3.175,-37.57101175435,11.045985721337));
#885 = CARTESIAN_POINT('',(-3.175,-38.09584272074,11.960190147824));
#886 = CARTESIAN_POINT('',(-3.175,-38.49122082853,12.922328139666));
#887 = CARTESIAN_POINT('',(-3.175,-38.75069198112,13.900701520708));
#888 = CARTESIAN_POINT('',(-3.175,-38.88181510567,14.865934258115));
#889 = CARTESIAN_POINT('',(-3.175,-38.89987004823,15.796751207462));
#890 = CARTESIAN_POINT('',(-3.175,-38.82270138381,16.678906821791));
#891 = PCURVE('',#43,#892);
#892 = DEFINITIONAL_REPRESENTATION('',(#893),#914);
#893 = B_SPLINE_CURVE_WITH_KNOTS('',7,(#894,#895,#896,#897,#898,#899,
    #900,#901,#902,#903,#904,#905,#906,#907,#908,#909,#910,#911,#912,
    #913),.UNSPECIFIED.,.F.,.F.,(8,6,6,8),(0.,0.326711796767,
    0.56025628177,1.),.UNSPECIFIED.);
#894 = CARTESIAN_POINT('',(-0.170152639971,-13.66631531503));
#895 = CARTESIAN_POINT('',(-0.834860084532,-13.66631531503));
#896 = CARTESIAN_POINT('',(-1.522848128098,-13.61329982876));
#897 = CARTESIAN_POINT('',(-2.227833433196,-13.50077065535));
#898 = CARTESIAN_POINT('',(-2.941322531971,-13.32295007186));
#899 = CARTESIAN_POINT('',(-3.652566568712,-13.07617129883));
#900 = CARTESIAN_POINT('',(-4.349381806912,-12.75981208976));
#901 = CARTESIAN_POINT('',(-5.499098840415,-12.10296122072));
#902 = CARTESIAN_POINT('',(-5.964898150954,-11.79506960834));
#903 = CARTESIAN_POINT('',(-6.41287413125,-11.4541366593));
#904 = CARTESIAN_POINT('',(-6.838723178321,-11.08208066465));
#905 = CARTESIAN_POINT('',(-7.238520351384,-10.68168974541));
#906 = CARTESIAN_POINT('',(-7.60897202856,-10.25646910937));
#907 = CARTESIAN_POINT('',(-8.585202804458,-8.970329593696));
#908 = CARTESIAN_POINT('',(-9.110033770844,-8.056125167209));
#909 = CARTESIAN_POINT('',(-9.505411878637,-7.093987175368));
#910 = CARTESIAN_POINT('',(-9.764883031227,-6.115613794326));
#911 = CARTESIAN_POINT('',(-9.896006155771,-5.150381056918));
#912 = CARTESIAN_POINT('',(-9.914061098336,-4.219564107571));
#913 = CARTESIAN_POINT('',(-9.83689243391,-3.337408493242));
#914 = ( GEOMETRIC_REPRESENTATION_CONTEXT(2) 
PARAMETRIC_REPRESENTATION_CONTEXT() REPRESENTATION_CONTEXT('2D SPACE',''
  ) );
#915 = PCURVE('',#132,#916);
#916 = DEFINITIONAL_REPRESENTATION('',(#917),#938);
#917 = B_SPLINE_CURVE_WITH_KNOTS('',7,(#918,#919,#920,#921,#922,#923,
    #924,#925,#926,#927,#928,#929,#930,#931,#932,#933,#934,#935,#936,
    #937),.UNSPECIFIED.,.F.,.F.,(8,6,6,8),(0.,0.326711796767,
    0.56025628177,1.),.UNSPECIFIED.);
#918 = CARTESIAN_POINT('',(3.147595701834,0.85614333385));
#919 = CARTESIAN_POINT('',(3.000104418039,0.858124896531));
#920 = CARTESIAN_POINT('',(2.852771996595,0.860308089645));
#921 = CARTESIAN_POINT('',(2.705605441016,0.862706262272));
#922 = CARTESIAN_POINT('',(2.558600705896,0.865328622297));
#923 = CARTESIAN_POINT('',(2.41173911649,0.868172752052));
#924 = CARTESIAN_POINT('',(2.264991801188,0.871215434833));
#925 = CARTESIAN_POINT('',(2.013494919132,0.876679506911));
#926 = CARTESIAN_POINT('',(1.908700638191,0.879030730585));
#927 = CARTESIAN_POINT('',(1.80393970995,0.881435522864));
#928 = CARTESIAN_POINT('',(1.699198477448,0.883866506496));
#929 = CARTESIAN_POINT('',(1.594461301373,0.886287155683));
#930 = CARTESIAN_POINT('',(1.489713099605,0.888653803044));
#931 = CARTESIAN_POINT('',(1.187668205152,0.895190985554));
#932 = CARTESIAN_POINT('',(0.990293767665,0.899108985613));
#933 = CARTESIAN_POINT('',(0.792770354623,0.902379548455));
#934 = CARTESIAN_POINT('',(0.595007218032,0.904667030926));
#935 = CARTESIAN_POINT('',(0.396944051528,0.905816981994));
#936 = CARTESIAN_POINT('',(0.198589734511,0.905965491652));
#937 = CARTESIAN_POINT('',(0.,0.905298626067));
#938 = ( GEOMETRIC_REPRESENTATION_CONTEXT(2) 
PARAMETRIC_REPRESENTATION_CONTEXT() REPRESENTATION_CONTEXT('2D SPACE',''
  ) );
#939 = ADVANCED_FACE('',(#940),#792,.T.);
#940 = FACE_BOUND('',#941,.T.);
#941 = EDGE_LOOP('',(#942,#969,#970,#971));
#942 = ORIENTED_EDGE('',*,*,#943,.T.);
#943 = EDGE_CURVE('',#944,#821,#946,.T.);
#944 = VERTEX_POINT('',#945);
#945 = CARTESIAN_POINT('',(-1.651,-1.221488063199,6.35));
#946 = SURFACE_CURVE('',#947,(#952,#962),.PCURVE_S1.);
#947 = ELLIPSE('',#948,2.067064758282,1.524);
#948 = AXIS2_PLACEMENT_3D('',#949,#950,#951);
#949 = CARTESIAN_POINT('',(-1.651,-3.288552821481,6.35));
#950 = DIRECTION('',(0.,0.,1.));
#951 = DIRECTION('',(0.,-1.,0.));
#952 = PCURVE('',#792,#953);
#953 = DEFINITIONAL_REPRESENTATION('',(#954),#961);
#954 = B_SPLINE_CURVE_WITH_KNOTS('',5,(#955,#956,#957,#958,#959,#960),
  .UNSPECIFIED.,.F.,.F.,(6,6),(3.14159265359,4.712388980385),
  .PIECEWISE_BEZIER_KNOTS.);
#955 = CARTESIAN_POINT('',(-7.771561172376E-16,-7.931155732166E-16));
#956 = CARTESIAN_POINT('',(0.314159265359,-4.571860332805E-16));
#957 = CARTESIAN_POINT('',(0.628304271263,0.171788209755));
#958 = CARTESIAN_POINT('',(0.942480707061,0.51866330379));
#959 = CARTESIAN_POINT('',(1.256637061436,0.957768842237));
#960 = CARTESIAN_POINT('',(1.570796326795,1.396488709203));
#961 = ( GEOMETRIC_REPRESENTATION_CONTEXT(2) 
PARAMETRIC_REPRESENTATION_CONTEXT() REPRESENTATION_CONTEXT('2D SPACE',''
  ) );
#962 = PCURVE('',#835,#963);
#963 = DEFINITIONAL_REPRESENTATION('',(#964),#968);
#964 = ELLIPSE('',#965,2.067064758282,1.524);
#965 = AXIS2_PLACEMENT_2D('',#966,#967);
#966 = CARTESIAN_POINT('',(74.549,72.911447178519));
#967 = DIRECTION('',(0.,-1.));
#968 = ( GEOMETRIC_REPRESENTATION_CONTEXT(2) 
PARAMETRIC_REPRESENTATION_CONTEXT() REPRESENTATION_CONTEXT('2D SPACE',''
  ) );
#969 = ORIENTED_EDGE('',*,*,#846,.T.);
#970 = ORIENTED_EDGE('',*,*,#756,.F.);
#971 = ORIENTED_EDGE('',*,*,#972,.F.);
#972 = EDGE_CURVE('',#944,#725,#973,.T.);
#973 = SURFACE_CURVE('',#974,(#978,#985),.PCURVE_S1.);
#974 = LINE('',#975,#976);
#975 = CARTESIAN_POINT('',(-1.651,-1.221488063199,6.35));
#976 = VECTOR('',#977,25.4);
#977 = DIRECTION('',(0.,-0.675590207616,0.73727733681));
#978 = PCURVE('',#792,#979);
#979 = DEFINITIONAL_REPRESENTATION('',(#980),#984);
#980 = LINE('',#981,#982);
#981 = CARTESIAN_POINT('',(0.,0.));
#982 = VECTOR('',#983,1.);
#983 = DIRECTION('',(0.,1.));
#984 = ( GEOMETRIC_REPRESENTATION_CONTEXT(2) 
PARAMETRIC_REPRESENTATION_CONTEXT() REPRESENTATION_CONTEXT('2D SPACE',''
  ) );
#985 = PCURVE('',#744,#986);
#986 = DEFINITIONAL_REPRESENTATION('',(#987),#991);
#987 = LINE('',#988,#989);
#988 = CARTESIAN_POINT('',(0.,-1.524));
#989 = VECTOR('',#990,1.);
#990 = DIRECTION('',(1.,0.));
#991 = ( GEOMETRIC_REPRESENTATION_CONTEXT(2) 
PARAMETRIC_REPRESENTATION_CONTEXT() REPRESENTATION_CONTEXT('2D SPACE',''
  ) );
#992 = ADVANCED_FACE('',(#993),#132,.T.);
#993 = FACE_BOUND('',#994,.T.);
#994 = EDGE_LOOP('',(#995,#1120,#1192,#1193,#1194));
#995 = ORIENTED_EDGE('',*,*,#996,.T.);
#996 = EDGE_CURVE('',#819,#997,#999,.T.);
#997 = VERTEX_POINT('',#998);
#998 = CARTESIAN_POINT('',(3.175,-29.15591655725,6.35));
#999 = SURFACE_CURVE('',#1000,(#1033,#1084),.PCURVE_S1.);
#1000 = ( BOUNDED_CURVE() B_SPLINE_CURVE(9,(#1001,#1002,#1003,#1004,
    #1005,#1006,#1007,#1008,#1009,#1010,#1011,#1012,#1013,#1014,#1015,
    #1016,#1017,#1018,#1019,#1020,#1021,#1022,#1023,#1024,#1025,#1026,
    #1027,#1028,#1029,#1030,#1031,#1032),.UNSPECIFIED.,.F.,.F.) 
B_SPLINE_CURVE_WITH_KNOTS((10,8,8,6,10),(0.85614333385,1.590364765382,
3.147595701834,3.180729530764,3.865999663248),.UNSPECIFIED.) CURVE() 
GEOMETRIC_REPRESENTATION_ITEM() RATIONAL_B_SPLINE_CURVE((1.,1.,1.,1.,1.,
    1.,1.,1.,1.,1.,1.,1.,1.,1.,1.,1.,1.,1.,1.,1.,1.,1.,1.,0.999999999999
,1.000000000011,1.,1.,1.,1.,1.,1.,1.)) REPRESENTATION_ITEM('') );
#1001 = CARTESIAN_POINT('',(-3.175,-29.15596158987,6.35));
#1002 = CARTESIAN_POINT('',(-6.907328019258,-29.69730763219,6.35));
#1003 = CARTESIAN_POINT('',(-10.52973725696,-30.9535252401,6.35));
#1004 = CARTESIAN_POINT('',(-13.88016730237,-32.89647649178,6.35));
#1005 = CARTESIAN_POINT('',(-16.80654891546,-35.45158799705,6.35));
#1006 = CARTESIAN_POINT('',(-19.18474366476,-38.50303092072,6.35));
#1007 = CARTESIAN_POINT('',(-20.93266243483,-41.90849657586,6.35));
#1008 = CARTESIAN_POINT('',(-22.0116339784,-45.51994065261,6.35));
#1009 = CARTESIAN_POINT('',(-22.41128906855,-49.197319427,6.35));
#1010 = CARTESIAN_POINT('',(-21.62292675438,-60.45189217399,6.35));
#1011 = CARTESIAN_POINT('',(-18.15221837309,-67.78349288294,6.35));
#1012 = CARTESIAN_POINT('',(-11.96642985867,-73.52687903887,6.35));
#1013 = CARTESIAN_POINT('',(-3.94800237497,-76.60468549182,
    6.350000000001));
#1014 = CARTESIAN_POINT('',(4.73787994587,-76.49996720652,6.349999999999
    ));
#1015 = CARTESIAN_POINT('',(12.747623172306,-73.15778591207,6.35));
#1016 = CARTESIAN_POINT('',(18.766171695962,-67.10376511598,6.35));
#1017 = CARTESIAN_POINT('',(21.917010712621,-59.63029635628,6.35));
#1018 = CARTESIAN_POINT('',(22.203971475316,-51.90913653378,6.35));
#1019 = CARTESIAN_POINT('',(22.208653272888,-51.74811796558,6.35));
#1020 = CARTESIAN_POINT('',(22.212035349616,-51.58695711283,6.35));
#1021 = CARTESIAN_POINT('',(22.214114758182,-51.42566679301,6.35));
#1022 = CARTESIAN_POINT('',(22.214888551268,-51.26425982357,6.35));
#1023 = CARTESIAN_POINT('',(22.214353781558,-51.10274902197,6.35));
#1024 = CARTESIAN_POINT('',(22.174322949509,-47.59891657212,
    6.34999999999));
#1025 = CARTESIAN_POINT('',(21.516342287675,-44.05803721024,
    6.350000000134));
#1026 = CARTESIAN_POINT('',(20.214966103295,-40.61409081809,6.35));
#1027 = CARTESIAN_POINT('',(18.396459623551,-37.54066415219,6.35));
#1028 = CARTESIAN_POINT('',(16.040697814584,-34.80532281741,6.35));
#1029 = CARTESIAN_POINT('',(13.224356313875,-32.52514661015,6.35));
#1030 = CARTESIAN_POINT('',(10.055542993933,-30.79156294769,6.35));
#1031 = CARTESIAN_POINT('',(6.661446870716,-29.66156383016,6.35));
#1032 = CARTESIAN_POINT('',(3.175,-29.15591655725,6.35));
#1033 = PCURVE('',#132,#1034);
#1034 = DEFINITIONAL_REPRESENTATION('',(#1035),#1083);
#1035 = B_SPLINE_CURVE_WITH_KNOTS('',3,(#1036,#1037,#1038,#1039,#1040,
    #1041,#1042,#1043,#1044,#1045,#1046,#1047,#1048,#1049,#1050,#1051,
    #1052,#1053,#1054,#1055,#1056,#1057,#1058,#1059,#1060,#1061,#1062,
    #1063,#1064,#1065,#1066,#1067,#1068,#1069,#1070,#1071,#1072,#1073,
    #1074,#1075,#1076,#1077,#1078,#1079,#1080,#1081,#1082),
  .UNSPECIFIED.,.F.,.F.,(4,1,1,1,1,1,1,1,1,1,1,1,1,1,1,1,1,1,1,1,1,1,1,1
    ,1,1,1,1,1,1,1,1,1,1,1,1,1,1,1,1,1,1,1,1,4),(0.85614333385,
    0.924549159518,0.992954985186,1.061360810854,1.129766636523,
    1.198172462191,1.266578287859,1.334984113527,1.403389939195,
    1.471795764863,1.540201590531,1.6086074162,1.677013241868,
    1.745419067536,1.813824893204,1.882230718872,1.95063654454,
    2.019042370209,2.087448195877,2.155854021545,2.224259847213,
    2.292665672881,2.361071498549,2.429477324217,2.497883149886,
    2.566288975554,2.634694801222,2.70310062689,2.771506452558,
    2.839912278226,2.908318103894,2.976723929563,3.045129755231,
    3.113535580899,3.181941406567,3.250347232235,3.318753057903,
    3.387158883571,3.45556470924,3.523970534908,3.592376360576,
    3.660782186244,3.729188011912,3.79759383758,3.865999663248),
  .QUASI_UNIFORM_KNOTS.);
#1036 = CARTESIAN_POINT('',(3.147595701834,0.85614333385));
#1037 = CARTESIAN_POINT('',(3.147595701834,0.878945275739));
#1038 = CARTESIAN_POINT('',(3.147595701834,0.924549159518));
#1039 = CARTESIAN_POINT('',(3.147595701834,0.992954985186));
#1040 = CARTESIAN_POINT('',(3.147595701834,1.061360810854));
#1041 = CARTESIAN_POINT('',(3.147595701834,1.129766636523));
#1042 = CARTESIAN_POINT('',(3.147595701834,1.198172462191));
#1043 = CARTESIAN_POINT('',(3.147595701834,1.266578287859));
#1044 = CARTESIAN_POINT('',(3.147595701834,1.334984113527));
#1045 = CARTESIAN_POINT('',(3.147595701834,1.403389939195));
#1046 = CARTESIAN_POINT('',(3.147595701834,1.471795764863));
#1047 = CARTESIAN_POINT('',(3.147595701834,1.540201590531));
#1048 = CARTESIAN_POINT('',(3.147595701834,1.6086074162));
#1049 = CARTESIAN_POINT('',(3.147595701834,1.677013241868));
#1050 = CARTESIAN_POINT('',(3.147595701834,1.745419067536));
#1051 = CARTESIAN_POINT('',(3.147595701834,1.813824893204));
#1052 = CARTESIAN_POINT('',(3.147595701834,1.882230718872));
#1053 = CARTESIAN_POINT('',(3.147595701834,1.95063654454));
#1054 = CARTESIAN_POINT('',(3.147595701834,2.019042370209));
#1055 = CARTESIAN_POINT('',(3.147595701834,2.087448195877));
#1056 = CARTESIAN_POINT('',(3.147595701834,2.155854021545));
#1057 = CARTESIAN_POINT('',(3.147595701834,2.224259847213));
#1058 = CARTESIAN_POINT('',(3.147595701834,2.292665672881));
#1059 = CARTESIAN_POINT('',(3.147595701834,2.361071498549));
#1060 = CARTESIAN_POINT('',(3.147595701833,2.429477324217));
#1061 = CARTESIAN_POINT('',(3.147595701839,2.497883149887));
#1062 = CARTESIAN_POINT('',(3.147595701816,2.566288975548));
#1063 = CARTESIAN_POINT('',(3.1475957019,2.634694801243));
#1064 = CARTESIAN_POINT('',(3.147595701588,2.703100626812));
#1065 = CARTESIAN_POINT('',(3.14759570275,2.77150645285));
#1066 = CARTESIAN_POINT('',(3.147595698414,2.839912277136));
#1067 = CARTESIAN_POINT('',(3.147595714599,2.908318107965));
#1068 = CARTESIAN_POINT('',(3.147595654194,2.976723914371));
#1069 = CARTESIAN_POINT('',(3.14759587963,3.045129811926));
#1070 = CARTESIAN_POINT('',(3.147595038292,3.113535369309));
#1071 = CARTESIAN_POINT('',(3.147598178208,3.181942196232));
#1072 = CARTESIAN_POINT('',(3.147586796096,3.25034451525));
#1073 = CARTESIAN_POINT('',(3.147568645224,3.318748521324));
#1074 = CARTESIAN_POINT('',(3.147567484017,3.387155588683));
#1075 = CARTESIAN_POINT('',(3.147576833163,3.455563108807));
#1076 = CARTESIAN_POINT('',(3.147587270197,3.523970026039));
#1077 = CARTESIAN_POINT('',(3.147593360492,3.592376266841));
#1078 = CARTESIAN_POINT('',(3.147595414631,3.660782180758));
#1079 = CARTESIAN_POINT('',(3.147595699817,3.729188011791));
#1080 = CARTESIAN_POINT('',(3.147595719617,3.797593838345));
#1081 = CARTESIAN_POINT('',(3.147595659822,3.843197719646));
#1082 = CARTESIAN_POINT('',(3.147595701834,3.865999663249));
#1083 = ( GEOMETRIC_REPRESENTATION_CONTEXT(2) 
PARAMETRIC_REPRESENTATION_CONTEXT() REPRESENTATION_CONTEXT('2D SPACE',''
  ) );
#1084 = PCURVE('',#835,#1085);
#1085 = DEFINITIONAL_REPRESENTATION('',(#1086),#1119);
#1086 = ( BOUNDED_CURVE() B_SPLINE_CURVE(9,(#1087,#1088,#1089,#1090,
    #1091,#1092,#1093,#1094,#1095,#1096,#1097,#1098,#1099,#1100,#1101,
    #1102,#1103,#1104,#1105,#1106,#1107,#1108,#1109,#1110,#1111,#1112,
    #1113,#1114,#1115,#1116,#1117,#1118),.UNSPECIFIED.,.F.,.F.) 
B_SPLINE_CURVE_WITH_KNOTS((10,8,8,6,10),(0.85614333385,1.590364765382,
3.147595701834,3.180729530764,3.865999663248),.UNSPECIFIED.) CURVE() 
GEOMETRIC_REPRESENTATION_ITEM() RATIONAL_B_SPLINE_CURVE((1.,1.,1.,1.,1.,
    1.,1.,1.,1.,1.,1.,1.,1.,1.,1.,1.,1.,1.,1.,1.,1.,1.,1.,0.999999999999
,1.000000000011,1.,1.,1.,1.,1.,1.,1.)) REPRESENTATION_ITEM('') );
#1087 = CARTESIAN_POINT('',(73.025,47.044038410128));
#1088 = CARTESIAN_POINT('',(69.292671980742,46.502692367805));
#1089 = CARTESIAN_POINT('',(65.670262743034,45.246474759894));
#1090 = CARTESIAN_POINT('',(62.319832697628,43.303523508212));
#1091 = CARTESIAN_POINT('',(59.393451084537,40.748412002943));
#1092 = CARTESIAN_POINT('',(57.015256335232,37.696969079278));
#1093 = CARTESIAN_POINT('',(55.267337565165,34.291503424136));
#1094 = CARTESIAN_POINT('',(54.188366021594,30.680059347389));
#1095 = CARTESIAN_POINT('',(53.788710931447,27.002680573));
#1096 = CARTESIAN_POINT('',(54.577073245612,15.748107826005));
#1097 = CARTESIAN_POINT('',(58.047781626909,8.416507117054));
#1098 = CARTESIAN_POINT('',(64.233570141324,2.673120961122));
#1099 = CARTESIAN_POINT('',(72.25199762503,-0.40468549182));
#1100 = CARTESIAN_POINT('',(80.93787994587,-0.299967206528));
#1101 = CARTESIAN_POINT('',(88.947623172306,3.042214087928));
#1102 = CARTESIAN_POINT('',(94.966171695962,9.096234884012));
#1103 = CARTESIAN_POINT('',(98.117010712621,16.569703643714));
#1104 = CARTESIAN_POINT('',(98.403971475316,24.290863466211));
#1105 = CARTESIAN_POINT('',(98.408653272888,24.45188203442));
#1106 = CARTESIAN_POINT('',(98.412035349616,24.613042887167));
#1107 = CARTESIAN_POINT('',(98.414114758182,24.77433320699));
#1108 = CARTESIAN_POINT('',(98.414888551268,24.935740176429));
#1109 = CARTESIAN_POINT('',(98.414353781558,25.097250978022));
#1110 = CARTESIAN_POINT('',(98.374322949509,28.601083427873));
#1111 = CARTESIAN_POINT('',(97.716342287675,32.141962789752));
#1112 = CARTESIAN_POINT('',(96.414966103295,35.58590918191));
#1113 = CARTESIAN_POINT('',(94.596459623551,38.659335847804));
#1114 = CARTESIAN_POINT('',(92.240697814584,41.394677182589));
#1115 = CARTESIAN_POINT('',(89.424356313875,43.67485338985));
#1116 = CARTESIAN_POINT('',(86.255542993933,45.40843705231));
#1117 = CARTESIAN_POINT('',(82.861446870716,46.538436169831));
#1118 = CARTESIAN_POINT('',(79.375,47.044083442749));
#1119 = ( GEOMETRIC_REPRESENTATION_CONTEXT(2) 
PARAMETRIC_REPRESENTATION_CONTEXT() REPRESENTATION_CONTEXT('2D SPACE',''
  ) );
#1120 = ORIENTED_EDGE('',*,*,#1121,.T.);
#1121 = EDGE_CURVE('',#997,#554,#1122,.T.);
#1122 = SURFACE_CURVE('',#1123,(#1144,#1168),.PCURVE_S1.);
#1123 = B_SPLINE_CURVE_WITH_KNOTS('',7,(#1124,#1125,#1126,#1127,#1128,
    #1129,#1130,#1131,#1132,#1133,#1134,#1135,#1136,#1137,#1138,#1139,
    #1140,#1141,#1142,#1143),.UNSPECIFIED.,.F.,.F.,(8,6,6,8),(0.,
    0.326711850825,0.56025627187,1.),.UNSPECIFIED.);
#1124 = CARTESIAN_POINT('',(3.175,-29.15591655725,6.35));
#1125 = CARTESIAN_POINT('',(3.175,-29.82062848827,6.35));
#1126 = CARTESIAN_POINT('',(3.175,-30.50862096908,6.403015478677));
#1127 = CARTESIAN_POINT('',(3.175,-31.21361058278,6.515544643752));
#1128 = CARTESIAN_POINT('',(3.175,-31.92710375795,6.693365233495));
#1129 = CARTESIAN_POINT('',(3.175,-32.63835148692,6.940144058057));
#1130 = CARTESIAN_POINT('',(3.175,-33.33516984247,7.256503402526));
#1131 = CARTESIAN_POINT('',(3.175,-34.4848907063,7.913354569697));
#1132 = CARTESIAN_POINT('',(3.175,-34.95069111334,8.221246261526));
#1133 = CARTESIAN_POINT('',(3.175,-35.39866774912,8.562179324018));
#1134 = CARTESIAN_POINT('',(3.175,-35.82451694624,8.934235471763));
#1135 = CARTESIAN_POINT('',(3.175,-36.22431371337,9.334626579773));
#1136 = CARTESIAN_POINT('',(3.175,-36.59476440192,9.759847425103));
#1137 = CARTESIAN_POINT('',(3.175,-37.57099084409,11.045987786291));
#1138 = CARTESIAN_POINT('',(3.175,-38.09581690592,11.960192863136));
#1139 = CARTESIAN_POINT('',(3.175,-38.49118798839,12.922331376906));
#1140 = CARTESIAN_POINT('',(3.175,-38.75065045977,13.900704959877));
#1141 = CARTESIAN_POINT('',(3.175,-38.88176381987,14.865937601132));
#1142 = CARTESIAN_POINT('',(3.175,-38.89980826106,15.796754316416));
#1143 = CARTESIAN_POINT('',(3.175,-38.82262870413,16.678909720037));
#1144 = PCURVE('',#132,#1145);
#1145 = DEFINITIONAL_REPRESENTATION('',(#1146),#1167);
#1146 = B_SPLINE_CURVE_WITH_KNOTS('',7,(#1147,#1148,#1149,#1150,#1151,
    #1152,#1153,#1154,#1155,#1156,#1157,#1158,#1159,#1160,#1161,#1162,
    #1163,#1164,#1165,#1166),.UNSPECIFIED.,.F.,.F.,(8,6,6,8),(0.,
    0.326711850825,0.56025627187,1.),.UNSPECIFIED.);
#1147 = CARTESIAN_POINT('',(3.147595701834,3.865999663249));
#1148 = CARTESIAN_POINT('',(3.000104444213,3.864019720727));
#1149 = CARTESIAN_POINT('',(2.852772045112,3.86183837745));
#1150 = CARTESIAN_POINT('',(2.705605504879,3.859442317632));
#1151 = CARTESIAN_POINT('',(2.558600775023,3.856822367747));
#1152 = CARTESIAN_POINT('',(2.411739177856,3.853980976494));
#1153 = CARTESIAN_POINT('',(2.264991839507,3.850941371802));
#1154 = CARTESIAN_POINT('',(2.013494936844,3.845483097857));
#1155 = CARTESIAN_POINT('',(1.908700666141,3.843134446495));
#1156 = CARTESIAN_POINT('',(1.803939740464,3.840732367593));
#1157 = CARTESIAN_POINT('',(1.699198503917,3.838304213621));
#1158 = CARTESIAN_POINT('',(1.594461319205,3.835886467843));
#1159 = CARTESIAN_POINT('',(1.489713107169,3.833522737884));
#1160 = CARTESIAN_POINT('',(1.18766813043,3.826993805404));
#1161 = CARTESIAN_POINT('',(0.99029363122,3.823080996652));
#1162 = CARTESIAN_POINT('',(0.792770185605,3.819814978904));
#1163 = CARTESIAN_POINT('',(0.595007055228,3.817530785833));
#1164 = CARTESIAN_POINT('',(0.396943935455,3.81638248639));
#1165 = CARTESIAN_POINT('',(0.198589684181,3.816234213057));
#1166 = CARTESIAN_POINT('',(0.,3.816900186176));
#1167 = ( GEOMETRIC_REPRESENTATION_CONTEXT(2) 
PARAMETRIC_REPRESENTATION_CONTEXT() REPRESENTATION_CONTEXT('2D SPACE',''
  ) );
#1168 = PCURVE('',#652,#1169);
#1169 = DEFINITIONAL_REPRESENTATION('',(#1170),#1191);
#1170 = B_SPLINE_CURVE_WITH_KNOTS('',7,(#1171,#1172,#1173,#1174,#1175,
    #1176,#1177,#1178,#1179,#1180,#1181,#1182,#1183,#1184,#1185,#1186,
    #1187,#1188,#1189,#1190),.UNSPECIFIED.,.F.,.F.,(8,6,6,8),(0.,
    0.326711850825,0.56025627187,1.),.UNSPECIFIED.);
#1171 = CARTESIAN_POINT('',(-0.17010760735,-13.66631531503));
#1172 = CARTESIAN_POINT('',(-0.834819538375,-13.66631531503));
#1173 = CARTESIAN_POINT('',(-1.522812019186,-13.61329983635));
#1174 = CARTESIAN_POINT('',(-2.227801632885,-13.50077067128));
#1175 = CARTESIAN_POINT('',(-2.94129480805,-13.32295008153));
#1176 = CARTESIAN_POINT('',(-3.652542537019,-13.07617125697));
#1177 = CARTESIAN_POINT('',(-4.34936089257,-12.7598119125));
#1178 = CARTESIAN_POINT('',(-5.499081756406,-12.10296074533));
#1179 = CARTESIAN_POINT('',(-5.96488216344,-11.7950690535));
#1180 = CARTESIAN_POINT('',(-6.412858799221,-11.45413599101));
#1181 = CARTESIAN_POINT('',(-6.838707996347,-11.08207984327));
#1182 = CARTESIAN_POINT('',(-7.238504763474,-10.68168873526));
#1183 = CARTESIAN_POINT('',(-7.608955452023,-10.25646788993));
#1184 = CARTESIAN_POINT('',(-8.585181894198,-8.970327528743));
#1185 = CARTESIAN_POINT('',(-9.110007956021,-8.056122451897));
#1186 = CARTESIAN_POINT('',(-9.505379038496,-7.093983938127));
#1187 = CARTESIAN_POINT('',(-9.764841509869,-6.115610355157));
#1188 = CARTESIAN_POINT('',(-9.895954869975,-5.150377713902));
#1189 = CARTESIAN_POINT('',(-9.913999311163,-4.219560998617));
#1190 = CARTESIAN_POINT('',(-9.836819754237,-3.337405594996));
#1191 = ( GEOMETRIC_REPRESENTATION_CONTEXT(2) 
PARAMETRIC_REPRESENTATION_CONTEXT() REPRESENTATION_CONTEXT('2D SPACE',''
  ) );
#1192 = ORIENTED_EDGE('',*,*,#553,.F.);
#1193 = ORIENTED_EDGE('',*,*,#54,.F.);
#1194 = ORIENTED_EDGE('',*,*,#868,.F.);
#1195 = ADVANCED_FACE('',(#1196),#744,.F.);
#1196 = FACE_BOUND('',#1197,.F.);
#1197 = EDGE_LOOP('',(#1198,#1199,#1200,#1223));
#1198 = ORIENTED_EDGE('',*,*,#724,.F.);
#1199 = ORIENTED_EDGE('',*,*,#972,.F.);
#1200 = ORIENTED_EDGE('',*,*,#1201,.T.);
#1201 = EDGE_CURVE('',#944,#1202,#1204,.T.);
#1202 = VERTEX_POINT('',#1203);
#1203 = CARTESIAN_POINT('',(1.651,-1.221488063199,6.35));
#1204 = SURFACE_CURVE('',#1205,(#1209,#1216),.PCURVE_S1.);
#1205 = LINE('',#1206,#1207);
#1206 = CARTESIAN_POINT('',(-3.175,-1.221488063199,6.35));
#1207 = VECTOR('',#1208,25.4);
#1208 = DIRECTION('',(1.,0.,0.));
#1209 = PCURVE('',#744,#1210);
#1210 = DEFINITIONAL_REPRESENTATION('',(#1211),#1215);
#1211 = LINE('',#1212,#1213);
#1212 = CARTESIAN_POINT('',(0.,0.));
#1213 = VECTOR('',#1214,1.);
#1214 = DIRECTION('',(0.,-1.));
#1215 = ( GEOMETRIC_REPRESENTATION_CONTEXT(2) 
PARAMETRIC_REPRESENTATION_CONTEXT() REPRESENTATION_CONTEXT('2D SPACE',''
  ) );
#1216 = PCURVE('',#835,#1217);
#1217 = DEFINITIONAL_REPRESENTATION('',(#1218),#1222);
#1218 = LINE('',#1219,#1220);
#1219 = CARTESIAN_POINT('',(73.025,74.978511936801));
#1220 = VECTOR('',#1221,1.);
#1221 = DIRECTION('',(1.,0.));
#1222 = ( GEOMETRIC_REPRESENTATION_CONTEXT(2) 
PARAMETRIC_REPRESENTATION_CONTEXT() REPRESENTATION_CONTEXT('2D SPACE',''
  ) );
#1223 = ORIENTED_EDGE('',*,*,#1224,.T.);
#1224 = EDGE_CURVE('',#1202,#664,#1225,.T.);
#1225 = SURFACE_CURVE('',#1226,(#1230,#1237),.PCURVE_S1.);
#1226 = LINE('',#1227,#1228);
#1227 = CARTESIAN_POINT('',(1.651,-1.221488063199,6.35));
#1228 = VECTOR('',#1229,25.4);
#1229 = DIRECTION('',(0.,-0.675590207616,0.73727733681));
#1230 = PCURVE('',#744,#1231);
#1231 = DEFINITIONAL_REPRESENTATION('',(#1232),#1236);
#1232 = LINE('',#1233,#1234);
#1233 = CARTESIAN_POINT('',(0.,-4.826));
#1234 = VECTOR('',#1235,1.);
#1235 = DIRECTION('',(1.,0.));
#1236 = ( GEOMETRIC_REPRESENTATION_CONTEXT(2) 
PARAMETRIC_REPRESENTATION_CONTEXT() REPRESENTATION_CONTEXT('2D SPACE',''
  ) );
#1237 = PCURVE('',#701,#1238);
#1238 = DEFINITIONAL_REPRESENTATION('',(#1239),#1243);
#1239 = LINE('',#1240,#1241);
#1240 = CARTESIAN_POINT('',(1.570796326795,0.));
#1241 = VECTOR('',#1242,1.);
#1242 = DIRECTION('',(0.,1.));
#1243 = ( GEOMETRIC_REPRESENTATION_CONTEXT(2) 
PARAMETRIC_REPRESENTATION_CONTEXT() REPRESENTATION_CONTEXT('2D SPACE',''
  ) );
#1244 = ADVANCED_FACE('',(#1245),#701,.T.);
#1245 = FACE_BOUND('',#1246,.T.);
#1246 = EDGE_LOOP('',(#1247,#1274,#1275,#1276));
#1247 = ORIENTED_EDGE('',*,*,#1248,.T.);
#1248 = EDGE_CURVE('',#1249,#1202,#1251,.T.);
#1249 = VERTEX_POINT('',#1250);
#1250 = CARTESIAN_POINT('',(3.175,-3.288552821481,6.35));
#1251 = SURFACE_CURVE('',#1252,(#1257,#1267),.PCURVE_S1.);
#1252 = ELLIPSE('',#1253,2.067064758282,1.524);
#1253 = AXIS2_PLACEMENT_3D('',#1254,#1255,#1256);
#1254 = CARTESIAN_POINT('',(1.651,-3.288552821481,6.35));
#1255 = DIRECTION('',(0.,0.,1.));
#1256 = DIRECTION('',(0.,-1.,0.));
#1257 = PCURVE('',#701,#1258);
#1258 = DEFINITIONAL_REPRESENTATION('',(#1259),#1266);
#1259 = B_SPLINE_CURVE_WITH_KNOTS('',5,(#1260,#1261,#1262,#1263,#1264,
    #1265),.UNSPECIFIED.,.F.,.F.,(6,6),(1.570796326795,3.14159265359),
  .PIECEWISE_BEZIER_KNOTS.);
#1260 = CARTESIAN_POINT('',(-1.110223024625E-16,1.396488709203));
#1261 = CARTESIAN_POINT('',(0.314159265359,0.957768842237));
#1262 = CARTESIAN_POINT('',(0.628315619734,0.51866330379));
#1263 = CARTESIAN_POINT('',(0.942492055531,0.171788209755));
#1264 = CARTESIAN_POINT('',(1.256637061436,-1.078049686557E-15));
#1265 = CARTESIAN_POINT('',(1.570796326795,-7.04991620637E-16));
#1266 = ( GEOMETRIC_REPRESENTATION_CONTEXT(2) 
PARAMETRIC_REPRESENTATION_CONTEXT() REPRESENTATION_CONTEXT('2D SPACE',''
  ) );
#1267 = PCURVE('',#835,#1268);
#1268 = DEFINITIONAL_REPRESENTATION('',(#1269),#1273);
#1269 = ELLIPSE('',#1270,2.067064758282,1.524);
#1270 = AXIS2_PLACEMENT_2D('',#1271,#1272);
#1271 = CARTESIAN_POINT('',(77.851,72.911447178519));
#1272 = DIRECTION('',(0.,-1.));
#1273 = ( GEOMETRIC_REPRESENTATION_CONTEXT(2) 
PARAMETRIC_REPRESENTATION_CONTEXT() REPRESENTATION_CONTEXT('2D SPACE',''
  ) );
#1274 = ORIENTED_EDGE('',*,*,#1224,.T.);
#1275 = ORIENTED_EDGE('',*,*,#663,.F.);
#1276 = ORIENTED_EDGE('',*,*,#1277,.F.);
#1277 = EDGE_CURVE('',#1249,#638,#1278,.T.);
#1278 = SURFACE_CURVE('',#1279,(#1283,#1290),.PCURVE_S1.);
#1279 = LINE('',#1280,#1281);
#1280 = CARTESIAN_POINT('',(3.175,-2.345098724498,5.320400523594));
#1281 = VECTOR('',#1282,25.4);
#1282 = DIRECTION('',(0.,-0.675590207616,0.73727733681));
#1283 = PCURVE('',#701,#1284);
#1284 = DEFINITIONAL_REPRESENTATION('',(#1285),#1289);
#1285 = LINE('',#1286,#1287);
#1286 = CARTESIAN_POINT('',(0.,0.));
#1287 = VECTOR('',#1288,1.);
#1288 = DIRECTION('',(0.,1.));
#1289 = ( GEOMETRIC_REPRESENTATION_CONTEXT(2) 
PARAMETRIC_REPRESENTATION_CONTEXT() REPRESENTATION_CONTEXT('2D SPACE',''
  ) );
#1290 = PCURVE('',#652,#1291);
#1291 = DEFINITIONAL_REPRESENTATION('',(#1292),#1296);
#1292 = LINE('',#1293,#1294);
#1293 = CARTESIAN_POINT('',(26.640710225403,-14.69591479144));
#1294 = VECTOR('',#1295,1.);
#1295 = DIRECTION('',(-0.675590207616,0.73727733681));
#1296 = ( GEOMETRIC_REPRESENTATION_CONTEXT(2) 
PARAMETRIC_REPRESENTATION_CONTEXT() REPRESENTATION_CONTEXT('2D SPACE',''
  ) );
#1297 = ADVANCED_FACE('',(#1298),#257,.T.);
#1298 = FACE_BOUND('',#1299,.T.);
#1299 = EDGE_LOOP('',(#1300,#1335,#1388,#1389,#1390));
#1300 = ORIENTED_EDGE('',*,*,#1301,.T.);
#1301 = EDGE_CURVE('',#1302,#1304,#1306,.T.);
#1302 = VERTEX_POINT('',#1303);
#1303 = CARTESIAN_POINT('',(9.906000000003,-30.86558663395,
    189.34827729736));
#1304 = VERTEX_POINT('',#1305);
#1305 = CARTESIAN_POINT('',(-9.906000000003,-30.86558663395,
    189.34827729736));
#1306 = SURFACE_CURVE('',#1307,(#1312,#1319),.PCURVE_S1.);
#1307 = CIRCLE('',#1308,11.176);
#1308 = AXIS2_PLACEMENT_3D('',#1309,#1310,#1311);
#1309 = CARTESIAN_POINT('',(0.,-36.02026997301,189.79925365359));
#1310 = DIRECTION('',(-6.938893903907E-18,-8.715574274766E-02,
    -0.996194698092));
#1311 = DIRECTION('',(0.886363636364,0.461227929408,-4.035221512474E-02)
  );
#1312 = PCURVE('',#257,#1313);
#1313 = DEFINITIONAL_REPRESENTATION('',(#1314),#1318);
#1314 = LINE('',#1315,#1316);
#1315 = CARTESIAN_POINT('',(6.764550591637,1.570796326795));
#1316 = VECTOR('',#1317,1.);
#1317 = DIRECTION('',(-1.,-0.));
#1318 = ( GEOMETRIC_REPRESENTATION_CONTEXT(2) 
PARAMETRIC_REPRESENTATION_CONTEXT() REPRESENTATION_CONTEXT('2D SPACE',''
  ) );
#1319 = PCURVE('',#1320,#1325);
#1320 = PLANE('',#1321);
#1321 = AXIS2_PLACEMENT_3D('',#1322,#1323,#1324);
#1322 = CARTESIAN_POINT('',(0.,-36.02026997301,189.79925365359));
#1323 = DIRECTION('',(0.,8.715574274766E-02,0.996194698092));
#1324 = DIRECTION('',(1.,0.,0.));
#1325 = DEFINITIONAL_REPRESENTATION('',(#1326),#1334);
#1326 = ( BOUNDED_CURVE() B_SPLINE_CURVE(2,(#1327,#1328,#1329,#1330,
#1331,#1332,#1333),.UNSPECIFIED.,.T.,.F.) B_SPLINE_CURVE_WITH_KNOTS((1,2
    ,2,2,2,1),(-2.094395102393,0.,2.094395102393,4.188790204786,
6.28318530718,8.377580409573),.UNSPECIFIED.) CURVE() 
GEOMETRIC_REPRESENTATION_ITEM() RATIONAL_B_SPLINE_CURVE((1.,0.5,1.,0.5,
1.,0.5,1.)) REPRESENTATION_ITEM('') );
#1327 = CARTESIAN_POINT('',(9.906000000005,5.174373392007));
#1328 = CARTESIAN_POINT('',(18.868277612293,-11.98332190777));
#1329 = CARTESIAN_POINT('',(-0.471861193858,-11.16603434589));
#1330 = CARTESIAN_POINT('',(-19.812,-10.34874678401));
#1331 = CARTESIAN_POINT('',(-9.434138806146,5.991660953889));
#1332 = CARTESIAN_POINT('',(0.943722387717,22.332068691792));
#1333 = CARTESIAN_POINT('',(9.906000000005,5.174373392007));
#1334 = ( GEOMETRIC_REPRESENTATION_CONTEXT(2) 
PARAMETRIC_REPRESENTATION_CONTEXT() REPRESENTATION_CONTEXT('2D SPACE',''
  ) );
#1335 = ORIENTED_EDGE('',*,*,#1336,.F.);
#1336 = EDGE_CURVE('',#241,#1304,#1337,.T.);
#1337 = SURFACE_CURVE('',#1338,(#1351,#1367),.PCURVE_S1.);
#1338 = B_SPLINE_CURVE_WITH_KNOTS('',6,(#1339,#1340,#1341,#1342,#1343,
    #1344,#1345,#1346,#1347,#1348,#1349,#1350),.UNSPECIFIED.,.F.,.F.,(7,
    5,7),(0.,0.883609550667,1.),.UNSPECIFIED.);
#1339 = CARTESIAN_POINT('',(-11.43,-30.63835906328,187.79857602847));
#1340 = CARTESIAN_POINT('',(-11.43,-30.60762778841,188.14983610753));
#1341 = CARTESIAN_POINT('',(-11.33211522919,-30.59927272973,
    188.50304957876));
#1342 = CARTESIAN_POINT('',(-11.13625916161,-30.61623634195,
    188.82442933817));
#1343 = CARTESIAN_POINT('',(-10.8584685682,-30.6586361473,
    189.07949710422));
#1344 = CARTESIAN_POINT('',(-10.52962605209,-30.72243434065,
    189.24595219604));
#1345 = CARTESIAN_POINT('',(-10.13736444735,-30.81078917442,
    189.32646920715));
#1346 = CARTESIAN_POINT('',(-10.09140079076,-30.82132070643,
    189.33418677373));
#1347 = CARTESIAN_POINT('',(-10.045205354,-30.83208359141,
    189.34023493845));
#1348 = CARTESIAN_POINT('',(-9.998855048443,-30.84306076264,
    189.34460280251));
#1349 = CARTESIAN_POINT('',(-9.95242732483,-30.85423460689,
    189.34728412568));
#1350 = CARTESIAN_POINT('',(-9.906000173274,-30.8655869644,
    189.34827732627));
#1351 = PCURVE('',#257,#1352);
#1352 = DEFINITIONAL_REPRESENTATION('',(#1353),#1366);
#1353 = B_SPLINE_CURVE_WITH_KNOTS('',6,(#1354,#1355,#1356,#1357,#1358,
    #1359,#1360,#1361,#1362,#1363,#1364,#1365),.UNSPECIFIED.,.F.,.F.,(7,
    5,7),(0.,0.883609550667,1.),.UNSPECIFIED.);
#1354 = CARTESIAN_POINT('',(2.690565841794,0.));
#1355 = CARTESIAN_POINT('',(2.690565841794,0.231366033792));
#1356 = CARTESIAN_POINT('',(2.68879689077,0.462738744503));
#1357 = CARTESIAN_POINT('',(2.68526226088,0.694090839482));
#1358 = CARTESIAN_POINT('',(2.680080379425,0.92541767111));
#1359 = CARTESIAN_POINT('',(2.673530231374,1.156723687722));
#1360 = CARTESIAN_POINT('',(2.665232320669,1.418473745556));
#1361 = CARTESIAN_POINT('',(2.664252949903,1.448938698766));
#1362 = CARTESIAN_POINT('',(2.663261307214,1.479403379272));
#1363 = CARTESIAN_POINT('',(2.662258803365,1.509867816867));
#1364 = CARTESIAN_POINT('',(2.661246958595,1.540332090203));
#1365 = CARTESIAN_POINT('',(2.660227402618,1.570796326795));
#1366 = ( GEOMETRIC_REPRESENTATION_CONTEXT(2) 
PARAMETRIC_REPRESENTATION_CONTEXT() REPRESENTATION_CONTEXT('2D SPACE',''
  ) );
#1367 = PCURVE('',#1368,#1373);
#1368 = CYLINDRICAL_SURFACE('',#1369,1.524);
#1369 = AXIS2_PLACEMENT_3D('',#1370,#1371,#1372);
#1370 = CARTESIAN_POINT('',(-9.906,-36.15309532496,188.2810529337));
#1371 = DIRECTION('',(0.,0.996194698092,-8.715574274766E-02));
#1372 = DIRECTION('',(-1.,0.,0.));
#1373 = DEFINITIONAL_REPRESENTATION('',(#1374),#1387);
#1374 = B_SPLINE_CURVE_WITH_KNOTS('',6,(#1375,#1376,#1377,#1378,#1379,
    #1380,#1381,#1382,#1383,#1384,#1385,#1386),.UNSPECIFIED.,.F.,.F.,(7,
    5,7),(0.,0.883609550667,1.),.UNSPECIFIED.);
#1375 = CARTESIAN_POINT('',(0.,5.535801658296));
#1376 = CARTESIAN_POINT('',(0.231366033792,5.535801658296));
#1377 = CARTESIAN_POINT('',(0.462738744503,5.513340341028));
#1378 = CARTESIAN_POINT('',(0.694090839482,5.468431188832));
#1379 = CARTESIAN_POINT('',(0.92541767111,5.403962106949));
#1380 = CARTESIAN_POINT('',(1.156723687722,5.325899167818));
#1381 = CARTESIAN_POINT('',(1.418473745556,5.230863030956));
#1382 = CARTESIAN_POINT('',(1.448938661133,5.219698944366));
#1383 = CARTESIAN_POINT('',(1.47940335677,5.208449883123));
#1384 = CARTESIAN_POINT('',(1.509867862182,5.197133798903));
#1385 = CARTESIAN_POINT('',(1.540332165464,5.185768781794));
#1386 = CARTESIAN_POINT('',(1.570796213098,5.174373060293));
#1387 = ( GEOMETRIC_REPRESENTATION_CONTEXT(2) 
PARAMETRIC_REPRESENTATION_CONTEXT() REPRESENTATION_CONTEXT('2D SPACE',''
  ) );
#1388 = ORIENTED_EDGE('',*,*,#240,.T.);
#1389 = ORIENTED_EDGE('',*,*,#531,.T.);
#1390 = ORIENTED_EDGE('',*,*,#1391,.T.);
#1391 = EDGE_CURVE('',#506,#1302,#1392,.T.);
#1392 = SURFACE_CURVE('',#1393,(#1406,#1422),.PCURVE_S1.);
#1393 = B_SPLINE_CURVE_WITH_KNOTS('',6,(#1394,#1395,#1396,#1397,#1398,
    #1399,#1400,#1401,#1402,#1403,#1404,#1405),.UNSPECIFIED.,.F.,.F.,(7,
    5,7),(0.,0.883609486253,1.),.UNSPECIFIED.);
#1394 = CARTESIAN_POINT('',(11.43,-30.63835906328,187.79857602847));
#1395 = CARTESIAN_POINT('',(11.43,-30.60762778841,188.14983610755));
#1396 = CARTESIAN_POINT('',(11.332115229178,-30.59927272972,
    188.50304957881));
#1397 = CARTESIAN_POINT('',(11.136259161574,-30.61623634196,
    188.82442933823));
#1398 = CARTESIAN_POINT('',(10.858468568132,-30.65863614731,
    189.07949710428));
#1399 = CARTESIAN_POINT('',(10.52962605199,-30.72243434067,
    189.2459521961));
#1400 = CARTESIAN_POINT('',(10.137364418629,-30.8107891809,
    189.32646921304));
#1401 = CARTESIAN_POINT('',(10.0914006763,-30.82132048705,
    189.33418676305));
#1402 = CARTESIAN_POINT('',(10.045205233251,-30.83208347256,
    189.34023493764));
#1403 = CARTESIAN_POINT('',(9.998855000835,-30.84306107018,
    189.34460283795));
#1404 = CARTESIAN_POINT('',(9.95242729318,-30.85423510699,
    189.34728417477));
#1405 = CARTESIAN_POINT('',(9.905999827191,-30.86558630437,
    189.34827726852));
#1406 = PCURVE('',#257,#1407);
#1407 = DEFINITIONAL_REPRESENTATION('',(#1408),#1421);
#1408 = B_SPLINE_CURVE_WITH_KNOTS('',6,(#1409,#1410,#1411,#1412,#1413,
    #1414,#1415,#1416,#1417,#1418,#1419,#1420),.UNSPECIFIED.,.F.,.F.,(7,
    5,7),(0.,0.883609486253,1.),.UNSPECIFIED.);
#1409 = CARTESIAN_POINT('',(6.734212118976,0.));
#1410 = CARTESIAN_POINT('',(6.734212118976,0.231366033806));
#1411 = CARTESIAN_POINT('',(6.735981069999,0.462738744532));
#1412 = CARTESIAN_POINT('',(6.73951569989,0.694090839525));
#1413 = CARTESIAN_POINT('',(6.744697581346,0.925417671168));
#1414 = CARTESIAN_POINT('',(6.751247729397,1.156723687794));
#1415 = CARTESIAN_POINT('',(6.759545640708,1.418473764726));
#1416 = CARTESIAN_POINT('',(6.760525032965,1.448938699089));
#1417 = CARTESIAN_POINT('',(6.761516667897,1.479403413848));
#1418 = CARTESIAN_POINT('',(6.762519134783,1.509867938742));
#1419 = CARTESIAN_POINT('',(6.763530963602,1.540332261291));
#1420 = CARTESIAN_POINT('',(6.764550625035,1.570796326795));
#1421 = ( GEOMETRIC_REPRESENTATION_CONTEXT(2) 
PARAMETRIC_REPRESENTATION_CONTEXT() REPRESENTATION_CONTEXT('2D SPACE',''
  ) );
#1422 = PCURVE('',#1423,#1428);
#1423 = CYLINDRICAL_SURFACE('',#1424,1.524);
#1424 = AXIS2_PLACEMENT_3D('',#1425,#1426,#1427);
#1425 = CARTESIAN_POINT('',(9.906,-23.5014226592,187.1741750008));
#1426 = DIRECTION('',(-0.,-0.996194698092,8.715574274766E-02));
#1427 = DIRECTION('',(1.,0.,0.));
#1428 = DEFINITIONAL_REPRESENTATION('',(#1429),#1442);
#1429 = B_SPLINE_CURVE_WITH_KNOTS('',6,(#1430,#1431,#1432,#1433,#1434,
    #1435,#1436,#1437,#1438,#1439,#1440,#1441),.UNSPECIFIED.,.F.,.F.,(7,
    5,7),(0.,0.883609486253,1.),.UNSPECIFIED.);
#1430 = CARTESIAN_POINT('',(0.,7.164198341704));
#1431 = CARTESIAN_POINT('',(0.231366033806,7.164198341704));
#1432 = CARTESIAN_POINT('',(0.462738744532,7.186659658975));
#1433 = CARTESIAN_POINT('',(0.694090839525,7.231568811176));
#1434 = CARTESIAN_POINT('',(0.925417671168,7.296037893067));
#1435 = CARTESIAN_POINT('',(1.156723687794,7.374100832206));
#1436 = CARTESIAN_POINT('',(1.418473764726,7.469136976005));
#1437 = CARTESIAN_POINT('',(1.448938736621,7.480300836162));
#1438 = CARTESIAN_POINT('',(1.479403436289,7.491549998408));
#1439 = CARTESIAN_POINT('',(1.509867893548,7.502866510555));
#1440 = CARTESIAN_POINT('',(1.540332186231,7.514231720684));
#1441 = CARTESIAN_POINT('',(1.570796440187,7.525626277152));
#1442 = ( GEOMETRIC_REPRESENTATION_CONTEXT(2) 
PARAMETRIC_REPRESENTATION_CONTEXT() REPRESENTATION_CONTEXT('2D SPACE',''
  ) );
#1443 = ADVANCED_FACE('',(#1444),#652,.T.);
#1444 = FACE_BOUND('',#1445,.T.);
#1445 = EDGE_LOOP('',(#1446,#1465,#1466,#1467));
#1446 = ORIENTED_EDGE('',*,*,#1447,.T.);
#1447 = EDGE_CURVE('',#997,#1249,#1448,.T.);
#1448 = SURFACE_CURVE('',#1449,(#1453,#1459),.PCURVE_S1.);
#1449 = LINE('',#1450,#1451);
#1450 = CARTESIAN_POINT('',(3.175,-52.59290447495,6.35));
#1451 = VECTOR('',#1452,25.4);
#1452 = DIRECTION('',(0.,1.,0.));
#1453 = PCURVE('',#652,#1454);
#1454 = DEFINITIONAL_REPRESENTATION('',(#1455),#1458);
#1455 = B_SPLINE_CURVE_WITH_KNOTS('',1,(#1456,#1457),.UNSPECIFIED.,.F.,
  .F.,(2,2),(0.172496709124,2.022496709124),.PIECEWISE_BEZIER_KNOTS.);
#1456 = CARTESIAN_POINT('',(-19.22567911329,-13.66631531503));
#1457 = CARTESIAN_POINT('',(27.764320886702,-13.66631531503));
#1458 = ( GEOMETRIC_REPRESENTATION_CONTEXT(2) 
PARAMETRIC_REPRESENTATION_CONTEXT() REPRESENTATION_CONTEXT('2D SPACE',''
  ) );
#1459 = PCURVE('',#835,#1460);
#1460 = DEFINITIONAL_REPRESENTATION('',(#1461),#1464);
#1461 = B_SPLINE_CURVE_WITH_KNOTS('',1,(#1462,#1463),.UNSPECIFIED.,.F.,
  .F.,(2,2),(0.172496709124,2.022496709124),.PIECEWISE_BEZIER_KNOTS.);
#1462 = CARTESIAN_POINT('',(79.375,27.988511936801));
#1463 = CARTESIAN_POINT('',(79.375,74.978511936801));
#1464 = ( GEOMETRIC_REPRESENTATION_CONTEXT(2) 
PARAMETRIC_REPRESENTATION_CONTEXT() REPRESENTATION_CONTEXT('2D SPACE',''
  ) );
#1465 = ORIENTED_EDGE('',*,*,#1277,.T.);
#1466 = ORIENTED_EDGE('',*,*,#637,.F.);
#1467 = ORIENTED_EDGE('',*,*,#1121,.F.);
#1468 = ADVANCED_FACE('',(#1469),#283,.T.);
#1469 = FACE_BOUND('',#1470,.T.);
#1470 = EDGE_LOOP('',(#1471,#1494,#1522,#1543));
#1471 = ORIENTED_EDGE('',*,*,#1472,.T.);
#1472 = EDGE_CURVE('',#241,#1473,#1475,.T.);
#1473 = VERTEX_POINT('',#1474);
#1474 = CARTESIAN_POINT('',(-11.43,-23.5014226592,187.1741750008));
#1475 = SURFACE_CURVE('',#1476,(#1480,#1487),.PCURVE_S1.);
#1476 = LINE('',#1477,#1478);
#1477 = CARTESIAN_POINT('',(-11.43,-36.15309532496,188.2810529337));
#1478 = VECTOR('',#1479,25.4);
#1479 = DIRECTION('',(0.,0.996194698092,-8.715574274766E-02));
#1480 = PCURVE('',#283,#1481);
#1481 = DEFINITIONAL_REPRESENTATION('',(#1482),#1486);
#1482 = LINE('',#1483,#1484);
#1483 = CARTESIAN_POINT('',(0.,-35.306));
#1484 = VECTOR('',#1485,1.);
#1485 = DIRECTION('',(1.,0.));
#1486 = ( GEOMETRIC_REPRESENTATION_CONTEXT(2) 
PARAMETRIC_REPRESENTATION_CONTEXT() REPRESENTATION_CONTEXT('2D SPACE',''
  ) );
#1487 = PCURVE('',#1368,#1488);
#1488 = DEFINITIONAL_REPRESENTATION('',(#1489),#1493);
#1489 = LINE('',#1490,#1491);
#1490 = CARTESIAN_POINT('',(0.,0.));
#1491 = VECTOR('',#1492,1.);
#1492 = DIRECTION('',(0.,1.));
#1493 = ( GEOMETRIC_REPRESENTATION_CONTEXT(2) 
PARAMETRIC_REPRESENTATION_CONTEXT() REPRESENTATION_CONTEXT('2D SPACE',''
  ) );
#1494 = ORIENTED_EDGE('',*,*,#1495,.F.);
#1495 = EDGE_CURVE('',#1496,#1473,#1498,.T.);
#1496 = VERTEX_POINT('',#1497);
#1497 = CARTESIAN_POINT('',(-11.43,-24.71584184967,173.29330013617));
#1498 = SURFACE_CURVE('',#1499,(#1503,#1510),.PCURVE_S1.);
#1499 = LINE('',#1500,#1501);
#1500 = CARTESIAN_POINT('',(-11.43,-26.57854331265,152.00252498998));
#1501 = VECTOR('',#1502,25.4);
#1502 = DIRECTION('',(0.,8.715574274766E-02,0.996194698092));
#1503 = PCURVE('',#283,#1504);
#1504 = DEFINITIONAL_REPRESENTATION('',(#1505),#1509);
#1505 = LINE('',#1506,#1507);
#1506 = CARTESIAN_POINT('',(12.7,0.));
#1507 = VECTOR('',#1508,1.);
#1508 = DIRECTION('',(0.,-1.));
#1509 = ( GEOMETRIC_REPRESENTATION_CONTEXT(2) 
PARAMETRIC_REPRESENTATION_CONTEXT() REPRESENTATION_CONTEXT('2D SPACE',''
  ) );
#1510 = PCURVE('',#1511,#1516);
#1511 = CYLINDRICAL_SURFACE('',#1512,11.43);
#1512 = AXIS2_PLACEMENT_3D('',#1513,#1514,#1515);
#1513 = CARTESIAN_POINT('',(0.,-26.57854331265,152.00252498998));
#1514 = DIRECTION('',(-0.,-8.715574274766E-02,-0.996194698092));
#1515 = DIRECTION('',(1.,0.,0.));
#1516 = DEFINITIONAL_REPRESENTATION('',(#1517),#1521);
#1517 = LINE('',#1518,#1519);
#1518 = CARTESIAN_POINT('',(-3.14159265359,0.));
#1519 = VECTOR('',#1520,1.);
#1520 = DIRECTION('',(-0.,-1.));
#1521 = ( GEOMETRIC_REPRESENTATION_CONTEXT(2) 
PARAMETRIC_REPRESENTATION_CONTEXT() REPRESENTATION_CONTEXT('2D SPACE',''
  ) );
#1522 = ORIENTED_EDGE('',*,*,#1523,.F.);
#1523 = EDGE_CURVE('',#269,#1496,#1524,.T.);
#1524 = SURFACE_CURVE('',#1525,(#1529,#1536),.PCURVE_S1.);
#1525 = LINE('',#1526,#1527);
#1526 = CARTESIAN_POINT('',(-11.43,-40.42014533386,160.1158248747));
#1527 = VECTOR('',#1528,25.4);
#1528 = DIRECTION('',(0.,0.766044443119,0.642787609687));
#1529 = PCURVE('',#283,#1530);
#1530 = DEFINITIONAL_REPRESENTATION('',(#1531),#1535);
#1531 = LINE('',#1532,#1533);
#1532 = CARTESIAN_POINT('',(-1.796051224214,-6.876051224214));
#1533 = VECTOR('',#1534,1.);
#1534 = DIRECTION('',(0.707106781187,-0.707106781187));
#1535 = ( GEOMETRIC_REPRESENTATION_CONTEXT(2) 
PARAMETRIC_REPRESENTATION_CONTEXT() REPRESENTATION_CONTEXT('2D SPACE',''
  ) );
#1536 = PCURVE('',#344,#1537);
#1537 = DEFINITIONAL_REPRESENTATION('',(#1538),#1542);
#1538 = LINE('',#1539,#1540);
#1539 = CARTESIAN_POINT('',(-0.,0.));
#1540 = VECTOR('',#1541,1.);
#1541 = DIRECTION('',(-0.,1.));
#1542 = ( GEOMETRIC_REPRESENTATION_CONTEXT(2) 
PARAMETRIC_REPRESENTATION_CONTEXT() REPRESENTATION_CONTEXT('2D SPACE',''
  ) );
#1543 = ORIENTED_EDGE('',*,*,#268,.T.);
#1544 = ADVANCED_FACE('',(#1545),#344,.T.);
#1545 = FACE_BOUND('',#1546,.F.);
#1546 = EDGE_LOOP('',(#1547,#1548,#1549,#1572));
#1547 = ORIENTED_EDGE('',*,*,#1523,.F.);
#1548 = ORIENTED_EDGE('',*,*,#294,.T.);
#1549 = ORIENTED_EDGE('',*,*,#1550,.T.);
#1550 = EDGE_CURVE('',#295,#1551,#1553,.T.);
#1551 = VERTEX_POINT('',#1552);
#1552 = CARTESIAN_POINT('',(-8.89,-23.08316132107,171.34754725065));
#1553 = SURFACE_CURVE('',#1554,(#1558,#1565),.PCURVE_S1.);
#1554 = LINE('',#1555,#1556);
#1555 = CARTESIAN_POINT('',(-8.89,-38.78746480525,158.17007198918));
#1556 = VECTOR('',#1557,25.4);
#1557 = DIRECTION('',(0.,0.766044443119,0.642787609687));
#1558 = PCURVE('',#344,#1559);
#1559 = DEFINITIONAL_REPRESENTATION('',(#1560),#1564);
#1560 = LINE('',#1561,#1562);
#1561 = CARTESIAN_POINT('',(-1.570796326795,0.));
#1562 = VECTOR('',#1563,1.);
#1563 = DIRECTION('',(-0.,1.));
#1564 = ( GEOMETRIC_REPRESENTATION_CONTEXT(2) 
PARAMETRIC_REPRESENTATION_CONTEXT() REPRESENTATION_CONTEXT('2D SPACE',''
  ) );
#1565 = PCURVE('',#396,#1566);
#1566 = DEFINITIONAL_REPRESENTATION('',(#1567),#1571);
#1567 = LINE('',#1568,#1569);
#1568 = CARTESIAN_POINT('',(10.776307345283,-5.08));
#1569 = VECTOR('',#1570,1.);
#1570 = DIRECTION('',(1.,0.));
#1571 = ( GEOMETRIC_REPRESENTATION_CONTEXT(2) 
PARAMETRIC_REPRESENTATION_CONTEXT() REPRESENTATION_CONTEXT('2D SPACE',''
  ) );
#1572 = ORIENTED_EDGE('',*,*,#1573,.F.);
#1573 = EDGE_CURVE('',#1496,#1551,#1574,.T.);
#1574 = SURFACE_CURVE('',#1575,(#1580,#1586),.PCURVE_S1.);
#1575 = CIRCLE('',#1576,2.54);
#1576 = AXIS2_PLACEMENT_3D('',#1577,#1578,#1579);
#1577 = CARTESIAN_POINT('',(-8.89,-24.71584184967,173.29330013617));
#1578 = DIRECTION('',(-0.,-0.766044443119,-0.642787609687));
#1579 = DIRECTION('',(-1.,0.,0.));
#1580 = PCURVE('',#344,#1581);
#1581 = DEFINITIONAL_REPRESENTATION('',(#1582),#1585);
#1582 = B_SPLINE_CURVE_WITH_KNOTS('',1,(#1583,#1584),.UNSPECIFIED.,.F.,
  .F.,(2,2),(0.,1.570796326795),.PIECEWISE_BEZIER_KNOTS.);
#1583 = CARTESIAN_POINT('',(0.,20.500512242138));
#1584 = CARTESIAN_POINT('',(-1.570796326795,20.500512242138));
#1585 = ( GEOMETRIC_REPRESENTATION_CONTEXT(2) 
PARAMETRIC_REPRESENTATION_CONTEXT() REPRESENTATION_CONTEXT('2D SPACE',''
  ) );
#1586 = PCURVE('',#1587,#1636);
#1587 = ( BOUNDED_SURFACE() B_SPLINE_SURFACE(2,8,(
    (#1588,#1589,#1590,#1591,#1592,#1593,#1594,#1595,#1596,#1597,#1598
      ,#1599,#1600,#1601,#1602,#1603)
    ,(#1604,#1605,#1606,#1607,#1608,#1609,#1610,#1611,#1612,#1613,#1614
      ,#1615,#1616,#1617,#1618,#1619)
    ,(#1620,#1621,#1622,#1623,#1624,#1625,#1626,#1627,#1628,#1629,#1630
      ,#1631,#1632,#1633,#1634,#1635
)),.UNSPECIFIED.,.F.,.F.,.F.) B_SPLINE_SURFACE_WITH_KNOTS((3,3),(9,7,9),
  (0.,1.518672389642),(0.807315252527,1.566651447348,2.32598764217),
.UNSPECIFIED.) GEOMETRIC_REPRESENTATION_ITEM() RATIONAL_B_SPLINE_SURFACE
((
    (1.,1.,1.,1.,1.,1.,1.,1.,1.,1.,1.,1.,1.,1.,1.,1.)
    ,(0.707106781187,0.756162914222,0.799933034102,0.83789485014
      ,0.870488309852,0.896986650235,0.914883377894,0.923879528494
      ,0.923879536529,0.914883393894,0.896986670476,0.870488327166
      ,0.837894841583,0.799933014161,0.756162897941,0.707106781187)
    ,(1.,1.,1.,1.,1.,1.,1.,1.,1.,1.,1.,1.,1.,1.,1.,1.
))) REPRESENTATION_ITEM('') SURFACE() );
#1588 = CARTESIAN_POINT('',(-11.43,-24.71584184967,173.29330013617));
#1589 = CARTESIAN_POINT('',(-11.43,-22.32956424769,174.8355610001));
#1590 = CARTESIAN_POINT('',(-10.92518274746,-20.01275187036,
    176.33262740709));
#1591 = CARTESIAN_POINT('',(-9.980641715662,-17.86565733454,
    177.71903786219));
#1592 = CARTESIAN_POINT('',(-8.591788704699,-15.9613155624,
    178.94333098321));
#1593 = CARTESIAN_POINT('',(-6.895873639303,-14.37239545105,
    179.95730650221));
#1594 = CARTESIAN_POINT('',(-4.754983485977,-13.15368575083,
    180.76077505219));
#1595 = CARTESIAN_POINT('',(-2.376644101469,-12.55452228099,
    181.15328059001));
#1596 = CARTESIAN_POINT('',(2.37664065499,-12.55452151393,181.1532811352
    ));
#1597 = CARTESIAN_POINT('',(4.754980901413,-13.15368420414,
    180.76077615488));
#1598 = CARTESIAN_POINT('',(6.895872940843,-14.37239390473,
    179.95730755139));
#1599 = CARTESIAN_POINT('',(8.591789086468,-15.96131532269,
    178.94333099625));
#1600 = CARTESIAN_POINT('',(9.98064236247,-17.86565800275,
    177.71903742408));
#1601 = CARTESIAN_POINT('',(10.92518308385,-20.01275301196,
    176.33262665901));
#1602 = CARTESIAN_POINT('',(11.43,-22.32956504161,174.83556048661));
#1603 = CARTESIAN_POINT('',(11.43,-24.71584184967,173.29330013617));
#1604 = CARTESIAN_POINT('',(-11.43,-23.08316132107,171.34754725065));
#1605 = CARTESIAN_POINT('',(-11.10044429741,-21.0654739386,
    173.04058798911));
#1606 = CARTESIAN_POINT('',(-10.41851505782,-19.11038755877,
    174.68110024934));
#1607 = CARTESIAN_POINT('',(-9.421805224628,-17.28440824896,
    176.21327881474));
#1608 = CARTESIAN_POINT('',(-8.05310182455,-15.67163961249,
    177.56655238278));
#1609 = CARTESIAN_POINT('',(-6.496880818165,-14.2877953937,
    178.72773555638));
#1610 = CARTESIAN_POINT('',(-4.458540196146,-13.17197964977,
    179.66401613557));
#1611 = CARTESIAN_POINT('',(-2.206630455882,-12.64621904543,
    180.10518166476));
#1612 = CARTESIAN_POINT('',(2.206626837338,-12.64621829017,
    180.1051822985));
#1613 = CARTESIAN_POINT('',(4.458537501595,-13.17197810611,
    179.66401743086));
#1614 = CARTESIAN_POINT('',(6.496880304714,-14.287793867,178.72773683743
    ));
#1615 = CARTESIAN_POINT('',(8.05310250739,-15.6716398462,177.56655218668
    ));
#1616 = CARTESIAN_POINT('',(9.421805928288,-17.28440916138,
    176.21327804914));
#1617 = CARTESIAN_POINT('',(10.418515460771,-19.11038867304,
    174.68109931437));
#1618 = CARTESIAN_POINT('',(11.100444399962,-21.06547459289,
    173.0405874401));
#1619 = CARTESIAN_POINT('',(11.43,-23.08316132107,171.34754725065));
#1620 = CARTESIAN_POINT('',(-8.890074968802,-23.09811069146,
    171.33500323947));
#1621 = CARTESIAN_POINT('',(-8.893238306389,-21.25376286323,
    172.8825948219));
#1622 = CARTESIAN_POINT('',(-8.522790341762,-19.48055330703,
    174.37049430651));
#1623 = CARTESIAN_POINT('',(-7.853009905163,-17.82998857597,
    175.75548256358));
#1624 = CARTESIAN_POINT('',(-6.828661937984,-16.35387960166,
    176.9940850595));
#1625 = CARTESIAN_POINT('',(-5.636924289122,-15.06360908822,
    178.07675057144));
#1626 = CARTESIAN_POINT('',(-3.934401766651,-13.977963129,
    178.98771569541));
#1627 = CARTESIAN_POINT('',(-1.96619482934,-13.45217632249,
    179.42890321083));
#1628 = CARTESIAN_POINT('',(1.966191013788,-13.45217548152,
    179.42890391649));
#1629 = CARTESIAN_POINT('',(3.934399000024,-13.97796143881,
    178.98771711365));
#1630 = CARTESIAN_POINT('',(5.636923832965,-15.06360743418,
    178.07675195935));
#1631 = CARTESIAN_POINT('',(6.82866283191,-16.35387972431,
    176.99408495658));
#1632 = CARTESIAN_POINT('',(7.853010859077,-17.829989689,175.75548162963
    ));
#1633 = CARTESIAN_POINT('',(8.522790874998,-19.48055494222,
    174.37049293442));
#1634 = CARTESIAN_POINT('',(8.893238354013,-21.25376405891,
    172.88259381861));
#1635 = CARTESIAN_POINT('',(8.890074970832,-23.09811089391,
    171.3350030696));
#1636 = DEFINITIONAL_REPRESENTATION('',(#1637),#1644);
#1637 = B_SPLINE_CURVE_WITH_KNOTS('',5,(#1638,#1639,#1640,#1641,#1642,
    #1643),.UNSPECIFIED.,.F.,.F.,(6,6),(0.,1.570796326795),
  .PIECEWISE_BEZIER_KNOTS.);
#1638 = CARTESIAN_POINT('',(0.,0.807315252527));
#1639 = CARTESIAN_POINT('',(0.33736418243,0.807315252527));
#1640 = CARTESIAN_POINT('',(0.620032472986,0.807315252527));
#1641 = CARTESIAN_POINT('',(0.898670163552,0.807315252527));
#1642 = CARTESIAN_POINT('',(1.181308207213,0.807315252527));
#1643 = CARTESIAN_POINT('',(1.518672389642,0.807315252527));
#1644 = ( GEOMETRIC_REPRESENTATION_CONTEXT(2) 
PARAMETRIC_REPRESENTATION_CONTEXT() REPRESENTATION_CONTEXT('2D SPACE',''
  ) );
#1645 = ADVANCED_FACE('',(#1646),#396,.F.);
#1646 = FACE_BOUND('',#1647,.F.);
#1647 = EDGE_LOOP('',(#1648,#1649,#1650,#1673));
#1648 = ORIENTED_EDGE('',*,*,#1550,.F.);
#1649 = ORIENTED_EDGE('',*,*,#373,.F.);
#1650 = ORIENTED_EDGE('',*,*,#1651,.F.);
#1651 = EDGE_CURVE('',#1652,#374,#1654,.T.);
#1652 = VERTEX_POINT('',#1653);
#1653 = CARTESIAN_POINT('',(8.890074970832,-23.09811089391,
    171.3350030696));
#1654 = SURFACE_CURVE('',#1655,(#1659,#1666),.PCURVE_S1.);
#1655 = LINE('',#1656,#1657);
#1656 = CARTESIAN_POINT('',(8.89,-25.02891420659,169.71486672205));
#1657 = VECTOR('',#1658,25.4);
#1658 = DIRECTION('',(-0.,-0.766044443119,-0.642787609687));
#1659 = PCURVE('',#396,#1660);
#1660 = DEFINITIONAL_REPRESENTATION('',(#1661),#1665);
#1661 = LINE('',#1662,#1663);
#1662 = CARTESIAN_POINT('',(28.736819587421,-22.86));
#1663 = VECTOR('',#1664,1.);
#1664 = DIRECTION('',(-1.,0.));
#1665 = ( GEOMETRIC_REPRESENTATION_CONTEXT(2) 
PARAMETRIC_REPRESENTATION_CONTEXT() REPRESENTATION_CONTEXT('2D SPACE',''
  ) );
#1666 = PCURVE('',#470,#1667);
#1667 = DEFINITIONAL_REPRESENTATION('',(#1668),#1672);
#1668 = LINE('',#1669,#1670);
#1669 = CARTESIAN_POINT('',(-1.570796326795,0.));
#1670 = VECTOR('',#1671,1.);
#1671 = DIRECTION('',(-0.,1.));
#1672 = ( GEOMETRIC_REPRESENTATION_CONTEXT(2) 
PARAMETRIC_REPRESENTATION_CONTEXT() REPRESENTATION_CONTEXT('2D SPACE',''
  ) );
#1673 = ORIENTED_EDGE('',*,*,#1674,.F.);
#1674 = EDGE_CURVE('',#1551,#1652,#1675,.T.);
#1675 = SURFACE_CURVE('',#1676,(#1693,#1713),.PCURVE_S1.);
#1676 = ( BOUNDED_CURVE() B_SPLINE_CURVE(8,(#1677,#1678,#1679,#1680,
    #1681,#1682,#1683,#1684,#1685,#1686,#1687,#1688,#1689,#1690,#1691,
#1692),.UNSPECIFIED.,.F.,.F.) B_SPLINE_CURVE_WITH_KNOTS((9,7,9),(
0.807315252527,1.566651447348,2.32598764217),.UNSPECIFIED.) CURVE() 
GEOMETRIC_REPRESENTATION_ITEM() RATIONAL_B_SPLINE_CURVE((1.,1.,1.,1.,1.,
1.,1.,1.,1.,1.,1.,1.,1.,1.,1.,1.)) REPRESENTATION_ITEM('') );
#1677 = CARTESIAN_POINT('',(-8.890074968802,-23.09811069146,
    171.33500323947));
#1678 = CARTESIAN_POINT('',(-8.893238306389,-21.25376286323,
    172.8825948219));
#1679 = CARTESIAN_POINT('',(-8.522790341762,-19.48055330703,
    174.37049430651));
#1680 = CARTESIAN_POINT('',(-7.853009905163,-17.82998857597,
    175.75548256358));
#1681 = CARTESIAN_POINT('',(-6.828661937984,-16.35387960166,
    176.9940850595));
#1682 = CARTESIAN_POINT('',(-5.636924289122,-15.06360908822,
    178.07675057144));
#1683 = CARTESIAN_POINT('',(-3.934401766651,-13.977963129,
    178.98771569541));
#1684 = CARTESIAN_POINT('',(-1.96619482934,-13.45217632249,
    179.42890321083));
#1685 = CARTESIAN_POINT('',(1.966191013788,-13.45217548152,
    179.42890391649));
#1686 = CARTESIAN_POINT('',(3.934399000024,-13.97796143881,
    178.98771711365));
#1687 = CARTESIAN_POINT('',(5.636923832965,-15.06360743418,
    178.07675195935));
#1688 = CARTESIAN_POINT('',(6.82866283191,-16.35387972431,
    176.99408495658));
#1689 = CARTESIAN_POINT('',(7.853010859077,-17.829989689,175.75548162963
    ));
#1690 = CARTESIAN_POINT('',(8.522790874998,-19.48055494222,
    174.37049293442));
#1691 = CARTESIAN_POINT('',(8.893238354013,-21.25376405891,
    172.88259381861));
#1692 = CARTESIAN_POINT('',(8.890074970832,-23.09811089391,
    171.3350030696));
#1693 = PCURVE('',#396,#1694);
#1694 = DEFINITIONAL_REPRESENTATION('',(#1695),#1712);
#1695 = B_SPLINE_CURVE_WITH_KNOTS('',8,(#1696,#1697,#1698,#1699,#1700,
    #1701,#1702,#1703,#1704,#1705,#1706,#1707,#1708,#1709,#1710,#1711),
  .UNSPECIFIED.,.F.,.F.,(9,7,9),(0.807315252527,1.566651447348,
    2.32598764217),.UNSPECIFIED.);
#1696 = CARTESIAN_POINT('',(31.257304570342,-5.079925031198));
#1697 = CARTESIAN_POINT('',(33.664929669381,-5.076761693611));
#1698 = CARTESIAN_POINT('',(35.979690349553,-5.447209658239));
#1699 = CARTESIAN_POINT('',(38.134349580997,-6.116990094837));
#1700 = CARTESIAN_POINT('',(40.061272995915,-7.141338062016));
#1701 = CARTESIAN_POINT('',(41.745601529356,-8.333075710878));
#1702 = CARTESIAN_POINT('',(43.162811678168,-10.03559823335));
#1703 = CARTESIAN_POINT('',(43.849177608014,-12.00380517066));
#1704 = CARTESIAN_POINT('',(43.849178705822,-15.93619101378));
#1705 = CARTESIAN_POINT('',(43.162813884552,-17.90439900002));
#1706 = CARTESIAN_POINT('',(41.745603688562,-19.60692383296));
#1707 = CARTESIAN_POINT('',(40.061272835801,-20.79866283191));
#1708 = CARTESIAN_POINT('',(38.134348128042,-21.82301085907));
#1709 = CARTESIAN_POINT('',(35.979688214971,-22.49279087499));
#1710 = CARTESIAN_POINT('',(33.664928108534,-22.86323835401));
#1711 = CARTESIAN_POINT('',(31.257304306069,-22.86007497083));
#1712 = ( GEOMETRIC_REPRESENTATION_CONTEXT(2) 
PARAMETRIC_REPRESENTATION_CONTEXT() REPRESENTATION_CONTEXT('2D SPACE',''
  ) );
#1713 = PCURVE('',#1587,#1714);
#1714 = DEFINITIONAL_REPRESENTATION('',(#1715),#1719);
#1715 = LINE('',#1716,#1717);
#1716 = CARTESIAN_POINT('',(1.518672389642,0.));
#1717 = VECTOR('',#1718,1.);
#1718 = DIRECTION('',(0.,1.));
#1719 = ( GEOMETRIC_REPRESENTATION_CONTEXT(2) 
PARAMETRIC_REPRESENTATION_CONTEXT() REPRESENTATION_CONTEXT('2D SPACE',''
  ) );
#1720 = ADVANCED_FACE('',(#1721),#470,.T.);
#1721 = FACE_BOUND('',#1722,.F.);
#1722 = EDGE_LOOP('',(#1723,#1746,#1767,#1768));
#1723 = ORIENTED_EDGE('',*,*,#1724,.F.);
#1724 = EDGE_CURVE('',#1725,#409,#1727,.T.);
#1725 = VERTEX_POINT('',#1726);
#1726 = CARTESIAN_POINT('',(11.43,-24.71584184967,173.29330013617));
#1727 = SURFACE_CURVE('',#1728,(#1732,#1739),.PCURVE_S1.);
#1728 = LINE('',#1729,#1730);
#1729 = CARTESIAN_POINT('',(11.43,-26.6615947352,171.66061960757));
#1730 = VECTOR('',#1731,25.4);
#1731 = DIRECTION('',(-0.,-0.766044443119,-0.642787609687));
#1732 = PCURVE('',#470,#1733);
#1733 = DEFINITIONAL_REPRESENTATION('',(#1734),#1738);
#1734 = LINE('',#1735,#1736);
#1735 = CARTESIAN_POINT('',(-0.,0.));
#1736 = VECTOR('',#1737,1.);
#1737 = DIRECTION('',(-0.,1.));
#1738 = ( GEOMETRIC_REPRESENTATION_CONTEXT(2) 
PARAMETRIC_REPRESENTATION_CONTEXT() REPRESENTATION_CONTEXT('2D SPACE',''
  ) );
#1739 = PCURVE('',#520,#1740);
#1740 = DEFINITIONAL_REPRESENTATION('',(#1741),#1745);
#1741 = LINE('',#1742,#1743);
#1742 = CARTESIAN_POINT('',(10.903948775786,-19.57605122421));
#1743 = VECTOR('',#1744,1.);
#1744 = DIRECTION('',(-0.707106781187,0.707106781187));
#1745 = ( GEOMETRIC_REPRESENTATION_CONTEXT(2) 
PARAMETRIC_REPRESENTATION_CONTEXT() REPRESENTATION_CONTEXT('2D SPACE',''
  ) );
#1746 = ORIENTED_EDGE('',*,*,#1747,.T.);
#1747 = EDGE_CURVE('',#1725,#1652,#1748,.T.);
#1748 = SURFACE_CURVE('',#1749,(#1753,#1761),.PCURVE_S1.);
#1749 = ( BOUNDED_CURVE() B_SPLINE_CURVE(2,(#1750,#1751,#1752),
.UNSPECIFIED.,.F.,.F.) B_SPLINE_CURVE_WITH_KNOTS((3,3),(0.,
1.518672389642),.PIECEWISE_BEZIER_KNOTS.) CURVE() 
GEOMETRIC_REPRESENTATION_ITEM() RATIONAL_B_SPLINE_CURVE((1.,
0.707106781187,1.)) REPRESENTATION_ITEM('') );
#1750 = CARTESIAN_POINT('',(11.43,-24.71584184967,173.29330013617));
#1751 = CARTESIAN_POINT('',(11.43,-23.08316132107,171.34754725065));
#1752 = CARTESIAN_POINT('',(8.890074970832,-23.09811089391,
    171.3350030696));
#1753 = PCURVE('',#470,#1754);
#1754 = DEFINITIONAL_REPRESENTATION('',(#1755),#1760);
#1755 = B_SPLINE_CURVE_WITH_KNOTS('',3,(#1756,#1757,#1758,#1759),
  .UNSPECIFIED.,.F.,.F.,(4,4),(0.,1.518672389642),
  .PIECEWISE_BEZIER_KNOTS.);
#1756 = CARTESIAN_POINT('',(0.,-2.54));
#1757 = CARTESIAN_POINT('',(-0.471404520791,-2.54));
#1758 = CARTESIAN_POINT('',(-1.099391806004,-2.54));
#1759 = CARTESIAN_POINT('',(-1.570796326795,-2.54));
#1760 = ( GEOMETRIC_REPRESENTATION_CONTEXT(2) 
PARAMETRIC_REPRESENTATION_CONTEXT() REPRESENTATION_CONTEXT('2D SPACE',''
  ) );
#1761 = PCURVE('',#1587,#1762);
#1762 = DEFINITIONAL_REPRESENTATION('',(#1763),#1766);
#1763 = B_SPLINE_CURVE_WITH_KNOTS('',1,(#1764,#1765),.UNSPECIFIED.,.F.,
  .F.,(2,2),(0.,1.518672389642),.PIECEWISE_BEZIER_KNOTS.);
#1764 = CARTESIAN_POINT('',(0.,2.32598764217));
#1765 = CARTESIAN_POINT('',(1.518672389642,2.32598764217));
#1766 = ( GEOMETRIC_REPRESENTATION_CONTEXT(2) 
PARAMETRIC_REPRESENTATION_CONTEXT() REPRESENTATION_CONTEXT('2D SPACE',''
  ) );
#1767 = ORIENTED_EDGE('',*,*,#1651,.T.);
#1768 = ORIENTED_EDGE('',*,*,#408,.F.);
#1769 = ADVANCED_FACE('',(#1770),#520,.F.);
#1770 = FACE_BOUND('',#1771,.F.);
#1771 = EDGE_LOOP('',(#1772,#1795,#1816,#1817));
#1772 = ORIENTED_EDGE('',*,*,#1773,.F.);
#1773 = EDGE_CURVE('',#1774,#506,#1776,.T.);
#1774 = VERTEX_POINT('',#1775);
#1775 = CARTESIAN_POINT('',(11.43,-23.5014226592,187.1741750008));
#1776 = SURFACE_CURVE('',#1777,(#1781,#1788),.PCURVE_S1.);
#1777 = LINE('',#1778,#1779);
#1778 = CARTESIAN_POINT('',(11.43,-23.5014226592,187.1741750008));
#1779 = VECTOR('',#1780,25.4);
#1780 = DIRECTION('',(-0.,-0.996194698092,8.715574274766E-02));
#1781 = PCURVE('',#520,#1782);
#1782 = DEFINITIONAL_REPRESENTATION('',(#1783),#1787);
#1783 = LINE('',#1784,#1785);
#1784 = CARTESIAN_POINT('',(12.7,-35.306));
#1785 = VECTOR('',#1786,1.);
#1786 = DIRECTION('',(-1.,0.));
#1787 = ( GEOMETRIC_REPRESENTATION_CONTEXT(2) 
PARAMETRIC_REPRESENTATION_CONTEXT() REPRESENTATION_CONTEXT('2D SPACE',''
  ) );
#1788 = PCURVE('',#1423,#1789);
#1789 = DEFINITIONAL_REPRESENTATION('',(#1790),#1794);
#1790 = LINE('',#1791,#1792);
#1791 = CARTESIAN_POINT('',(0.,0.));
#1792 = VECTOR('',#1793,1.);
#1793 = DIRECTION('',(0.,1.));
#1794 = ( GEOMETRIC_REPRESENTATION_CONTEXT(2) 
PARAMETRIC_REPRESENTATION_CONTEXT() REPRESENTATION_CONTEXT('2D SPACE',''
  ) );
#1795 = ORIENTED_EDGE('',*,*,#1796,.F.);
#1796 = EDGE_CURVE('',#1725,#1774,#1797,.T.);
#1797 = SURFACE_CURVE('',#1798,(#1802,#1809),.PCURVE_S1.);
#1798 = LINE('',#1799,#1800);
#1799 = CARTESIAN_POINT('',(11.43,-26.57854331265,152.00252498998));
#1800 = VECTOR('',#1801,25.4);
#1801 = DIRECTION('',(0.,8.715574274766E-02,0.996194698092));
#1802 = PCURVE('',#520,#1803);
#1803 = DEFINITIONAL_REPRESENTATION('',(#1804),#1808);
#1804 = LINE('',#1805,#1806);
#1805 = CARTESIAN_POINT('',(12.7,0.));
#1806 = VECTOR('',#1807,1.);
#1807 = DIRECTION('',(0.,-1.));
#1808 = ( GEOMETRIC_REPRESENTATION_CONTEXT(2) 
PARAMETRIC_REPRESENTATION_CONTEXT() REPRESENTATION_CONTEXT('2D SPACE',''
  ) );
#1809 = PCURVE('',#1511,#1810);
#1810 = DEFINITIONAL_REPRESENTATION('',(#1811),#1815);
#1811 = LINE('',#1812,#1813);
#1812 = CARTESIAN_POINT('',(-0.,0.));
#1813 = VECTOR('',#1814,1.);
#1814 = DIRECTION('',(-0.,-1.));
#1815 = ( GEOMETRIC_REPRESENTATION_CONTEXT(2) 
PARAMETRIC_REPRESENTATION_CONTEXT() REPRESENTATION_CONTEXT('2D SPACE',''
  ) );
#1816 = ORIENTED_EDGE('',*,*,#1724,.T.);
#1817 = ORIENTED_EDGE('',*,*,#505,.T.);
#1818 = ADVANCED_FACE('',(#1819,#1827),#835,.T.);
#1819 = FACE_BOUND('',#1820,.T.);
#1820 = EDGE_LOOP('',(#1821,#1822,#1823,#1824,#1825,#1826));
#1821 = ORIENTED_EDGE('',*,*,#1447,.F.);
#1822 = ORIENTED_EDGE('',*,*,#996,.F.);
#1823 = ORIENTED_EDGE('',*,*,#818,.T.);
#1824 = ORIENTED_EDGE('',*,*,#943,.F.);
#1825 = ORIENTED_EDGE('',*,*,#1201,.T.);
#1826 = ORIENTED_EDGE('',*,*,#1248,.F.);
#1827 = FACE_BOUND('',#1828,.T.);
#1828 = EDGE_LOOP('',(#1829,#1859,#1892,#1920,#1953,#1981,#2014,#2042));
#1829 = ORIENTED_EDGE('',*,*,#1830,.F.);
#1830 = EDGE_CURVE('',#1831,#1833,#1835,.T.);
#1831 = VERTEX_POINT('',#1832);
#1832 = CARTESIAN_POINT('',(-75.438,-69.85,6.35));
#1833 = VERTEX_POINT('',#1834);
#1834 = CARTESIAN_POINT('',(-75.438,69.85,6.35));
#1835 = SURFACE_CURVE('',#1836,(#1840,#1847),.PCURVE_S1.);
#1836 = LINE('',#1837,#1838);
#1837 = CARTESIAN_POINT('',(-75.438,-69.85,6.35));
#1838 = VECTOR('',#1839,25.4);
#1839 = DIRECTION('',(-0.,1.,0.));
#1840 = PCURVE('',#835,#1841);
#1841 = DEFINITIONAL_REPRESENTATION('',(#1842),#1846);
#1842 = LINE('',#1843,#1844);
#1843 = CARTESIAN_POINT('',(0.762,6.35));
#1844 = VECTOR('',#1845,1.);
#1845 = DIRECTION('',(0.,1.));
#1846 = ( GEOMETRIC_REPRESENTATION_CONTEXT(2) 
PARAMETRIC_REPRESENTATION_CONTEXT() REPRESENTATION_CONTEXT('2D SPACE',''
  ) );
#1847 = PCURVE('',#1848,#1853);
#1848 = CYLINDRICAL_SURFACE('',#1849,0.762);
#1849 = AXIS2_PLACEMENT_3D('',#1850,#1851,#1852);
#1850 = CARTESIAN_POINT('',(-75.438,-69.85,5.588));
#1851 = DIRECTION('',(-0.,1.,0.));
#1852 = DIRECTION('',(-1.,-0.,0.));
#1853 = DEFINITIONAL_REPRESENTATION('',(#1854),#1858);
#1854 = LINE('',#1855,#1856);
#1855 = CARTESIAN_POINT('',(1.570796326795,0.));
#1856 = VECTOR('',#1857,1.);
#1857 = DIRECTION('',(0.,1.));
#1858 = ( GEOMETRIC_REPRESENTATION_CONTEXT(2) 
PARAMETRIC_REPRESENTATION_CONTEXT() REPRESENTATION_CONTEXT('2D SPACE',''
  ) );
#1859 = ORIENTED_EDGE('',*,*,#1860,.F.);
#1860 = EDGE_CURVE('',#1861,#1831,#1863,.T.);
#1861 = VERTEX_POINT('',#1862);
#1862 = CARTESIAN_POINT('',(-69.85,-75.438,6.35));
#1863 = SURFACE_CURVE('',#1864,(#1869,#1880),.PCURVE_S1.);
#1864 = CIRCLE('',#1865,5.588);
#1865 = AXIS2_PLACEMENT_3D('',#1866,#1867,#1868);
#1866 = CARTESIAN_POINT('',(-69.85,-69.85,6.35));
#1867 = DIRECTION('',(-0.,-0.,-1.));
#1868 = DIRECTION('',(0.,-1.,0.));
#1869 = PCURVE('',#835,#1870);
#1870 = DEFINITIONAL_REPRESENTATION('',(#1871),#1879);
#1871 = ( BOUNDED_CURVE() B_SPLINE_CURVE(2,(#1872,#1873,#1874,#1875,
#1876,#1877,#1878),.UNSPECIFIED.,.T.,.F.) B_SPLINE_CURVE_WITH_KNOTS((1,2
    ,2,2,2,1),(-2.094395102393,0.,2.094395102393,4.188790204786,
6.28318530718,8.377580409573),.UNSPECIFIED.) CURVE() 
GEOMETRIC_REPRESENTATION_ITEM() RATIONAL_B_SPLINE_CURVE((1.,0.5,1.,0.5,
1.,0.5,1.)) REPRESENTATION_ITEM('') );
#1872 = CARTESIAN_POINT('',(6.35,0.762));
#1873 = CARTESIAN_POINT('',(-3.328699912695,0.762));
#1874 = CARTESIAN_POINT('',(1.510650043653,9.144));
#1875 = CARTESIAN_POINT('',(6.35,17.526));
#1876 = CARTESIAN_POINT('',(11.189349956347,9.144));
#1877 = CARTESIAN_POINT('',(16.028699912695,0.762));
#1878 = CARTESIAN_POINT('',(6.35,0.762));
#1879 = ( GEOMETRIC_REPRESENTATION_CONTEXT(2) 
PARAMETRIC_REPRESENTATION_CONTEXT() REPRESENTATION_CONTEXT('2D SPACE',''
  ) );
#1880 = PCURVE('',#1881,#1886);
#1881 = TOROIDAL_SURFACE('',#1882,5.588,0.762);
#1882 = AXIS2_PLACEMENT_3D('',#1883,#1884,#1885);
#1883 = CARTESIAN_POINT('',(-69.85,-69.85,5.588));
#1884 = DIRECTION('',(0.,0.,1.));
#1885 = DIRECTION('',(0.,-1.,0.));
#1886 = DEFINITIONAL_REPRESENTATION('',(#1887),#1891);
#1887 = LINE('',#1888,#1889);
#1888 = CARTESIAN_POINT('',(-0.,1.570796326795));
#1889 = VECTOR('',#1890,1.);
#1890 = DIRECTION('',(-1.,0.));
#1891 = ( GEOMETRIC_REPRESENTATION_CONTEXT(2) 
PARAMETRIC_REPRESENTATION_CONTEXT() REPRESENTATION_CONTEXT('2D SPACE',''
  ) );
#1892 = ORIENTED_EDGE('',*,*,#1893,.F.);
#1893 = EDGE_CURVE('',#1894,#1861,#1896,.T.);
#1894 = VERTEX_POINT('',#1895);
#1895 = CARTESIAN_POINT('',(69.85,-75.438,6.35));
#1896 = SURFACE_CURVE('',#1897,(#1901,#1908),.PCURVE_S1.);
#1897 = LINE('',#1898,#1899);
#1898 = CARTESIAN_POINT('',(69.85,-75.438,6.35));
#1899 = VECTOR('',#1900,25.4);
#1900 = DIRECTION('',(-1.,-0.,0.));
#1901 = PCURVE('',#835,#1902);
#1902 = DEFINITIONAL_REPRESENTATION('',(#1903),#1907);
#1903 = LINE('',#1904,#1905);
#1904 = CARTESIAN_POINT('',(146.05,0.762));
#1905 = VECTOR('',#1906,1.);
#1906 = DIRECTION('',(-1.,0.));
#1907 = ( GEOMETRIC_REPRESENTATION_CONTEXT(2) 
PARAMETRIC_REPRESENTATION_CONTEXT() REPRESENTATION_CONTEXT('2D SPACE',''
  ) );
#1908 = PCURVE('',#1909,#1914);
#1909 = CYLINDRICAL_SURFACE('',#1910,0.762);
#1910 = AXIS2_PLACEMENT_3D('',#1911,#1912,#1913);
#1911 = CARTESIAN_POINT('',(69.85,-75.438,5.588));
#1912 = DIRECTION('',(-1.,-0.,0.));
#1913 = DIRECTION('',(0.,-1.,-0.));
#1914 = DEFINITIONAL_REPRESENTATION('',(#1915),#1919);
#1915 = LINE('',#1916,#1917);
#1916 = CARTESIAN_POINT('',(1.570796326795,0.));
#1917 = VECTOR('',#1918,1.);
#1918 = DIRECTION('',(0.,1.));
#1919 = ( GEOMETRIC_REPRESENTATION_CONTEXT(2) 
PARAMETRIC_REPRESENTATION_CONTEXT() REPRESENTATION_CONTEXT('2D SPACE',''
  ) );
#1920 = ORIENTED_EDGE('',*,*,#1921,.F.);
#1921 = EDGE_CURVE('',#1922,#1894,#1924,.T.);
#1922 = VERTEX_POINT('',#1923);
#1923 = CARTESIAN_POINT('',(75.438,-69.85,6.35));
#1924 = SURFACE_CURVE('',#1925,(#1930,#1941),.PCURVE_S1.);
#1925 = CIRCLE('',#1926,5.588);
#1926 = AXIS2_PLACEMENT_3D('',#1927,#1928,#1929);
#1927 = CARTESIAN_POINT('',(69.85,-69.85,6.35));
#1928 = DIRECTION('',(0.,-0.,-1.));
#1929 = DIRECTION('',(1.,0.,-0.));
#1930 = PCURVE('',#835,#1931);
#1931 = DEFINITIONAL_REPRESENTATION('',(#1932),#1940);
#1932 = ( BOUNDED_CURVE() B_SPLINE_CURVE(2,(#1933,#1934,#1935,#1936,
#1937,#1938,#1939),.UNSPECIFIED.,.T.,.F.) B_SPLINE_CURVE_WITH_KNOTS((1,2
    ,2,2,2,1),(-2.094395102393,0.,2.094395102393,4.188790204786,
6.28318530718,8.377580409573),.UNSPECIFIED.) CURVE() 
GEOMETRIC_REPRESENTATION_ITEM() RATIONAL_B_SPLINE_CURVE((1.,0.5,1.,0.5,
1.,0.5,1.)) REPRESENTATION_ITEM('') );
#1933 = CARTESIAN_POINT('',(151.638,6.35));
#1934 = CARTESIAN_POINT('',(151.638,-3.328699912695));
#1935 = CARTESIAN_POINT('',(143.256,1.510650043653));
#1936 = CARTESIAN_POINT('',(134.874,6.35));
#1937 = CARTESIAN_POINT('',(143.256,11.189349956347));
#1938 = CARTESIAN_POINT('',(151.638,16.028699912695));
#1939 = CARTESIAN_POINT('',(151.638,6.35));
#1940 = ( GEOMETRIC_REPRESENTATION_CONTEXT(2) 
PARAMETRIC_REPRESENTATION_CONTEXT() REPRESENTATION_CONTEXT('2D SPACE',''
  ) );
#1941 = PCURVE('',#1942,#1947);
#1942 = TOROIDAL_SURFACE('',#1943,5.588,0.762);
#1943 = AXIS2_PLACEMENT_3D('',#1944,#1945,#1946);
#1944 = CARTESIAN_POINT('',(69.85,-69.85,5.588));
#1945 = DIRECTION('',(0.,0.,1.));
#1946 = DIRECTION('',(1.,0.,-0.));
#1947 = DEFINITIONAL_REPRESENTATION('',(#1948),#1952);
#1948 = LINE('',#1949,#1950);
#1949 = CARTESIAN_POINT('',(-0.,1.570796326795));
#1950 = VECTOR('',#1951,1.);
#1951 = DIRECTION('',(-1.,0.));
#1952 = ( GEOMETRIC_REPRESENTATION_CONTEXT(2) 
PARAMETRIC_REPRESENTATION_CONTEXT() REPRESENTATION_CONTEXT('2D SPACE',''
  ) );
#1953 = ORIENTED_EDGE('',*,*,#1954,.F.);
#1954 = EDGE_CURVE('',#1955,#1922,#1957,.T.);
#1955 = VERTEX_POINT('',#1956);
#1956 = CARTESIAN_POINT('',(75.438,69.85,6.35));
#1957 = SURFACE_CURVE('',#1958,(#1962,#1969),.PCURVE_S1.);
#1958 = LINE('',#1959,#1960);
#1959 = CARTESIAN_POINT('',(75.438,69.85,6.35));
#1960 = VECTOR('',#1961,25.4);
#1961 = DIRECTION('',(0.,-1.,-0.));
#1962 = PCURVE('',#835,#1963);
#1963 = DEFINITIONAL_REPRESENTATION('',(#1964),#1968);
#1964 = LINE('',#1965,#1966);
#1965 = CARTESIAN_POINT('',(151.638,146.05));
#1966 = VECTOR('',#1967,1.);
#1967 = DIRECTION('',(0.,-1.));
#1968 = ( GEOMETRIC_REPRESENTATION_CONTEXT(2) 
PARAMETRIC_REPRESENTATION_CONTEXT() REPRESENTATION_CONTEXT('2D SPACE',''
  ) );
#1969 = PCURVE('',#1970,#1975);
#1970 = CYLINDRICAL_SURFACE('',#1971,0.762);
#1971 = AXIS2_PLACEMENT_3D('',#1972,#1973,#1974);
#1972 = CARTESIAN_POINT('',(75.438,69.85,5.588));
#1973 = DIRECTION('',(0.,-1.,-0.));
#1974 = DIRECTION('',(1.,0.,0.));
#1975 = DEFINITIONAL_REPRESENTATION('',(#1976),#1980);
#1976 = LINE('',#1977,#1978);
#1977 = CARTESIAN_POINT('',(1.570796326795,0.));
#1978 = VECTOR('',#1979,1.);
#1979 = DIRECTION('',(0.,1.));
#1980 = ( GEOMETRIC_REPRESENTATION_CONTEXT(2) 
PARAMETRIC_REPRESENTATION_CONTEXT() REPRESENTATION_CONTEXT('2D SPACE',''
  ) );
#1981 = ORIENTED_EDGE('',*,*,#1982,.F.);
#1982 = EDGE_CURVE('',#1983,#1955,#1985,.T.);
#1983 = VERTEX_POINT('',#1984);
#1984 = CARTESIAN_POINT('',(69.85,75.438,6.35));
#1985 = SURFACE_CURVE('',#1986,(#1991,#2002),.PCURVE_S1.);
#1986 = CIRCLE('',#1987,5.588);
#1987 = AXIS2_PLACEMENT_3D('',#1988,#1989,#1990);
#1988 = CARTESIAN_POINT('',(69.85,69.85,6.35));
#1989 = DIRECTION('',(0.,-0.,-1.));
#1990 = DIRECTION('',(0.,1.,-0.));
#1991 = PCURVE('',#835,#1992);
#1992 = DEFINITIONAL_REPRESENTATION('',(#1993),#2001);
#1993 = ( BOUNDED_CURVE() B_SPLINE_CURVE(2,(#1994,#1995,#1996,#1997,
#1998,#1999,#2000),.UNSPECIFIED.,.T.,.F.) B_SPLINE_CURVE_WITH_KNOTS((1,2
    ,2,2,2,1),(-2.094395102393,0.,2.094395102393,4.188790204786,
6.28318530718,8.377580409573),.UNSPECIFIED.) CURVE() 
GEOMETRIC_REPRESENTATION_ITEM() RATIONAL_B_SPLINE_CURVE((1.,0.5,1.,0.5,
1.,0.5,1.)) REPRESENTATION_ITEM('') );
#1994 = CARTESIAN_POINT('',(146.05,151.638));
#1995 = CARTESIAN_POINT('',(155.72869991269,151.638));
#1996 = CARTESIAN_POINT('',(150.88934995634,143.256));
#1997 = CARTESIAN_POINT('',(146.05,134.874));
#1998 = CARTESIAN_POINT('',(141.21065004365,143.256));
#1999 = CARTESIAN_POINT('',(136.3713000873,151.638));
#2000 = CARTESIAN_POINT('',(146.05,151.638));
#2001 = ( GEOMETRIC_REPRESENTATION_CONTEXT(2) 
PARAMETRIC_REPRESENTATION_CONTEXT() REPRESENTATION_CONTEXT('2D SPACE',''
  ) );
#2002 = PCURVE('',#2003,#2008);
#2003 = TOROIDAL_SURFACE('',#2004,5.588,0.762);
#2004 = AXIS2_PLACEMENT_3D('',#2005,#2006,#2007);
#2005 = CARTESIAN_POINT('',(69.85,69.85,5.588));
#2006 = DIRECTION('',(0.,0.,1.));
#2007 = DIRECTION('',(0.,1.,-0.));
#2008 = DEFINITIONAL_REPRESENTATION('',(#2009),#2013);
#2009 = LINE('',#2010,#2011);
#2010 = CARTESIAN_POINT('',(-0.,1.570796326795));
#2011 = VECTOR('',#2012,1.);
#2012 = DIRECTION('',(-1.,0.));
#2013 = ( GEOMETRIC_REPRESENTATION_CONTEXT(2) 
PARAMETRIC_REPRESENTATION_CONTEXT() REPRESENTATION_CONTEXT('2D SPACE',''
  ) );
#2014 = ORIENTED_EDGE('',*,*,#2015,.F.);
#2015 = EDGE_CURVE('',#2016,#1983,#2018,.T.);
#2016 = VERTEX_POINT('',#2017);
#2017 = CARTESIAN_POINT('',(-69.85,75.438,6.35));
#2018 = SURFACE_CURVE('',#2019,(#2023,#2030),.PCURVE_S1.);
#2019 = LINE('',#2020,#2021);
#2020 = CARTESIAN_POINT('',(-69.85,75.438,6.35));
#2021 = VECTOR('',#2022,25.4);
#2022 = DIRECTION('',(1.,0.,-0.));
#2023 = PCURVE('',#835,#2024);
#2024 = DEFINITIONAL_REPRESENTATION('',(#2025),#2029);
#2025 = LINE('',#2026,#2027);
#2026 = CARTESIAN_POINT('',(6.35,151.638));
#2027 = VECTOR('',#2028,1.);
#2028 = DIRECTION('',(1.,0.));
#2029 = ( GEOMETRIC_REPRESENTATION_CONTEXT(2) 
PARAMETRIC_REPRESENTATION_CONTEXT() REPRESENTATION_CONTEXT('2D SPACE',''
  ) );
#2030 = PCURVE('',#2031,#2036);
#2031 = CYLINDRICAL_SURFACE('',#2032,0.762);
#2032 = AXIS2_PLACEMENT_3D('',#2033,#2034,#2035);
#2033 = CARTESIAN_POINT('',(-69.85,75.438,5.588));
#2034 = DIRECTION('',(1.,0.,-0.));
#2035 = DIRECTION('',(0.,1.,0.));
#2036 = DEFINITIONAL_REPRESENTATION('',(#2037),#2041);
#2037 = LINE('',#2038,#2039);
#2038 = CARTESIAN_POINT('',(1.570796326795,0.));
#2039 = VECTOR('',#2040,1.);
#2040 = DIRECTION('',(0.,1.));
#2041 = ( GEOMETRIC_REPRESENTATION_CONTEXT(2) 
PARAMETRIC_REPRESENTATION_CONTEXT() REPRESENTATION_CONTEXT('2D SPACE',''
  ) );
#2042 = ORIENTED_EDGE('',*,*,#2043,.F.);
#2043 = EDGE_CURVE('',#1833,#2016,#2044,.T.);
#2044 = SURFACE_CURVE('',#2045,(#2050,#2061),.PCURVE_S1.);
#2045 = CIRCLE('',#2046,5.588);
#2046 = AXIS2_PLACEMENT_3D('',#2047,#2048,#2049);
#2047 = CARTESIAN_POINT('',(-69.85,69.85,6.35));
#2048 = DIRECTION('',(-0.,0.,-1.));
#2049 = DIRECTION('',(-1.,0.,0.));
#2050 = PCURVE('',#835,#2051);
#2051 = DEFINITIONAL_REPRESENTATION('',(#2052),#2060);
#2052 = ( BOUNDED_CURVE() B_SPLINE_CURVE(2,(#2053,#2054,#2055,#2056,
#2057,#2058,#2059),.UNSPECIFIED.,.T.,.F.) B_SPLINE_CURVE_WITH_KNOTS((1,2
    ,2,2,2,1),(-2.094395102393,0.,2.094395102393,4.188790204786,
6.28318530718,8.377580409573),.UNSPECIFIED.) CURVE() 
GEOMETRIC_REPRESENTATION_ITEM() RATIONAL_B_SPLINE_CURVE((1.,0.5,1.,0.5,
1.,0.5,1.)) REPRESENTATION_ITEM('') );
#2053 = CARTESIAN_POINT('',(0.762,146.05));
#2054 = CARTESIAN_POINT('',(0.762,155.72869991269));
#2055 = CARTESIAN_POINT('',(9.144,150.88934995634));
#2056 = CARTESIAN_POINT('',(17.526,146.05));
#2057 = CARTESIAN_POINT('',(9.144,141.21065004365));
#2058 = CARTESIAN_POINT('',(0.762,136.3713000873));
#2059 = CARTESIAN_POINT('',(0.762,146.05));
#2060 = ( GEOMETRIC_REPRESENTATION_CONTEXT(2) 
PARAMETRIC_REPRESENTATION_CONTEXT() REPRESENTATION_CONTEXT('2D SPACE',''
  ) );
#2061 = PCURVE('',#2062,#2067);
#2062 = TOROIDAL_SURFACE('',#2063,5.588,0.762);
#2063 = AXIS2_PLACEMENT_3D('',#2064,#2065,#2066);
#2064 = CARTESIAN_POINT('',(-69.85,69.85,5.588));
#2065 = DIRECTION('',(0.,0.,1.));
#2066 = DIRECTION('',(-1.,0.,0.));
#2067 = DEFINITIONAL_REPRESENTATION('',(#2068),#2072);
#2068 = LINE('',#2069,#2070);
#2069 = CARTESIAN_POINT('',(-0.,1.570796326795));
#2070 = VECTOR('',#2071,1.);
#2071 = DIRECTION('',(-1.,0.));
#2072 = ( GEOMETRIC_REPRESENTATION_CONTEXT(2) 
PARAMETRIC_REPRESENTATION_CONTEXT() REPRESENTATION_CONTEXT('2D SPACE',''
  ) );
#2073 = ADVANCED_FACE('',(#2074),#1320,.T.);
#2074 = FACE_BOUND('',#2075,.T.);
#2075 = EDGE_LOOP('',(#2076,#2077,#2100,#2133));
#2076 = ORIENTED_EDGE('',*,*,#1301,.F.);
#2077 = ORIENTED_EDGE('',*,*,#2078,.F.);
#2078 = EDGE_CURVE('',#2079,#1302,#2081,.T.);
#2079 = VERTEX_POINT('',#2080);
#2080 = CARTESIAN_POINT('',(9.906,-23.36859730725,188.6923757207));
#2081 = SURFACE_CURVE('',#2082,(#2086,#2093),.PCURVE_S1.);
#2082 = LINE('',#2083,#2084);
#2083 = CARTESIAN_POINT('',(9.906,-23.36859730725,188.6923757207));
#2084 = VECTOR('',#2085,25.4);
#2085 = DIRECTION('',(-0.,-0.996194698092,8.715574274766E-02));
#2086 = PCURVE('',#1320,#2087);
#2087 = DEFINITIONAL_REPRESENTATION('',(#2088),#2092);
#2088 = LINE('',#2089,#2090);
#2089 = CARTESIAN_POINT('',(9.906,12.7));
#2090 = VECTOR('',#2091,1.);
#2091 = DIRECTION('',(0.,-1.));
#2092 = ( GEOMETRIC_REPRESENTATION_CONTEXT(2) 
PARAMETRIC_REPRESENTATION_CONTEXT() REPRESENTATION_CONTEXT('2D SPACE',''
  ) );
#2093 = PCURVE('',#1423,#2094);
#2094 = DEFINITIONAL_REPRESENTATION('',(#2095),#2099);
#2095 = LINE('',#2096,#2097);
#2096 = CARTESIAN_POINT('',(1.570796326795,0.));
#2097 = VECTOR('',#2098,1.);
#2098 = DIRECTION('',(0.,1.));
#2099 = ( GEOMETRIC_REPRESENTATION_CONTEXT(2) 
PARAMETRIC_REPRESENTATION_CONTEXT() REPRESENTATION_CONTEXT('2D SPACE',''
  ) );
#2100 = ORIENTED_EDGE('',*,*,#2101,.F.);
#2101 = EDGE_CURVE('',#2102,#2079,#2104,.T.);
#2102 = VERTEX_POINT('',#2103);
#2103 = CARTESIAN_POINT('',(-9.906,-23.36859730725,188.6923757207));
#2104 = SURFACE_CURVE('',#2105,(#2110,#2121),.PCURVE_S1.);
#2105 = CIRCLE('',#2106,9.906);
#2106 = AXIS2_PLACEMENT_3D('',#2107,#2108,#2109);
#2107 = CARTESIAN_POINT('',(0.,-23.36859730725,188.6923757207));
#2108 = DIRECTION('',(-0.,-8.715574274766E-02,-0.996194698092));
#2109 = DIRECTION('',(-1.,0.,0.));
#2110 = PCURVE('',#1320,#2111);
#2111 = DEFINITIONAL_REPRESENTATION('',(#2112),#2120);
#2112 = ( BOUNDED_CURVE() B_SPLINE_CURVE(2,(#2113,#2114,#2115,#2116,
#2117,#2118,#2119),.UNSPECIFIED.,.T.,.F.) B_SPLINE_CURVE_WITH_KNOTS((1,2
    ,2,2,2,1),(-2.094395102393,0.,2.094395102393,4.188790204786,
6.28318530718,8.377580409573),.UNSPECIFIED.) CURVE() 
GEOMETRIC_REPRESENTATION_ITEM() RATIONAL_B_SPLINE_CURVE((1.,0.5,1.,0.5,
1.,0.5,1.)) REPRESENTATION_ITEM('') );
#2113 = CARTESIAN_POINT('',(-9.906,12.7));
#2114 = CARTESIAN_POINT('',(-9.906,29.857695299777));
#2115 = CARTESIAN_POINT('',(4.953,21.278847649889));
#2116 = CARTESIAN_POINT('',(19.812,12.7));
#2117 = CARTESIAN_POINT('',(4.953,4.121152350111));
#2118 = CARTESIAN_POINT('',(-9.906,-4.457695299777));
#2119 = CARTESIAN_POINT('',(-9.906,12.7));
#2120 = ( GEOMETRIC_REPRESENTATION_CONTEXT(2) 
PARAMETRIC_REPRESENTATION_CONTEXT() REPRESENTATION_CONTEXT('2D SPACE',''
  ) );
#2121 = PCURVE('',#2122,#2127);
#2122 = TOROIDAL_SURFACE('',#2123,9.906,1.524);
#2123 = AXIS2_PLACEMENT_3D('',#2124,#2125,#2126);
#2124 = CARTESIAN_POINT('',(0.,-23.5014226592,187.1741750008));
#2125 = DIRECTION('',(0.,8.715574274766E-02,0.996194698092));
#2126 = DIRECTION('',(-1.,0.,0.));
#2127 = DEFINITIONAL_REPRESENTATION('',(#2128),#2132);
#2128 = LINE('',#2129,#2130);
#2129 = CARTESIAN_POINT('',(-0.,1.570796326795));
#2130 = VECTOR('',#2131,1.);
#2131 = DIRECTION('',(-1.,0.));
#2132 = ( GEOMETRIC_REPRESENTATION_CONTEXT(2) 
PARAMETRIC_REPRESENTATION_CONTEXT() REPRESENTATION_CONTEXT('2D SPACE',''
  ) );
#2133 = ORIENTED_EDGE('',*,*,#2134,.F.);
#2134 = EDGE_CURVE('',#1304,#2102,#2135,.T.);
#2135 = SURFACE_CURVE('',#2136,(#2140,#2147),.PCURVE_S1.);
#2136 = LINE('',#2137,#2138);
#2137 = CARTESIAN_POINT('',(-9.906,-36.02026997301,189.79925365359));
#2138 = VECTOR('',#2139,25.4);
#2139 = DIRECTION('',(0.,0.996194698092,-8.715574274766E-02));
#2140 = PCURVE('',#1320,#2141);
#2141 = DEFINITIONAL_REPRESENTATION('',(#2142),#2146);
#2142 = LINE('',#2143,#2144);
#2143 = CARTESIAN_POINT('',(-9.906,0.));
#2144 = VECTOR('',#2145,1.);
#2145 = DIRECTION('',(0.,1.));
#2146 = ( GEOMETRIC_REPRESENTATION_CONTEXT(2) 
PARAMETRIC_REPRESENTATION_CONTEXT() REPRESENTATION_CONTEXT('2D SPACE',''
  ) );
#2147 = PCURVE('',#1368,#2148);
#2148 = DEFINITIONAL_REPRESENTATION('',(#2149),#2153);
#2149 = LINE('',#2150,#2151);
#2150 = CARTESIAN_POINT('',(1.570796326795,0.));
#2151 = VECTOR('',#2152,1.);
#2152 = DIRECTION('',(0.,1.));
#2153 = ( GEOMETRIC_REPRESENTATION_CONTEXT(2) 
PARAMETRIC_REPRESENTATION_CONTEXT() REPRESENTATION_CONTEXT('2D SPACE',''
  ) );
#2154 = ADVANCED_FACE('',(#2155),#1368,.T.);
#2155 = FACE_BOUND('',#2156,.T.);
#2156 = EDGE_LOOP('',(#2157,#2158,#2159,#2160));
#2157 = ORIENTED_EDGE('',*,*,#1472,.F.);
#2158 = ORIENTED_EDGE('',*,*,#1336,.T.);
#2159 = ORIENTED_EDGE('',*,*,#2134,.T.);
#2160 = ORIENTED_EDGE('',*,*,#2161,.F.);
#2161 = EDGE_CURVE('',#1473,#2102,#2162,.T.);
#2162 = SURFACE_CURVE('',#2163,(#2168,#2174),.PCURVE_S1.);
#2163 = CIRCLE('',#2164,1.524);
#2164 = AXIS2_PLACEMENT_3D('',#2165,#2166,#2167);
#2165 = CARTESIAN_POINT('',(-9.906,-23.5014226592,187.1741750008));
#2166 = DIRECTION('',(0.,0.996194698092,-8.715574274766E-02));
#2167 = DIRECTION('',(-1.,0.,0.));
#2168 = PCURVE('',#1368,#2169);
#2169 = DEFINITIONAL_REPRESENTATION('',(#2170),#2173);
#2170 = B_SPLINE_CURVE_WITH_KNOTS('',1,(#2171,#2172),.UNSPECIFIED.,.F.,
  .F.,(2,2),(0.,1.570796326795),.PIECEWISE_BEZIER_KNOTS.);
#2171 = CARTESIAN_POINT('',(0.,12.7));
#2172 = CARTESIAN_POINT('',(1.570796326795,12.7));
#2173 = ( GEOMETRIC_REPRESENTATION_CONTEXT(2) 
PARAMETRIC_REPRESENTATION_CONTEXT() REPRESENTATION_CONTEXT('2D SPACE',''
  ) );
#2174 = PCURVE('',#2122,#2175);
#2175 = DEFINITIONAL_REPRESENTATION('',(#2176),#2179);
#2176 = B_SPLINE_CURVE_WITH_KNOTS('',1,(#2177,#2178),.UNSPECIFIED.,.F.,
  .F.,(2,2),(0.,1.570796326795),.PIECEWISE_BEZIER_KNOTS.);
#2177 = CARTESIAN_POINT('',(0.,0.));
#2178 = CARTESIAN_POINT('',(0.,1.570796326795));
#2179 = ( GEOMETRIC_REPRESENTATION_CONTEXT(2) 
PARAMETRIC_REPRESENTATION_CONTEXT() REPRESENTATION_CONTEXT('2D SPACE',''
  ) );
#2180 = ADVANCED_FACE('',(#2181),#1423,.T.);
#2181 = FACE_BOUND('',#2182,.T.);
#2182 = EDGE_LOOP('',(#2183,#2184,#2204,#2205));
#2183 = ORIENTED_EDGE('',*,*,#1773,.F.);
#2184 = ORIENTED_EDGE('',*,*,#2185,.T.);
#2185 = EDGE_CURVE('',#1774,#2079,#2186,.T.);
#2186 = SURFACE_CURVE('',#2187,(#2192,#2198),.PCURVE_S1.);
#2187 = CIRCLE('',#2188,1.524);
#2188 = AXIS2_PLACEMENT_3D('',#2189,#2190,#2191);
#2189 = CARTESIAN_POINT('',(9.906,-23.5014226592,187.1741750008));
#2190 = DIRECTION('',(1.224646799147E-16,-0.996194698092,
    8.715574274766E-02));
#2191 = DIRECTION('',(1.,1.219986648346E-16,-1.067350013832E-17));
#2192 = PCURVE('',#1423,#2193);
#2193 = DEFINITIONAL_REPRESENTATION('',(#2194),#2197);
#2194 = B_SPLINE_CURVE_WITH_KNOTS('',1,(#2195,#2196),.UNSPECIFIED.,.F.,
  .F.,(2,2),(0.,1.570796326795),.PIECEWISE_BEZIER_KNOTS.);
#2195 = CARTESIAN_POINT('',(0.,0.));
#2196 = CARTESIAN_POINT('',(1.570796326795,0.));
#2197 = ( GEOMETRIC_REPRESENTATION_CONTEXT(2) 
PARAMETRIC_REPRESENTATION_CONTEXT() REPRESENTATION_CONTEXT('2D SPACE',''
  ) );
#2198 = PCURVE('',#2122,#2199);
#2199 = DEFINITIONAL_REPRESENTATION('',(#2200),#2203);
#2200 = B_SPLINE_CURVE_WITH_KNOTS('',1,(#2201,#2202),.UNSPECIFIED.,.F.,
  .F.,(2,2),(0.,1.570796326795),.PIECEWISE_BEZIER_KNOTS.);
#2201 = CARTESIAN_POINT('',(-3.14159265359,0.));
#2202 = CARTESIAN_POINT('',(-3.14159265359,1.570796326795));
#2203 = ( GEOMETRIC_REPRESENTATION_CONTEXT(2) 
PARAMETRIC_REPRESENTATION_CONTEXT() REPRESENTATION_CONTEXT('2D SPACE',''
  ) );
#2204 = ORIENTED_EDGE('',*,*,#2078,.T.);
#2205 = ORIENTED_EDGE('',*,*,#1391,.F.);
#2206 = ADVANCED_FACE('',(#2207),#1511,.T.);
#2207 = FACE_BOUND('',#2208,.F.);
#2208 = EDGE_LOOP('',(#2209,#2210,#2257,#2258));
#2209 = ORIENTED_EDGE('',*,*,#1495,.F.);
#2210 = ORIENTED_EDGE('',*,*,#2211,.T.);
#2211 = EDGE_CURVE('',#1496,#1725,#2212,.T.);
#2212 = SURFACE_CURVE('',#2213,(#2230,#2250),.PCURVE_S1.);
#2213 = ( BOUNDED_CURVE() B_SPLINE_CURVE(8,(#2214,#2215,#2216,#2217,
    #2218,#2219,#2220,#2221,#2222,#2223,#2224,#2225,#2226,#2227,#2228,
#2229),.UNSPECIFIED.,.F.,.F.) B_SPLINE_CURVE_WITH_KNOTS((9,7,9),(
0.807315252527,1.566651447348,2.32598764217),.UNSPECIFIED.) CURVE() 
GEOMETRIC_REPRESENTATION_ITEM() RATIONAL_B_SPLINE_CURVE((1.,1.,1.,1.,1.,
1.,1.,1.,1.,1.,1.,1.,1.,1.,1.,1.)) REPRESENTATION_ITEM('') );
#2214 = CARTESIAN_POINT('',(-11.43,-24.71584184967,173.29330013617));
#2215 = CARTESIAN_POINT('',(-11.43,-22.32956424769,174.8355610001));
#2216 = CARTESIAN_POINT('',(-10.92518274746,-20.01275187036,
    176.33262740709));
#2217 = CARTESIAN_POINT('',(-9.980641715662,-17.86565733454,
    177.71903786219));
#2218 = CARTESIAN_POINT('',(-8.591788704699,-15.9613155624,
    178.94333098321));
#2219 = CARTESIAN_POINT('',(-6.895873639303,-14.37239545105,
    179.95730650221));
#2220 = CARTESIAN_POINT('',(-4.754983485977,-13.15368575083,
    180.76077505219));
#2221 = CARTESIAN_POINT('',(-2.376644101469,-12.55452228099,
    181.15328059001));
#2222 = CARTESIAN_POINT('',(2.37664065499,-12.55452151393,181.1532811352
    ));
#2223 = CARTESIAN_POINT('',(4.754980901413,-13.15368420414,
    180.76077615488));
#2224 = CARTESIAN_POINT('',(6.895872940843,-14.37239390473,
    179.95730755139));
#2225 = CARTESIAN_POINT('',(8.591789086468,-15.96131532269,
    178.94333099625));
#2226 = CARTESIAN_POINT('',(9.98064236247,-17.86565800275,
    177.71903742408));
#2227 = CARTESIAN_POINT('',(10.92518308385,-20.01275301196,
    176.33262665901));
#2228 = CARTESIAN_POINT('',(11.43,-22.32956504161,174.83556048661));
#2229 = CARTESIAN_POINT('',(11.43,-24.71584184967,173.29330013617));
#2230 = PCURVE('',#1511,#2231);
#2231 = DEFINITIONAL_REPRESENTATION('',(#2232),#2249);
#2232 = B_SPLINE_CURVE_WITH_KNOTS('',8,(#2233,#2234,#2235,#2236,#2237,
    #2238,#2239,#2240,#2241,#2242,#2243,#2244,#2245,#2246,#2247,#2248),
  .UNSPECIFIED.,.F.,.F.,(9,7,9),(0.807315252527,1.566651447348,
    2.32598764217),.UNSPECIFIED.);
#2233 = CARTESIAN_POINT('',(-3.14159265359,-21.37210244842));
#2234 = CARTESIAN_POINT('',(-2.945373913068,-23.11647234095));
#2235 = CARTESIAN_POINT('',(-2.754753619611,-24.80956399304));
#2236 = CARTESIAN_POINT('',(-2.56727915751,-26.37865140254));
#2237 = CARTESIAN_POINT('',(-2.377449082747,-27.76281738169));
#2238 = CARTESIAN_POINT('',(-2.187929238753,-28.91278987043));
#2239 = CARTESIAN_POINT('',(-1.986765989523,-29.81871289245));
#2240 = CARTESIAN_POINT('',(-1.778730710602,-30.26210214343));
#2241 = CARTESIAN_POINT('',(-1.362862244517,-30.26210275341));
#2242 = CARTESIAN_POINT('',(-1.154826904422,-29.81871412479));
#2243 = CARTESIAN_POINT('',(-0.953663524598,-28.91279105325));
#2244 = CARTESIAN_POINT('',(-0.764143575313,-27.7628174119));
#2245 = CARTESIAN_POINT('',(-0.574313425908,-26.37865091022));
#2246 = CARTESIAN_POINT('',(-0.386838940976,-24.80956314767));
#2247 = CARTESIAN_POINT('',(-0.196218675242,-23.11647176021));
#2248 = CARTESIAN_POINT('',(-1.110223024625E-16,-21.37210244842));
#2249 = ( GEOMETRIC_REPRESENTATION_CONTEXT(2) 
PARAMETRIC_REPRESENTATION_CONTEXT() REPRESENTATION_CONTEXT('2D SPACE',''
  ) );
#2250 = PCURVE('',#1587,#2251);
#2251 = DEFINITIONAL_REPRESENTATION('',(#2252),#2256);
#2252 = LINE('',#2253,#2254);
#2253 = CARTESIAN_POINT('',(0.,0.));
#2254 = VECTOR('',#2255,1.);
#2255 = DIRECTION('',(0.,1.));
#2256 = ( GEOMETRIC_REPRESENTATION_CONTEXT(2) 
PARAMETRIC_REPRESENTATION_CONTEXT() REPRESENTATION_CONTEXT('2D SPACE',''
  ) );
#2257 = ORIENTED_EDGE('',*,*,#1796,.T.);
#2258 = ORIENTED_EDGE('',*,*,#2259,.F.);
#2259 = EDGE_CURVE('',#1473,#1774,#2260,.T.);
#2260 = SURFACE_CURVE('',#2261,(#2266,#2273),.PCURVE_S1.);
#2261 = CIRCLE('',#2262,11.43);
#2262 = AXIS2_PLACEMENT_3D('',#2263,#2264,#2265);
#2263 = CARTESIAN_POINT('',(0.,-23.5014226592,187.1741750008));
#2264 = DIRECTION('',(-0.,-8.715574274766E-02,-0.996194698092));
#2265 = DIRECTION('',(-1.,0.,0.));
#2266 = PCURVE('',#1511,#2267);
#2267 = DEFINITIONAL_REPRESENTATION('',(#2268),#2272);
#2268 = LINE('',#2269,#2270);
#2269 = CARTESIAN_POINT('',(-3.14159265359,-35.306));
#2270 = VECTOR('',#2271,1.);
#2271 = DIRECTION('',(1.,-0.));
#2272 = ( GEOMETRIC_REPRESENTATION_CONTEXT(2) 
PARAMETRIC_REPRESENTATION_CONTEXT() REPRESENTATION_CONTEXT('2D SPACE',''
  ) );
#2273 = PCURVE('',#2122,#2274);
#2274 = DEFINITIONAL_REPRESENTATION('',(#2275),#2279);
#2275 = LINE('',#2276,#2277);
#2276 = CARTESIAN_POINT('',(-0.,0.));
#2277 = VECTOR('',#2278,1.);
#2278 = DIRECTION('',(-1.,0.));
#2279 = ( GEOMETRIC_REPRESENTATION_CONTEXT(2) 
PARAMETRIC_REPRESENTATION_CONTEXT() REPRESENTATION_CONTEXT('2D SPACE',''
  ) );
#2280 = ADVANCED_FACE('',(#2281),#1587,.F.);
#2281 = FACE_BOUND('',#2282,.F.);
#2282 = EDGE_LOOP('',(#2283,#2284,#2285,#2286));
#2283 = ORIENTED_EDGE('',*,*,#1573,.T.);
#2284 = ORIENTED_EDGE('',*,*,#1674,.T.);
#2285 = ORIENTED_EDGE('',*,*,#1747,.F.);
#2286 = ORIENTED_EDGE('',*,*,#2211,.F.);
#2287 = ADVANCED_FACE('',(#2288),#1848,.T.);
#2288 = FACE_BOUND('',#2289,.T.);
#2289 = EDGE_LOOP('',(#2290,#2312,#2313,#2335));
#2290 = ORIENTED_EDGE('',*,*,#2291,.T.);
#2291 = EDGE_CURVE('',#2292,#1831,#2294,.T.);
#2292 = VERTEX_POINT('',#2293);
#2293 = CARTESIAN_POINT('',(-76.2,-69.85,5.588));
#2294 = SURFACE_CURVE('',#2295,(#2300,#2306),.PCURVE_S1.);
#2295 = CIRCLE('',#2296,0.762);
#2296 = AXIS2_PLACEMENT_3D('',#2297,#2298,#2299);
#2297 = CARTESIAN_POINT('',(-75.438,-69.85,5.588));
#2298 = DIRECTION('',(-0.,1.,0.));
#2299 = DIRECTION('',(-1.,-0.,0.));
#2300 = PCURVE('',#1848,#2301);
#2301 = DEFINITIONAL_REPRESENTATION('',(#2302),#2305);
#2302 = B_SPLINE_CURVE_WITH_KNOTS('',1,(#2303,#2304),.UNSPECIFIED.,.F.,
  .F.,(2,2),(0.,1.570796326795),.PIECEWISE_BEZIER_KNOTS.);
#2303 = CARTESIAN_POINT('',(0.,0.));
#2304 = CARTESIAN_POINT('',(1.570796326795,0.));
#2305 = ( GEOMETRIC_REPRESENTATION_CONTEXT(2) 
PARAMETRIC_REPRESENTATION_CONTEXT() REPRESENTATION_CONTEXT('2D SPACE',''
  ) );
#2306 = PCURVE('',#1881,#2307);
#2307 = DEFINITIONAL_REPRESENTATION('',(#2308),#2311);
#2308 = B_SPLINE_CURVE_WITH_KNOTS('',1,(#2309,#2310),.UNSPECIFIED.,.F.,
  .F.,(2,2),(0.,1.570796326795),.PIECEWISE_BEZIER_KNOTS.);
#2309 = CARTESIAN_POINT('',(-1.570796326795,0.));
#2310 = CARTESIAN_POINT('',(-1.570796326795,1.570796326795));
#2311 = ( GEOMETRIC_REPRESENTATION_CONTEXT(2) 
PARAMETRIC_REPRESENTATION_CONTEXT() REPRESENTATION_CONTEXT('2D SPACE',''
  ) );
#2312 = ORIENTED_EDGE('',*,*,#1830,.T.);
#2313 = ORIENTED_EDGE('',*,*,#2314,.F.);
#2314 = EDGE_CURVE('',#2315,#1833,#2317,.T.);
#2315 = VERTEX_POINT('',#2316);
#2316 = CARTESIAN_POINT('',(-76.2,69.85,5.588));
#2317 = SURFACE_CURVE('',#2318,(#2323,#2329),.PCURVE_S1.);
#2318 = CIRCLE('',#2319,0.762);
#2319 = AXIS2_PLACEMENT_3D('',#2320,#2321,#2322);
#2320 = CARTESIAN_POINT('',(-75.438,69.85,5.588));
#2321 = DIRECTION('',(-0.,1.,0.));
#2322 = DIRECTION('',(-1.,-0.,0.));
#2323 = PCURVE('',#1848,#2324);
#2324 = DEFINITIONAL_REPRESENTATION('',(#2325),#2328);
#2325 = B_SPLINE_CURVE_WITH_KNOTS('',1,(#2326,#2327),.UNSPECIFIED.,.F.,
  .F.,(2,2),(0.,1.570796326795),.PIECEWISE_BEZIER_KNOTS.);
#2326 = CARTESIAN_POINT('',(0.,139.7));
#2327 = CARTESIAN_POINT('',(1.570796326795,139.7));
#2328 = ( GEOMETRIC_REPRESENTATION_CONTEXT(2) 
PARAMETRIC_REPRESENTATION_CONTEXT() REPRESENTATION_CONTEXT('2D SPACE',''
  ) );
#2329 = PCURVE('',#2062,#2330);
#2330 = DEFINITIONAL_REPRESENTATION('',(#2331),#2334);
#2331 = B_SPLINE_CURVE_WITH_KNOTS('',1,(#2332,#2333),.UNSPECIFIED.,.F.,
  .F.,(2,2),(0.,1.570796326795),.PIECEWISE_BEZIER_KNOTS.);
#2332 = CARTESIAN_POINT('',(0.,0.));
#2333 = CARTESIAN_POINT('',(0.,1.570796326795));
#2334 = ( GEOMETRIC_REPRESENTATION_CONTEXT(2) 
PARAMETRIC_REPRESENTATION_CONTEXT() REPRESENTATION_CONTEXT('2D SPACE',''
  ) );
#2335 = ORIENTED_EDGE('',*,*,#2336,.F.);
#2336 = EDGE_CURVE('',#2292,#2315,#2337,.T.);
#2337 = SURFACE_CURVE('',#2338,(#2342,#2349),.PCURVE_S1.);
#2338 = LINE('',#2339,#2340);
#2339 = CARTESIAN_POINT('',(-76.2,-69.85,5.588));
#2340 = VECTOR('',#2341,25.4);
#2341 = DIRECTION('',(-0.,1.,0.));
#2342 = PCURVE('',#1848,#2343);
#2343 = DEFINITIONAL_REPRESENTATION('',(#2344),#2348);
#2344 = LINE('',#2345,#2346);
#2345 = CARTESIAN_POINT('',(0.,0.));
#2346 = VECTOR('',#2347,1.);
#2347 = DIRECTION('',(0.,1.));
#2348 = ( GEOMETRIC_REPRESENTATION_CONTEXT(2) 
PARAMETRIC_REPRESENTATION_CONTEXT() REPRESENTATION_CONTEXT('2D SPACE',''
  ) );
#2349 = PCURVE('',#2350,#2355);
#2350 = PLANE('',#2351);
#2351 = AXIS2_PLACEMENT_3D('',#2352,#2353,#2354);
#2352 = CARTESIAN_POINT('',(-76.2,-76.2,0.));
#2353 = DIRECTION('',(1.,0.,-0.));
#2354 = DIRECTION('',(0.,0.,1.));
#2355 = DEFINITIONAL_REPRESENTATION('',(#2356),#2360);
#2356 = LINE('',#2357,#2358);
#2357 = CARTESIAN_POINT('',(5.588,-6.35));
#2358 = VECTOR('',#2359,1.);
#2359 = DIRECTION('',(0.,-1.));
#2360 = ( GEOMETRIC_REPRESENTATION_CONTEXT(2) 
PARAMETRIC_REPRESENTATION_CONTEXT() REPRESENTATION_CONTEXT('2D SPACE',''
  ) );
#2361 = ADVANCED_FACE('',(#2362),#1881,.T.);
#2362 = FACE_BOUND('',#2363,.F.);
#2363 = EDGE_LOOP('',(#2364,#2386,#2413,#2414));
#2364 = ORIENTED_EDGE('',*,*,#2365,.F.);
#2365 = EDGE_CURVE('',#2366,#1861,#2368,.T.);
#2366 = VERTEX_POINT('',#2367);
#2367 = CARTESIAN_POINT('',(-69.85,-76.2,5.588));
#2368 = SURFACE_CURVE('',#2369,(#2374,#2380),.PCURVE_S1.);
#2369 = CIRCLE('',#2370,0.762);
#2370 = AXIS2_PLACEMENT_3D('',#2371,#2372,#2373);
#2371 = CARTESIAN_POINT('',(-69.85,-75.438,5.588));
#2372 = DIRECTION('',(-1.,-0.,0.));
#2373 = DIRECTION('',(0.,-1.,-0.));
#2374 = PCURVE('',#1881,#2375);
#2375 = DEFINITIONAL_REPRESENTATION('',(#2376),#2379);
#2376 = B_SPLINE_CURVE_WITH_KNOTS('',1,(#2377,#2378),.UNSPECIFIED.,.F.,
  .F.,(2,2),(0.,1.570796326795),.PIECEWISE_BEZIER_KNOTS.);
#2377 = CARTESIAN_POINT('',(0.,0.));
#2378 = CARTESIAN_POINT('',(0.,1.570796326795));
#2379 = ( GEOMETRIC_REPRESENTATION_CONTEXT(2) 
PARAMETRIC_REPRESENTATION_CONTEXT() REPRESENTATION_CONTEXT('2D SPACE',''
  ) );
#2380 = PCURVE('',#1909,#2381);
#2381 = DEFINITIONAL_REPRESENTATION('',(#2382),#2385);
#2382 = B_SPLINE_CURVE_WITH_KNOTS('',1,(#2383,#2384),.UNSPECIFIED.,.F.,
  .F.,(2,2),(0.,1.570796326795),.PIECEWISE_BEZIER_KNOTS.);
#2383 = CARTESIAN_POINT('',(0.,139.7));
#2384 = CARTESIAN_POINT('',(1.570796326795,139.7));
#2385 = ( GEOMETRIC_REPRESENTATION_CONTEXT(2) 
PARAMETRIC_REPRESENTATION_CONTEXT() REPRESENTATION_CONTEXT('2D SPACE',''
  ) );
#2386 = ORIENTED_EDGE('',*,*,#2387,.T.);
#2387 = EDGE_CURVE('',#2366,#2292,#2388,.T.);
#2388 = SURFACE_CURVE('',#2389,(#2394,#2401),.PCURVE_S1.);
#2389 = CIRCLE('',#2390,6.35);
#2390 = AXIS2_PLACEMENT_3D('',#2391,#2392,#2393);
#2391 = CARTESIAN_POINT('',(-69.85,-69.85,5.588));
#2392 = DIRECTION('',(-0.,-0.,-1.));
#2393 = DIRECTION('',(0.,-1.,0.));
#2394 = PCURVE('',#1881,#2395);
#2395 = DEFINITIONAL_REPRESENTATION('',(#2396),#2400);
#2396 = LINE('',#2397,#2398);
#2397 = CARTESIAN_POINT('',(-0.,0.));
#2398 = VECTOR('',#2399,1.);
#2399 = DIRECTION('',(-1.,0.));
#2400 = ( GEOMETRIC_REPRESENTATION_CONTEXT(2) 
PARAMETRIC_REPRESENTATION_CONTEXT() REPRESENTATION_CONTEXT('2D SPACE',''
  ) );
#2401 = PCURVE('',#2402,#2407);
#2402 = CYLINDRICAL_SURFACE('',#2403,6.35);
#2403 = AXIS2_PLACEMENT_3D('',#2404,#2405,#2406);
#2404 = CARTESIAN_POINT('',(-69.85,-69.85,0.));
#2405 = DIRECTION('',(0.,0.,1.));
#2406 = DIRECTION('',(-1.,-0.,0.));
#2407 = DEFINITIONAL_REPRESENTATION('',(#2408),#2412);
#2408 = LINE('',#2409,#2410);
#2409 = CARTESIAN_POINT('',(1.570796326795,5.588));
#2410 = VECTOR('',#2411,1.);
#2411 = DIRECTION('',(-1.,-0.));
#2412 = ( GEOMETRIC_REPRESENTATION_CONTEXT(2) 
PARAMETRIC_REPRESENTATION_CONTEXT() REPRESENTATION_CONTEXT('2D SPACE',''
  ) );
#2413 = ORIENTED_EDGE('',*,*,#2291,.T.);
#2414 = ORIENTED_EDGE('',*,*,#1860,.F.);
#2415 = ADVANCED_FACE('',(#2416),#1909,.T.);
#2416 = FACE_BOUND('',#2417,.T.);
#2417 = EDGE_LOOP('',(#2418,#2440,#2441,#2442));
#2418 = ORIENTED_EDGE('',*,*,#2419,.T.);
#2419 = EDGE_CURVE('',#2420,#1894,#2422,.T.);
#2420 = VERTEX_POINT('',#2421);
#2421 = CARTESIAN_POINT('',(69.85,-76.2,5.588));
#2422 = SURFACE_CURVE('',#2423,(#2428,#2434),.PCURVE_S1.);
#2423 = CIRCLE('',#2424,0.762);
#2424 = AXIS2_PLACEMENT_3D('',#2425,#2426,#2427);
#2425 = CARTESIAN_POINT('',(69.85,-75.438,5.588));
#2426 = DIRECTION('',(-1.,-6.123233995737E-17,0.));
#2427 = DIRECTION('',(6.123233995737E-17,-1.,-0.));
#2428 = PCURVE('',#1909,#2429);
#2429 = DEFINITIONAL_REPRESENTATION('',(#2430),#2433);
#2430 = B_SPLINE_CURVE_WITH_KNOTS('',1,(#2431,#2432),.UNSPECIFIED.,.F.,
  .F.,(2,2),(0.,1.570796326795),.PIECEWISE_BEZIER_KNOTS.);
#2431 = CARTESIAN_POINT('',(0.,0.));
#2432 = CARTESIAN_POINT('',(1.570796326795,0.));
#2433 = ( GEOMETRIC_REPRESENTATION_CONTEXT(2) 
PARAMETRIC_REPRESENTATION_CONTEXT() REPRESENTATION_CONTEXT('2D SPACE',''
  ) );
#2434 = PCURVE('',#1942,#2435);
#2435 = DEFINITIONAL_REPRESENTATION('',(#2436),#2439);
#2436 = B_SPLINE_CURVE_WITH_KNOTS('',1,(#2437,#2438),.UNSPECIFIED.,.F.,
  .F.,(2,2),(0.,1.570796326795),.PIECEWISE_BEZIER_KNOTS.);
#2437 = CARTESIAN_POINT('',(-1.570796326795,0.));
#2438 = CARTESIAN_POINT('',(-1.570796326795,1.570796326795));
#2439 = ( GEOMETRIC_REPRESENTATION_CONTEXT(2) 
PARAMETRIC_REPRESENTATION_CONTEXT() REPRESENTATION_CONTEXT('2D SPACE',''
  ) );
#2440 = ORIENTED_EDGE('',*,*,#1893,.T.);
#2441 = ORIENTED_EDGE('',*,*,#2365,.F.);
#2442 = ORIENTED_EDGE('',*,*,#2443,.F.);
#2443 = EDGE_CURVE('',#2420,#2366,#2444,.T.);
#2444 = SURFACE_CURVE('',#2445,(#2449,#2456),.PCURVE_S1.);
#2445 = LINE('',#2446,#2447);
#2446 = CARTESIAN_POINT('',(69.85,-76.2,5.588));
#2447 = VECTOR('',#2448,25.4);
#2448 = DIRECTION('',(-1.,-0.,0.));
#2449 = PCURVE('',#1909,#2450);
#2450 = DEFINITIONAL_REPRESENTATION('',(#2451),#2455);
#2451 = LINE('',#2452,#2453);
#2452 = CARTESIAN_POINT('',(0.,0.));
#2453 = VECTOR('',#2454,1.);
#2454 = DIRECTION('',(0.,1.));
#2455 = ( GEOMETRIC_REPRESENTATION_CONTEXT(2) 
PARAMETRIC_REPRESENTATION_CONTEXT() REPRESENTATION_CONTEXT('2D SPACE',''
  ) );
#2456 = PCURVE('',#2457,#2462);
#2457 = PLANE('',#2458);
#2458 = AXIS2_PLACEMENT_3D('',#2459,#2460,#2461);
#2459 = CARTESIAN_POINT('',(-76.2,-76.2,0.));
#2460 = DIRECTION('',(-0.,1.,0.));
#2461 = DIRECTION('',(0.,0.,1.));
#2462 = DEFINITIONAL_REPRESENTATION('',(#2463),#2467);
#2463 = LINE('',#2464,#2465);
#2464 = CARTESIAN_POINT('',(5.588,146.05));
#2465 = VECTOR('',#2466,1.);
#2466 = DIRECTION('',(0.,-1.));
#2467 = ( GEOMETRIC_REPRESENTATION_CONTEXT(2) 
PARAMETRIC_REPRESENTATION_CONTEXT() REPRESENTATION_CONTEXT('2D SPACE',''
  ) );
#2468 = ADVANCED_FACE('',(#2469),#1942,.T.);
#2469 = FACE_BOUND('',#2470,.F.);
#2470 = EDGE_LOOP('',(#2471,#2493,#2520,#2521));
#2471 = ORIENTED_EDGE('',*,*,#2472,.F.);
#2472 = EDGE_CURVE('',#2473,#1922,#2475,.T.);
#2473 = VERTEX_POINT('',#2474);
#2474 = CARTESIAN_POINT('',(76.2,-69.85,5.588));
#2475 = SURFACE_CURVE('',#2476,(#2481,#2487),.PCURVE_S1.);
#2476 = CIRCLE('',#2477,0.762);
#2477 = AXIS2_PLACEMENT_3D('',#2478,#2479,#2480);
#2478 = CARTESIAN_POINT('',(75.438,-69.85,5.588));
#2479 = DIRECTION('',(0.,-1.,-0.));
#2480 = DIRECTION('',(1.,0.,0.));
#2481 = PCURVE('',#1942,#2482);
#2482 = DEFINITIONAL_REPRESENTATION('',(#2483),#2486);
#2483 = B_SPLINE_CURVE_WITH_KNOTS('',1,(#2484,#2485),.UNSPECIFIED.,.F.,
  .F.,(2,2),(0.,1.570796326795),.PIECEWISE_BEZIER_KNOTS.);
#2484 = CARTESIAN_POINT('',(0.,0.));
#2485 = CARTESIAN_POINT('',(0.,1.570796326795));
#2486 = ( GEOMETRIC_REPRESENTATION_CONTEXT(2) 
PARAMETRIC_REPRESENTATION_CONTEXT() REPRESENTATION_CONTEXT('2D SPACE',''
  ) );
#2487 = PCURVE('',#1970,#2488);
#2488 = DEFINITIONAL_REPRESENTATION('',(#2489),#2492);
#2489 = B_SPLINE_CURVE_WITH_KNOTS('',1,(#2490,#2491),.UNSPECIFIED.,.F.,
  .F.,(2,2),(0.,1.570796326795),.PIECEWISE_BEZIER_KNOTS.);
#2490 = CARTESIAN_POINT('',(0.,139.7));
#2491 = CARTESIAN_POINT('',(1.570796326795,139.7));
#2492 = ( GEOMETRIC_REPRESENTATION_CONTEXT(2) 
PARAMETRIC_REPRESENTATION_CONTEXT() REPRESENTATION_CONTEXT('2D SPACE',''
  ) );
#2493 = ORIENTED_EDGE('',*,*,#2494,.T.);
#2494 = EDGE_CURVE('',#2473,#2420,#2495,.T.);
#2495 = SURFACE_CURVE('',#2496,(#2501,#2508),.PCURVE_S1.);
#2496 = CIRCLE('',#2497,6.35);
#2497 = AXIS2_PLACEMENT_3D('',#2498,#2499,#2500);
#2498 = CARTESIAN_POINT('',(69.85,-69.85,5.588));
#2499 = DIRECTION('',(0.,-0.,-1.));
#2500 = DIRECTION('',(1.,0.,-0.));
#2501 = PCURVE('',#1942,#2502);
#2502 = DEFINITIONAL_REPRESENTATION('',(#2503),#2507);
#2503 = LINE('',#2504,#2505);
#2504 = CARTESIAN_POINT('',(-0.,0.));
#2505 = VECTOR('',#2506,1.);
#2506 = DIRECTION('',(-1.,0.));
#2507 = ( GEOMETRIC_REPRESENTATION_CONTEXT(2) 
PARAMETRIC_REPRESENTATION_CONTEXT() REPRESENTATION_CONTEXT('2D SPACE',''
  ) );
#2508 = PCURVE('',#2509,#2514);
#2509 = CYLINDRICAL_SURFACE('',#2510,6.35);
#2510 = AXIS2_PLACEMENT_3D('',#2511,#2512,#2513);
#2511 = CARTESIAN_POINT('',(69.85,-69.85,0.));
#2512 = DIRECTION('',(0.,0.,1.));
#2513 = DIRECTION('',(1.,0.,-0.));
#2514 = DEFINITIONAL_REPRESENTATION('',(#2515),#2519);
#2515 = LINE('',#2516,#2517);
#2516 = CARTESIAN_POINT('',(-0.,5.588));
#2517 = VECTOR('',#2518,1.);
#2518 = DIRECTION('',(-1.,0.));
#2519 = ( GEOMETRIC_REPRESENTATION_CONTEXT(2) 
PARAMETRIC_REPRESENTATION_CONTEXT() REPRESENTATION_CONTEXT('2D SPACE',''
  ) );
#2520 = ORIENTED_EDGE('',*,*,#2419,.T.);
#2521 = ORIENTED_EDGE('',*,*,#1921,.F.);
#2522 = ADVANCED_FACE('',(#2523),#1970,.T.);
#2523 = FACE_BOUND('',#2524,.T.);
#2524 = EDGE_LOOP('',(#2525,#2547,#2548,#2549));
#2525 = ORIENTED_EDGE('',*,*,#2526,.T.);
#2526 = EDGE_CURVE('',#2527,#1955,#2529,.T.);
#2527 = VERTEX_POINT('',#2528);
#2528 = CARTESIAN_POINT('',(76.2,69.85,5.588));
#2529 = SURFACE_CURVE('',#2530,(#2535,#2541),.PCURVE_S1.);
#2530 = CIRCLE('',#2531,0.762);
#2531 = AXIS2_PLACEMENT_3D('',#2532,#2533,#2534);
#2532 = CARTESIAN_POINT('',(75.438,69.85,5.588));
#2533 = DIRECTION('',(6.123233995737E-17,-1.,0.));
#2534 = DIRECTION('',(1.,6.123233995737E-17,0.));
#2535 = PCURVE('',#1970,#2536);
#2536 = DEFINITIONAL_REPRESENTATION('',(#2537),#2540);
#2537 = B_SPLINE_CURVE_WITH_KNOTS('',1,(#2538,#2539),.UNSPECIFIED.,.F.,
  .F.,(2,2),(0.,1.570796326795),.PIECEWISE_BEZIER_KNOTS.);
#2538 = CARTESIAN_POINT('',(0.,0.));
#2539 = CARTESIAN_POINT('',(1.570796326795,0.));
#2540 = ( GEOMETRIC_REPRESENTATION_CONTEXT(2) 
PARAMETRIC_REPRESENTATION_CONTEXT() REPRESENTATION_CONTEXT('2D SPACE',''
  ) );
#2541 = PCURVE('',#2003,#2542);
#2542 = DEFINITIONAL_REPRESENTATION('',(#2543),#2546);
#2543 = B_SPLINE_CURVE_WITH_KNOTS('',1,(#2544,#2545),.UNSPECIFIED.,.F.,
  .F.,(2,2),(0.,1.570796326795),.PIECEWISE_BEZIER_KNOTS.);
#2544 = CARTESIAN_POINT('',(-1.570796326795,0.));
#2545 = CARTESIAN_POINT('',(-1.570796326795,1.570796326795));
#2546 = ( GEOMETRIC_REPRESENTATION_CONTEXT(2) 
PARAMETRIC_REPRESENTATION_CONTEXT() REPRESENTATION_CONTEXT('2D SPACE',''
  ) );
#2547 = ORIENTED_EDGE('',*,*,#1954,.T.);
#2548 = ORIENTED_EDGE('',*,*,#2472,.F.);
#2549 = ORIENTED_EDGE('',*,*,#2550,.F.);
#2550 = EDGE_CURVE('',#2527,#2473,#2551,.T.);
#2551 = SURFACE_CURVE('',#2552,(#2556,#2563),.PCURVE_S1.);
#2552 = LINE('',#2553,#2554);
#2553 = CARTESIAN_POINT('',(76.2,69.85,5.588));
#2554 = VECTOR('',#2555,25.4);
#2555 = DIRECTION('',(0.,-1.,-0.));
#2556 = PCURVE('',#1970,#2557);
#2557 = DEFINITIONAL_REPRESENTATION('',(#2558),#2562);
#2558 = LINE('',#2559,#2560);
#2559 = CARTESIAN_POINT('',(0.,0.));
#2560 = VECTOR('',#2561,1.);
#2561 = DIRECTION('',(0.,1.));
#2562 = ( GEOMETRIC_REPRESENTATION_CONTEXT(2) 
PARAMETRIC_REPRESENTATION_CONTEXT() REPRESENTATION_CONTEXT('2D SPACE',''
  ) );
#2563 = PCURVE('',#2564,#2569);
#2564 = PLANE('',#2565);
#2565 = AXIS2_PLACEMENT_3D('',#2566,#2567,#2568);
#2566 = CARTESIAN_POINT('',(76.2,-76.2,0.));
#2567 = DIRECTION('',(1.,0.,-0.));
#2568 = DIRECTION('',(0.,0.,1.));
#2569 = DEFINITIONAL_REPRESENTATION('',(#2570),#2574);
#2570 = LINE('',#2571,#2572);
#2571 = CARTESIAN_POINT('',(5.588,-146.05));
#2572 = VECTOR('',#2573,1.);
#2573 = DIRECTION('',(0.,1.));
#2574 = ( GEOMETRIC_REPRESENTATION_CONTEXT(2) 
PARAMETRIC_REPRESENTATION_CONTEXT() REPRESENTATION_CONTEXT('2D SPACE',''
  ) );
#2575 = ADVANCED_FACE('',(#2576),#2003,.T.);
#2576 = FACE_BOUND('',#2577,.F.);
#2577 = EDGE_LOOP('',(#2578,#2600,#2627,#2628));
#2578 = ORIENTED_EDGE('',*,*,#2579,.F.);
#2579 = EDGE_CURVE('',#2580,#1983,#2582,.T.);
#2580 = VERTEX_POINT('',#2581);
#2581 = CARTESIAN_POINT('',(69.85,76.2,5.588));
#2582 = SURFACE_CURVE('',#2583,(#2588,#2594),.PCURVE_S1.);
#2583 = CIRCLE('',#2584,0.762);
#2584 = AXIS2_PLACEMENT_3D('',#2585,#2586,#2587);
#2585 = CARTESIAN_POINT('',(69.85,75.438,5.588));
#2586 = DIRECTION('',(1.,0.,-0.));
#2587 = DIRECTION('',(0.,1.,0.));
#2588 = PCURVE('',#2003,#2589);
#2589 = DEFINITIONAL_REPRESENTATION('',(#2590),#2593);
#2590 = B_SPLINE_CURVE_WITH_KNOTS('',1,(#2591,#2592),.UNSPECIFIED.,.F.,
  .F.,(2,2),(0.,1.570796326795),.PIECEWISE_BEZIER_KNOTS.);
#2591 = CARTESIAN_POINT('',(0.,0.));
#2592 = CARTESIAN_POINT('',(0.,1.570796326795));
#2593 = ( GEOMETRIC_REPRESENTATION_CONTEXT(2) 
PARAMETRIC_REPRESENTATION_CONTEXT() REPRESENTATION_CONTEXT('2D SPACE',''
  ) );
#2594 = PCURVE('',#2031,#2595);
#2595 = DEFINITIONAL_REPRESENTATION('',(#2596),#2599);
#2596 = B_SPLINE_CURVE_WITH_KNOTS('',1,(#2597,#2598),.UNSPECIFIED.,.F.,
  .F.,(2,2),(0.,1.570796326795),.PIECEWISE_BEZIER_KNOTS.);
#2597 = CARTESIAN_POINT('',(0.,139.7));
#2598 = CARTESIAN_POINT('',(1.570796326795,139.7));
#2599 = ( GEOMETRIC_REPRESENTATION_CONTEXT(2) 
PARAMETRIC_REPRESENTATION_CONTEXT() REPRESENTATION_CONTEXT('2D SPACE',''
  ) );
#2600 = ORIENTED_EDGE('',*,*,#2601,.T.);
#2601 = EDGE_CURVE('',#2580,#2527,#2602,.T.);
#2602 = SURFACE_CURVE('',#2603,(#2608,#2615),.PCURVE_S1.);
#2603 = CIRCLE('',#2604,6.35);
#2604 = AXIS2_PLACEMENT_3D('',#2605,#2606,#2607);
#2605 = CARTESIAN_POINT('',(69.85,69.85,5.588));
#2606 = DIRECTION('',(0.,-0.,-1.));
#2607 = DIRECTION('',(0.,1.,-0.));
#2608 = PCURVE('',#2003,#2609);
#2609 = DEFINITIONAL_REPRESENTATION('',(#2610),#2614);
#2610 = LINE('',#2611,#2612);
#2611 = CARTESIAN_POINT('',(-0.,0.));
#2612 = VECTOR('',#2613,1.);
#2613 = DIRECTION('',(-1.,0.));
#2614 = ( GEOMETRIC_REPRESENTATION_CONTEXT(2) 
PARAMETRIC_REPRESENTATION_CONTEXT() REPRESENTATION_CONTEXT('2D SPACE',''
  ) );
#2615 = PCURVE('',#2616,#2621);
#2616 = CYLINDRICAL_SURFACE('',#2617,6.35);
#2617 = AXIS2_PLACEMENT_3D('',#2618,#2619,#2620);
#2618 = CARTESIAN_POINT('',(69.85,69.85,0.));
#2619 = DIRECTION('',(0.,0.,1.));
#2620 = DIRECTION('',(1.,0.,-0.));
#2621 = DEFINITIONAL_REPRESENTATION('',(#2622),#2626);
#2622 = LINE('',#2623,#2624);
#2623 = CARTESIAN_POINT('',(1.570796326795,5.588));
#2624 = VECTOR('',#2625,1.);
#2625 = DIRECTION('',(-1.,-0.));
#2626 = ( GEOMETRIC_REPRESENTATION_CONTEXT(2) 
PARAMETRIC_REPRESENTATION_CONTEXT() REPRESENTATION_CONTEXT('2D SPACE',''
  ) );
#2627 = ORIENTED_EDGE('',*,*,#2526,.T.);
#2628 = ORIENTED_EDGE('',*,*,#1982,.F.);
#2629 = ADVANCED_FACE('',(#2630),#2031,.T.);
#2630 = FACE_BOUND('',#2631,.T.);
#2631 = EDGE_LOOP('',(#2632,#2654,#2655,#2656));
#2632 = ORIENTED_EDGE('',*,*,#2633,.T.);
#2633 = EDGE_CURVE('',#2634,#2016,#2636,.T.);
#2634 = VERTEX_POINT('',#2635);
#2635 = CARTESIAN_POINT('',(-69.85,76.2,5.588));
#2636 = SURFACE_CURVE('',#2637,(#2642,#2648),.PCURVE_S1.);
#2637 = CIRCLE('',#2638,0.762);
#2638 = AXIS2_PLACEMENT_3D('',#2639,#2640,#2641);
#2639 = CARTESIAN_POINT('',(-69.85,75.438,5.588));
#2640 = DIRECTION('',(1.,6.123233995737E-17,-0.));
#2641 = DIRECTION('',(-6.123233995737E-17,1.,0.));
#2642 = PCURVE('',#2031,#2643);
#2643 = DEFINITIONAL_REPRESENTATION('',(#2644),#2647);
#2644 = B_SPLINE_CURVE_WITH_KNOTS('',1,(#2645,#2646),.UNSPECIFIED.,.F.,
  .F.,(2,2),(0.,1.570796326795),.PIECEWISE_BEZIER_KNOTS.);
#2645 = CARTESIAN_POINT('',(0.,0.));
#2646 = CARTESIAN_POINT('',(1.570796326795,0.));
#2647 = ( GEOMETRIC_REPRESENTATION_CONTEXT(2) 
PARAMETRIC_REPRESENTATION_CONTEXT() REPRESENTATION_CONTEXT('2D SPACE',''
  ) );
#2648 = PCURVE('',#2062,#2649);
#2649 = DEFINITIONAL_REPRESENTATION('',(#2650),#2653);
#2650 = B_SPLINE_CURVE_WITH_KNOTS('',1,(#2651,#2652),.UNSPECIFIED.,.F.,
  .F.,(2,2),(0.,1.570796326795),.PIECEWISE_BEZIER_KNOTS.);
#2651 = CARTESIAN_POINT('',(-1.570796326795,0.));
#2652 = CARTESIAN_POINT('',(-1.570796326795,1.570796326795));
#2653 = ( GEOMETRIC_REPRESENTATION_CONTEXT(2) 
PARAMETRIC_REPRESENTATION_CONTEXT() REPRESENTATION_CONTEXT('2D SPACE',''
  ) );
#2654 = ORIENTED_EDGE('',*,*,#2015,.T.);
#2655 = ORIENTED_EDGE('',*,*,#2579,.F.);
#2656 = ORIENTED_EDGE('',*,*,#2657,.F.);
#2657 = EDGE_CURVE('',#2634,#2580,#2658,.T.);
#2658 = SURFACE_CURVE('',#2659,(#2663,#2670),.PCURVE_S1.);
#2659 = LINE('',#2660,#2661);
#2660 = CARTESIAN_POINT('',(-69.85,76.2,5.588));
#2661 = VECTOR('',#2662,25.4);
#2662 = DIRECTION('',(1.,0.,-0.));
#2663 = PCURVE('',#2031,#2664);
#2664 = DEFINITIONAL_REPRESENTATION('',(#2665),#2669);
#2665 = LINE('',#2666,#2667);
#2666 = CARTESIAN_POINT('',(0.,0.));
#2667 = VECTOR('',#2668,1.);
#2668 = DIRECTION('',(0.,1.));
#2669 = ( GEOMETRIC_REPRESENTATION_CONTEXT(2) 
PARAMETRIC_REPRESENTATION_CONTEXT() REPRESENTATION_CONTEXT('2D SPACE',''
  ) );
#2670 = PCURVE('',#2671,#2676);
#2671 = PLANE('',#2672);
#2672 = AXIS2_PLACEMENT_3D('',#2673,#2674,#2675);
#2673 = CARTESIAN_POINT('',(-76.2,76.2,0.));
#2674 = DIRECTION('',(-0.,1.,0.));
#2675 = DIRECTION('',(0.,0.,1.));
#2676 = DEFINITIONAL_REPRESENTATION('',(#2677),#2681);
#2677 = LINE('',#2678,#2679);
#2678 = CARTESIAN_POINT('',(5.588,6.35));
#2679 = VECTOR('',#2680,1.);
#2680 = DIRECTION('',(0.,1.));
#2681 = ( GEOMETRIC_REPRESENTATION_CONTEXT(2) 
PARAMETRIC_REPRESENTATION_CONTEXT() REPRESENTATION_CONTEXT('2D SPACE',''
  ) );
#2682 = ADVANCED_FACE('',(#2683),#2062,.T.);
#2683 = FACE_BOUND('',#2684,.F.);
#2684 = EDGE_LOOP('',(#2685,#2686,#2713,#2714));
#2685 = ORIENTED_EDGE('',*,*,#2314,.F.);
#2686 = ORIENTED_EDGE('',*,*,#2687,.T.);
#2687 = EDGE_CURVE('',#2315,#2634,#2688,.T.);
#2688 = SURFACE_CURVE('',#2689,(#2694,#2701),.PCURVE_S1.);
#2689 = CIRCLE('',#2690,6.35);
#2690 = AXIS2_PLACEMENT_3D('',#2691,#2692,#2693);
#2691 = CARTESIAN_POINT('',(-69.85,69.85,5.588));
#2692 = DIRECTION('',(-0.,0.,-1.));
#2693 = DIRECTION('',(-1.,0.,0.));
#2694 = PCURVE('',#2062,#2695);
#2695 = DEFINITIONAL_REPRESENTATION('',(#2696),#2700);
#2696 = LINE('',#2697,#2698);
#2697 = CARTESIAN_POINT('',(-0.,0.));
#2698 = VECTOR('',#2699,1.);
#2699 = DIRECTION('',(-1.,0.));
#2700 = ( GEOMETRIC_REPRESENTATION_CONTEXT(2) 
PARAMETRIC_REPRESENTATION_CONTEXT() REPRESENTATION_CONTEXT('2D SPACE',''
  ) );
#2701 = PCURVE('',#2702,#2707);
#2702 = CYLINDRICAL_SURFACE('',#2703,6.35);
#2703 = AXIS2_PLACEMENT_3D('',#2704,#2705,#2706);
#2704 = CARTESIAN_POINT('',(-69.85,69.85,0.));
#2705 = DIRECTION('',(0.,0.,1.));
#2706 = DIRECTION('',(-1.,-0.,0.));
#2707 = DEFINITIONAL_REPRESENTATION('',(#2708),#2712);
#2708 = LINE('',#2709,#2710);
#2709 = CARTESIAN_POINT('',(-0.,5.588));
#2710 = VECTOR('',#2711,1.);
#2711 = DIRECTION('',(-1.,0.));
#2712 = ( GEOMETRIC_REPRESENTATION_CONTEXT(2) 
PARAMETRIC_REPRESENTATION_CONTEXT() REPRESENTATION_CONTEXT('2D SPACE',''
  ) );
#2713 = ORIENTED_EDGE('',*,*,#2633,.T.);
#2714 = ORIENTED_EDGE('',*,*,#2043,.F.);
#2715 = ADVANCED_FACE('',(#2716),#2122,.T.);
#2716 = FACE_BOUND('',#2717,.F.);
#2717 = EDGE_LOOP('',(#2718,#2719,#2720,#2721));
#2718 = ORIENTED_EDGE('',*,*,#2161,.F.);
#2719 = ORIENTED_EDGE('',*,*,#2259,.T.);
#2720 = ORIENTED_EDGE('',*,*,#2185,.T.);
#2721 = ORIENTED_EDGE('',*,*,#2101,.F.);
#2722 = ADVANCED_FACE('',(#2723),#2350,.F.);
#2723 = FACE_BOUND('',#2724,.F.);
#2724 = EDGE_LOOP('',(#2725,#2748,#2776,#2797));
#2725 = ORIENTED_EDGE('',*,*,#2726,.F.);
#2726 = EDGE_CURVE('',#2727,#2292,#2729,.T.);
#2727 = VERTEX_POINT('',#2728);
#2728 = CARTESIAN_POINT('',(-76.2,-69.85,0.));
#2729 = SURFACE_CURVE('',#2730,(#2734,#2741),.PCURVE_S1.);
#2730 = LINE('',#2731,#2732);
#2731 = CARTESIAN_POINT('',(-76.2,-69.85,0.));
#2732 = VECTOR('',#2733,25.4);
#2733 = DIRECTION('',(0.,0.,1.));
#2734 = PCURVE('',#2350,#2735);
#2735 = DEFINITIONAL_REPRESENTATION('',(#2736),#2740);
#2736 = LINE('',#2737,#2738);
#2737 = CARTESIAN_POINT('',(0.,-6.35));
#2738 = VECTOR('',#2739,1.);
#2739 = DIRECTION('',(1.,0.));
#2740 = ( GEOMETRIC_REPRESENTATION_CONTEXT(2) 
PARAMETRIC_REPRESENTATION_CONTEXT() REPRESENTATION_CONTEXT('2D SPACE',''
  ) );
#2741 = PCURVE('',#2402,#2742);
#2742 = DEFINITIONAL_REPRESENTATION('',(#2743),#2747);
#2743 = LINE('',#2744,#2745);
#2744 = CARTESIAN_POINT('',(0.,0.));
#2745 = VECTOR('',#2746,1.);
#2746 = DIRECTION('',(0.,1.));
#2747 = ( GEOMETRIC_REPRESENTATION_CONTEXT(2) 
PARAMETRIC_REPRESENTATION_CONTEXT() REPRESENTATION_CONTEXT('2D SPACE',''
  ) );
#2748 = ORIENTED_EDGE('',*,*,#2749,.T.);
#2749 = EDGE_CURVE('',#2727,#2750,#2752,.T.);
#2750 = VERTEX_POINT('',#2751);
#2751 = CARTESIAN_POINT('',(-76.2,69.85,0.));
#2752 = SURFACE_CURVE('',#2753,(#2757,#2764),.PCURVE_S1.);
#2753 = LINE('',#2754,#2755);
#2754 = CARTESIAN_POINT('',(-76.2,-76.2,0.));
#2755 = VECTOR('',#2756,25.4);
#2756 = DIRECTION('',(-0.,1.,0.));
#2757 = PCURVE('',#2350,#2758);
#2758 = DEFINITIONAL_REPRESENTATION('',(#2759),#2763);
#2759 = LINE('',#2760,#2761);
#2760 = CARTESIAN_POINT('',(0.,0.));
#2761 = VECTOR('',#2762,1.);
#2762 = DIRECTION('',(0.,-1.));
#2763 = ( GEOMETRIC_REPRESENTATION_CONTEXT(2) 
PARAMETRIC_REPRESENTATION_CONTEXT() REPRESENTATION_CONTEXT('2D SPACE',''
  ) );
#2764 = PCURVE('',#2765,#2770);
#2765 = PLANE('',#2766);
#2766 = AXIS2_PLACEMENT_3D('',#2767,#2768,#2769);
#2767 = CARTESIAN_POINT('',(-76.2,-76.2,0.));
#2768 = DIRECTION('',(0.,0.,1.));
#2769 = DIRECTION('',(1.,0.,-0.));
#2770 = DEFINITIONAL_REPRESENTATION('',(#2771),#2775);
#2771 = LINE('',#2772,#2773);
#2772 = CARTESIAN_POINT('',(0.,0.));
#2773 = VECTOR('',#2774,1.);
#2774 = DIRECTION('',(0.,1.));
#2775 = ( GEOMETRIC_REPRESENTATION_CONTEXT(2) 
PARAMETRIC_REPRESENTATION_CONTEXT() REPRESENTATION_CONTEXT('2D SPACE',''
  ) );
#2776 = ORIENTED_EDGE('',*,*,#2777,.T.);
#2777 = EDGE_CURVE('',#2750,#2315,#2778,.T.);
#2778 = SURFACE_CURVE('',#2779,(#2783,#2790),.PCURVE_S1.);
#2779 = LINE('',#2780,#2781);
#2780 = CARTESIAN_POINT('',(-76.2,69.85,0.));
#2781 = VECTOR('',#2782,25.4);
#2782 = DIRECTION('',(0.,0.,1.));
#2783 = PCURVE('',#2350,#2784);
#2784 = DEFINITIONAL_REPRESENTATION('',(#2785),#2789);
#2785 = LINE('',#2786,#2787);
#2786 = CARTESIAN_POINT('',(0.,-146.05));
#2787 = VECTOR('',#2788,1.);
#2788 = DIRECTION('',(1.,0.));
#2789 = ( GEOMETRIC_REPRESENTATION_CONTEXT(2) 
PARAMETRIC_REPRESENTATION_CONTEXT() REPRESENTATION_CONTEXT('2D SPACE',''
  ) );
#2790 = PCURVE('',#2702,#2791);
#2791 = DEFINITIONAL_REPRESENTATION('',(#2792),#2796);
#2792 = LINE('',#2793,#2794);
#2793 = CARTESIAN_POINT('',(-0.,0.));
#2794 = VECTOR('',#2795,1.);
#2795 = DIRECTION('',(-0.,1.));
#2796 = ( GEOMETRIC_REPRESENTATION_CONTEXT(2) 
PARAMETRIC_REPRESENTATION_CONTEXT() REPRESENTATION_CONTEXT('2D SPACE',''
  ) );
#2797 = ORIENTED_EDGE('',*,*,#2336,.F.);
#2798 = ADVANCED_FACE('',(#2799),#2402,.T.);
#2799 = FACE_BOUND('',#2800,.T.);
#2800 = EDGE_LOOP('',(#2801,#2802,#2826,#2847));
#2801 = ORIENTED_EDGE('',*,*,#2726,.F.);
#2802 = ORIENTED_EDGE('',*,*,#2803,.T.);
#2803 = EDGE_CURVE('',#2727,#2804,#2806,.T.);
#2804 = VERTEX_POINT('',#2805);
#2805 = CARTESIAN_POINT('',(-69.85,-76.2,0.));
#2806 = SURFACE_CURVE('',#2807,(#2812,#2819),.PCURVE_S1.);
#2807 = CIRCLE('',#2808,6.35);
#2808 = AXIS2_PLACEMENT_3D('',#2809,#2810,#2811);
#2809 = CARTESIAN_POINT('',(-69.85,-69.85,0.));
#2810 = DIRECTION('',(0.,0.,1.));
#2811 = DIRECTION('',(0.,-1.,0.));
#2812 = PCURVE('',#2402,#2813);
#2813 = DEFINITIONAL_REPRESENTATION('',(#2814),#2818);
#2814 = LINE('',#2815,#2816);
#2815 = CARTESIAN_POINT('',(-4.712388980385,0.));
#2816 = VECTOR('',#2817,1.);
#2817 = DIRECTION('',(1.,0.));
#2818 = ( GEOMETRIC_REPRESENTATION_CONTEXT(2) 
PARAMETRIC_REPRESENTATION_CONTEXT() REPRESENTATION_CONTEXT('2D SPACE',''
  ) );
#2819 = PCURVE('',#2765,#2820);
#2820 = DEFINITIONAL_REPRESENTATION('',(#2821),#2825);
#2821 = CIRCLE('',#2822,6.35);
#2822 = AXIS2_PLACEMENT_2D('',#2823,#2824);
#2823 = CARTESIAN_POINT('',(6.35,6.35));
#2824 = DIRECTION('',(0.,-1.));
#2825 = ( GEOMETRIC_REPRESENTATION_CONTEXT(2) 
PARAMETRIC_REPRESENTATION_CONTEXT() REPRESENTATION_CONTEXT('2D SPACE',''
  ) );
#2826 = ORIENTED_EDGE('',*,*,#2827,.T.);
#2827 = EDGE_CURVE('',#2804,#2366,#2828,.T.);
#2828 = SURFACE_CURVE('',#2829,(#2833,#2840),.PCURVE_S1.);
#2829 = LINE('',#2830,#2831);
#2830 = CARTESIAN_POINT('',(-69.85,-76.2,0.));
#2831 = VECTOR('',#2832,25.4);
#2832 = DIRECTION('',(0.,0.,1.));
#2833 = PCURVE('',#2402,#2834);
#2834 = DEFINITIONAL_REPRESENTATION('',(#2835),#2839);
#2835 = LINE('',#2836,#2837);
#2836 = CARTESIAN_POINT('',(1.570796326795,0.));
#2837 = VECTOR('',#2838,1.);
#2838 = DIRECTION('',(0.,1.));
#2839 = ( GEOMETRIC_REPRESENTATION_CONTEXT(2) 
PARAMETRIC_REPRESENTATION_CONTEXT() REPRESENTATION_CONTEXT('2D SPACE',''
  ) );
#2840 = PCURVE('',#2457,#2841);
#2841 = DEFINITIONAL_REPRESENTATION('',(#2842),#2846);
#2842 = LINE('',#2843,#2844);
#2843 = CARTESIAN_POINT('',(0.,6.35));
#2844 = VECTOR('',#2845,1.);
#2845 = DIRECTION('',(1.,0.));
#2846 = ( GEOMETRIC_REPRESENTATION_CONTEXT(2) 
PARAMETRIC_REPRESENTATION_CONTEXT() REPRESENTATION_CONTEXT('2D SPACE',''
  ) );
#2847 = ORIENTED_EDGE('',*,*,#2387,.T.);
#2848 = ADVANCED_FACE('',(#2849),#2457,.F.);
#2849 = FACE_BOUND('',#2850,.F.);
#2850 = EDGE_LOOP('',(#2851,#2852,#2853,#2876));
#2851 = ORIENTED_EDGE('',*,*,#2827,.T.);
#2852 = ORIENTED_EDGE('',*,*,#2443,.F.);
#2853 = ORIENTED_EDGE('',*,*,#2854,.F.);
#2854 = EDGE_CURVE('',#2855,#2420,#2857,.T.);
#2855 = VERTEX_POINT('',#2856);
#2856 = CARTESIAN_POINT('',(69.85,-76.2,0.));
#2857 = SURFACE_CURVE('',#2858,(#2862,#2869),.PCURVE_S1.);
#2858 = LINE('',#2859,#2860);
#2859 = CARTESIAN_POINT('',(69.85,-76.2,0.));
#2860 = VECTOR('',#2861,25.4);
#2861 = DIRECTION('',(0.,0.,1.));
#2862 = PCURVE('',#2457,#2863);
#2863 = DEFINITIONAL_REPRESENTATION('',(#2864),#2868);
#2864 = LINE('',#2865,#2866);
#2865 = CARTESIAN_POINT('',(0.,146.05));
#2866 = VECTOR('',#2867,1.);
#2867 = DIRECTION('',(1.,0.));
#2868 = ( GEOMETRIC_REPRESENTATION_CONTEXT(2) 
PARAMETRIC_REPRESENTATION_CONTEXT() REPRESENTATION_CONTEXT('2D SPACE',''
  ) );
#2869 = PCURVE('',#2509,#2870);
#2870 = DEFINITIONAL_REPRESENTATION('',(#2871),#2875);
#2871 = LINE('',#2872,#2873);
#2872 = CARTESIAN_POINT('',(-1.570796326795,0.));
#2873 = VECTOR('',#2874,1.);
#2874 = DIRECTION('',(-0.,1.));
#2875 = ( GEOMETRIC_REPRESENTATION_CONTEXT(2) 
PARAMETRIC_REPRESENTATION_CONTEXT() REPRESENTATION_CONTEXT('2D SPACE',''
  ) );
#2876 = ORIENTED_EDGE('',*,*,#2877,.F.);
#2877 = EDGE_CURVE('',#2804,#2855,#2878,.T.);
#2878 = SURFACE_CURVE('',#2879,(#2883,#2890),.PCURVE_S1.);
#2879 = LINE('',#2880,#2881);
#2880 = CARTESIAN_POINT('',(-76.2,-76.2,0.));
#2881 = VECTOR('',#2882,25.4);
#2882 = DIRECTION('',(1.,0.,-0.));
#2883 = PCURVE('',#2457,#2884);
#2884 = DEFINITIONAL_REPRESENTATION('',(#2885),#2889);
#2885 = LINE('',#2886,#2887);
#2886 = CARTESIAN_POINT('',(0.,0.));
#2887 = VECTOR('',#2888,1.);
#2888 = DIRECTION('',(0.,1.));
#2889 = ( GEOMETRIC_REPRESENTATION_CONTEXT(2) 
PARAMETRIC_REPRESENTATION_CONTEXT() REPRESENTATION_CONTEXT('2D SPACE',''
  ) );
#2890 = PCURVE('',#2765,#2891);
#2891 = DEFINITIONAL_REPRESENTATION('',(#2892),#2896);
#2892 = LINE('',#2893,#2894);
#2893 = CARTESIAN_POINT('',(0.,0.));
#2894 = VECTOR('',#2895,1.);
#2895 = DIRECTION('',(1.,0.));
#2896 = ( GEOMETRIC_REPRESENTATION_CONTEXT(2) 
PARAMETRIC_REPRESENTATION_CONTEXT() REPRESENTATION_CONTEXT('2D SPACE',''
  ) );
#2897 = ADVANCED_FACE('',(#2898),#2509,.T.);
#2898 = FACE_BOUND('',#2899,.F.);
#2899 = EDGE_LOOP('',(#2900,#2923,#2949,#2950));
#2900 = ORIENTED_EDGE('',*,*,#2901,.F.);
#2901 = EDGE_CURVE('',#2902,#2473,#2904,.T.);
#2902 = VERTEX_POINT('',#2903);
#2903 = CARTESIAN_POINT('',(76.2,-69.85,0.));
#2904 = SURFACE_CURVE('',#2905,(#2909,#2916),.PCURVE_S1.);
#2905 = LINE('',#2906,#2907);
#2906 = CARTESIAN_POINT('',(76.2,-69.85,0.));
#2907 = VECTOR('',#2908,25.4);
#2908 = DIRECTION('',(0.,0.,1.));
#2909 = PCURVE('',#2509,#2910);
#2910 = DEFINITIONAL_REPRESENTATION('',(#2911),#2915);
#2911 = LINE('',#2912,#2913);
#2912 = CARTESIAN_POINT('',(-0.,0.));
#2913 = VECTOR('',#2914,1.);
#2914 = DIRECTION('',(-0.,1.));
#2915 = ( GEOMETRIC_REPRESENTATION_CONTEXT(2) 
PARAMETRIC_REPRESENTATION_CONTEXT() REPRESENTATION_CONTEXT('2D SPACE',''
  ) );
#2916 = PCURVE('',#2564,#2917);
#2917 = DEFINITIONAL_REPRESENTATION('',(#2918),#2922);
#2918 = LINE('',#2919,#2920);
#2919 = CARTESIAN_POINT('',(0.,-6.35));
#2920 = VECTOR('',#2921,1.);
#2921 = DIRECTION('',(1.,0.));
#2922 = ( GEOMETRIC_REPRESENTATION_CONTEXT(2) 
PARAMETRIC_REPRESENTATION_CONTEXT() REPRESENTATION_CONTEXT('2D SPACE',''
  ) );
#2923 = ORIENTED_EDGE('',*,*,#2924,.T.);
#2924 = EDGE_CURVE('',#2902,#2855,#2925,.T.);
#2925 = SURFACE_CURVE('',#2926,(#2931,#2938),.PCURVE_S1.);
#2926 = CIRCLE('',#2927,6.35);
#2927 = AXIS2_PLACEMENT_3D('',#2928,#2929,#2930);
#2928 = CARTESIAN_POINT('',(69.85,-69.85,0.));
#2929 = DIRECTION('',(-0.,-0.,-1.));
#2930 = DIRECTION('',(0.,-1.,0.));
#2931 = PCURVE('',#2509,#2932);
#2932 = DEFINITIONAL_REPRESENTATION('',(#2933),#2937);
#2933 = LINE('',#2934,#2935);
#2934 = CARTESIAN_POINT('',(4.712388980385,-0.));
#2935 = VECTOR('',#2936,1.);
#2936 = DIRECTION('',(-1.,0.));
#2937 = ( GEOMETRIC_REPRESENTATION_CONTEXT(2) 
PARAMETRIC_REPRESENTATION_CONTEXT() REPRESENTATION_CONTEXT('2D SPACE',''
  ) );
#2938 = PCURVE('',#2765,#2939);
#2939 = DEFINITIONAL_REPRESENTATION('',(#2940),#2948);
#2940 = ( BOUNDED_CURVE() B_SPLINE_CURVE(2,(#2941,#2942,#2943,#2944,
#2945,#2946,#2947),.UNSPECIFIED.,.T.,.F.) B_SPLINE_CURVE_WITH_KNOTS((1,2
    ,2,2,2,1),(-2.094395102393,0.,2.094395102393,4.188790204786,
6.28318530718,8.377580409573),.UNSPECIFIED.) CURVE() 
GEOMETRIC_REPRESENTATION_ITEM() RATIONAL_B_SPLINE_CURVE((1.,0.5,1.,0.5,
1.,0.5,1.)) REPRESENTATION_ITEM('') );
#2941 = CARTESIAN_POINT('',(146.05,0.));
#2942 = CARTESIAN_POINT('',(135.05147737193,0.));
#2943 = CARTESIAN_POINT('',(140.55073868596,9.525));
#2944 = CARTESIAN_POINT('',(146.05,19.05));
#2945 = CARTESIAN_POINT('',(151.54926131403,9.525));
#2946 = CARTESIAN_POINT('',(157.04852262806,9.769962616701E-15));
#2947 = CARTESIAN_POINT('',(146.05,0.));
#2948 = ( GEOMETRIC_REPRESENTATION_CONTEXT(2) 
PARAMETRIC_REPRESENTATION_CONTEXT() REPRESENTATION_CONTEXT('2D SPACE',''
  ) );
#2949 = ORIENTED_EDGE('',*,*,#2854,.T.);
#2950 = ORIENTED_EDGE('',*,*,#2494,.F.);
#2951 = ADVANCED_FACE('',(#2952),#2564,.T.);
#2952 = FACE_BOUND('',#2953,.T.);
#2953 = EDGE_LOOP('',(#2954,#2955,#2978,#2999));
#2954 = ORIENTED_EDGE('',*,*,#2901,.F.);
#2955 = ORIENTED_EDGE('',*,*,#2956,.T.);
#2956 = EDGE_CURVE('',#2902,#2957,#2959,.T.);
#2957 = VERTEX_POINT('',#2958);
#2958 = CARTESIAN_POINT('',(76.2,69.85,0.));
#2959 = SURFACE_CURVE('',#2960,(#2964,#2971),.PCURVE_S1.);
#2960 = LINE('',#2961,#2962);
#2961 = CARTESIAN_POINT('',(76.2,-76.2,0.));
#2962 = VECTOR('',#2963,25.4);
#2963 = DIRECTION('',(-0.,1.,0.));
#2964 = PCURVE('',#2564,#2965);
#2965 = DEFINITIONAL_REPRESENTATION('',(#2966),#2970);
#2966 = LINE('',#2967,#2968);
#2967 = CARTESIAN_POINT('',(0.,0.));
#2968 = VECTOR('',#2969,1.);
#2969 = DIRECTION('',(0.,-1.));
#2970 = ( GEOMETRIC_REPRESENTATION_CONTEXT(2) 
PARAMETRIC_REPRESENTATION_CONTEXT() REPRESENTATION_CONTEXT('2D SPACE',''
  ) );
#2971 = PCURVE('',#2765,#2972);
#2972 = DEFINITIONAL_REPRESENTATION('',(#2973),#2977);
#2973 = LINE('',#2974,#2975);
#2974 = CARTESIAN_POINT('',(152.4,0.));
#2975 = VECTOR('',#2976,1.);
#2976 = DIRECTION('',(0.,1.));
#2977 = ( GEOMETRIC_REPRESENTATION_CONTEXT(2) 
PARAMETRIC_REPRESENTATION_CONTEXT() REPRESENTATION_CONTEXT('2D SPACE',''
  ) );
#2978 = ORIENTED_EDGE('',*,*,#2979,.T.);
#2979 = EDGE_CURVE('',#2957,#2527,#2980,.T.);
#2980 = SURFACE_CURVE('',#2981,(#2985,#2992),.PCURVE_S1.);
#2981 = LINE('',#2982,#2983);
#2982 = CARTESIAN_POINT('',(76.2,69.85,0.));
#2983 = VECTOR('',#2984,25.4);
#2984 = DIRECTION('',(0.,0.,1.));
#2985 = PCURVE('',#2564,#2986);
#2986 = DEFINITIONAL_REPRESENTATION('',(#2987),#2991);
#2987 = LINE('',#2988,#2989);
#2988 = CARTESIAN_POINT('',(0.,-146.05));
#2989 = VECTOR('',#2990,1.);
#2990 = DIRECTION('',(1.,0.));
#2991 = ( GEOMETRIC_REPRESENTATION_CONTEXT(2) 
PARAMETRIC_REPRESENTATION_CONTEXT() REPRESENTATION_CONTEXT('2D SPACE',''
  ) );
#2992 = PCURVE('',#2616,#2993);
#2993 = DEFINITIONAL_REPRESENTATION('',(#2994),#2998);
#2994 = LINE('',#2995,#2996);
#2995 = CARTESIAN_POINT('',(0.,0.));
#2996 = VECTOR('',#2997,1.);
#2997 = DIRECTION('',(0.,1.));
#2998 = ( GEOMETRIC_REPRESENTATION_CONTEXT(2) 
PARAMETRIC_REPRESENTATION_CONTEXT() REPRESENTATION_CONTEXT('2D SPACE',''
  ) );
#2999 = ORIENTED_EDGE('',*,*,#2550,.T.);
#3000 = ADVANCED_FACE('',(#3001),#2616,.T.);
#3001 = FACE_BOUND('',#3002,.T.);
#3002 = EDGE_LOOP('',(#3003,#3004,#3028,#3049));
#3003 = ORIENTED_EDGE('',*,*,#2979,.F.);
#3004 = ORIENTED_EDGE('',*,*,#3005,.T.);
#3005 = EDGE_CURVE('',#2957,#3006,#3008,.T.);
#3006 = VERTEX_POINT('',#3007);
#3007 = CARTESIAN_POINT('',(69.85,76.2,0.));
#3008 = SURFACE_CURVE('',#3009,(#3014,#3021),.PCURVE_S1.);
#3009 = CIRCLE('',#3010,6.35);
#3010 = AXIS2_PLACEMENT_3D('',#3011,#3012,#3013);
#3011 = CARTESIAN_POINT('',(69.85,69.85,0.));
#3012 = DIRECTION('',(0.,0.,1.));
#3013 = DIRECTION('',(0.,-1.,0.));
#3014 = PCURVE('',#2616,#3015);
#3015 = DEFINITIONAL_REPRESENTATION('',(#3016),#3020);
#3016 = LINE('',#3017,#3018);
#3017 = CARTESIAN_POINT('',(-1.570796326795,0.));
#3018 = VECTOR('',#3019,1.);
#3019 = DIRECTION('',(1.,0.));
#3020 = ( GEOMETRIC_REPRESENTATION_CONTEXT(2) 
PARAMETRIC_REPRESENTATION_CONTEXT() REPRESENTATION_CONTEXT('2D SPACE',''
  ) );
#3021 = PCURVE('',#2765,#3022);
#3022 = DEFINITIONAL_REPRESENTATION('',(#3023),#3027);
#3023 = CIRCLE('',#3024,6.35);
#3024 = AXIS2_PLACEMENT_2D('',#3025,#3026);
#3025 = CARTESIAN_POINT('',(146.05,146.05));
#3026 = DIRECTION('',(0.,-1.));
#3027 = ( GEOMETRIC_REPRESENTATION_CONTEXT(2) 
PARAMETRIC_REPRESENTATION_CONTEXT() REPRESENTATION_CONTEXT('2D SPACE',''
  ) );
#3028 = ORIENTED_EDGE('',*,*,#3029,.T.);
#3029 = EDGE_CURVE('',#3006,#2580,#3030,.T.);
#3030 = SURFACE_CURVE('',#3031,(#3035,#3042),.PCURVE_S1.);
#3031 = LINE('',#3032,#3033);
#3032 = CARTESIAN_POINT('',(69.85,76.2,0.));
#3033 = VECTOR('',#3034,25.4);
#3034 = DIRECTION('',(0.,0.,1.));
#3035 = PCURVE('',#2616,#3036);
#3036 = DEFINITIONAL_REPRESENTATION('',(#3037),#3041);
#3037 = LINE('',#3038,#3039);
#3038 = CARTESIAN_POINT('',(1.570796326795,0.));
#3039 = VECTOR('',#3040,1.);
#3040 = DIRECTION('',(0.,1.));
#3041 = ( GEOMETRIC_REPRESENTATION_CONTEXT(2) 
PARAMETRIC_REPRESENTATION_CONTEXT() REPRESENTATION_CONTEXT('2D SPACE',''
  ) );
#3042 = PCURVE('',#2671,#3043);
#3043 = DEFINITIONAL_REPRESENTATION('',(#3044),#3048);
#3044 = LINE('',#3045,#3046);
#3045 = CARTESIAN_POINT('',(0.,146.05));
#3046 = VECTOR('',#3047,1.);
#3047 = DIRECTION('',(1.,0.));
#3048 = ( GEOMETRIC_REPRESENTATION_CONTEXT(2) 
PARAMETRIC_REPRESENTATION_CONTEXT() REPRESENTATION_CONTEXT('2D SPACE',''
  ) );
#3049 = ORIENTED_EDGE('',*,*,#2601,.T.);
#3050 = ADVANCED_FACE('',(#3051),#2671,.T.);
#3051 = FACE_BOUND('',#3052,.T.);
#3052 = EDGE_LOOP('',(#3053,#3076,#3077,#3078));
#3053 = ORIENTED_EDGE('',*,*,#3054,.T.);
#3054 = EDGE_CURVE('',#3055,#2634,#3057,.T.);
#3055 = VERTEX_POINT('',#3056);
#3056 = CARTESIAN_POINT('',(-69.85,76.2,0.));
#3057 = SURFACE_CURVE('',#3058,(#3062,#3069),.PCURVE_S1.);
#3058 = LINE('',#3059,#3060);
#3059 = CARTESIAN_POINT('',(-69.85,76.2,0.));
#3060 = VECTOR('',#3061,25.4);
#3061 = DIRECTION('',(0.,0.,1.));
#3062 = PCURVE('',#2671,#3063);
#3063 = DEFINITIONAL_REPRESENTATION('',(#3064),#3068);
#3064 = LINE('',#3065,#3066);
#3065 = CARTESIAN_POINT('',(0.,6.35));
#3066 = VECTOR('',#3067,1.);
#3067 = DIRECTION('',(1.,0.));
#3068 = ( GEOMETRIC_REPRESENTATION_CONTEXT(2) 
PARAMETRIC_REPRESENTATION_CONTEXT() REPRESENTATION_CONTEXT('2D SPACE',''
  ) );
#3069 = PCURVE('',#2702,#3070);
#3070 = DEFINITIONAL_REPRESENTATION('',(#3071),#3075);
#3071 = LINE('',#3072,#3073);
#3072 = CARTESIAN_POINT('',(-1.570796326795,0.));
#3073 = VECTOR('',#3074,1.);
#3074 = DIRECTION('',(-0.,1.));
#3075 = ( GEOMETRIC_REPRESENTATION_CONTEXT(2) 
PARAMETRIC_REPRESENTATION_CONTEXT() REPRESENTATION_CONTEXT('2D SPACE',''
  ) );
#3076 = ORIENTED_EDGE('',*,*,#2657,.T.);
#3077 = ORIENTED_EDGE('',*,*,#3029,.F.);
#3078 = ORIENTED_EDGE('',*,*,#3079,.F.);
#3079 = EDGE_CURVE('',#3055,#3006,#3080,.T.);
#3080 = SURFACE_CURVE('',#3081,(#3085,#3092),.PCURVE_S1.);
#3081 = LINE('',#3082,#3083);
#3082 = CARTESIAN_POINT('',(-76.2,76.2,0.));
#3083 = VECTOR('',#3084,25.4);
#3084 = DIRECTION('',(1.,0.,-0.));
#3085 = PCURVE('',#2671,#3086);
#3086 = DEFINITIONAL_REPRESENTATION('',(#3087),#3091);
#3087 = LINE('',#3088,#3089);
#3088 = CARTESIAN_POINT('',(0.,0.));
#3089 = VECTOR('',#3090,1.);
#3090 = DIRECTION('',(0.,1.));
#3091 = ( GEOMETRIC_REPRESENTATION_CONTEXT(2) 
PARAMETRIC_REPRESENTATION_CONTEXT() REPRESENTATION_CONTEXT('2D SPACE',''
  ) );
#3092 = PCURVE('',#2765,#3093);
#3093 = DEFINITIONAL_REPRESENTATION('',(#3094),#3098);
#3094 = LINE('',#3095,#3096);
#3095 = CARTESIAN_POINT('',(0.,152.4));
#3096 = VECTOR('',#3097,1.);
#3097 = DIRECTION('',(1.,0.));
#3098 = ( GEOMETRIC_REPRESENTATION_CONTEXT(2) 
PARAMETRIC_REPRESENTATION_CONTEXT() REPRESENTATION_CONTEXT('2D SPACE',''
  ) );
#3099 = ADVANCED_FACE('',(#3100),#2702,.T.);
#3100 = FACE_BOUND('',#3101,.F.);
#3101 = EDGE_LOOP('',(#3102,#3103,#3129,#3130));
#3102 = ORIENTED_EDGE('',*,*,#2777,.F.);
#3103 = ORIENTED_EDGE('',*,*,#3104,.T.);
#3104 = EDGE_CURVE('',#2750,#3055,#3105,.T.);
#3105 = SURFACE_CURVE('',#3106,(#3111,#3118),.PCURVE_S1.);
#3106 = CIRCLE('',#3107,6.35);
#3107 = AXIS2_PLACEMENT_3D('',#3108,#3109,#3110);
#3108 = CARTESIAN_POINT('',(-69.85,69.85,0.));
#3109 = DIRECTION('',(-0.,-0.,-1.));
#3110 = DIRECTION('',(0.,-1.,0.));
#3111 = PCURVE('',#2702,#3112);
#3112 = DEFINITIONAL_REPRESENTATION('',(#3113),#3117);
#3113 = LINE('',#3114,#3115);
#3114 = CARTESIAN_POINT('',(1.570796326795,-0.));
#3115 = VECTOR('',#3116,1.);
#3116 = DIRECTION('',(-1.,0.));
#3117 = ( GEOMETRIC_REPRESENTATION_CONTEXT(2) 
PARAMETRIC_REPRESENTATION_CONTEXT() REPRESENTATION_CONTEXT('2D SPACE',''
  ) );
#3118 = PCURVE('',#2765,#3119);
#3119 = DEFINITIONAL_REPRESENTATION('',(#3120),#3128);
#3120 = ( BOUNDED_CURVE() B_SPLINE_CURVE(2,(#3121,#3122,#3123,#3124,
#3125,#3126,#3127),.UNSPECIFIED.,.T.,.F.) B_SPLINE_CURVE_WITH_KNOTS((1,2
    ,2,2,2,1),(-2.094395102393,0.,2.094395102393,4.188790204786,
6.28318530718,8.377580409573),.UNSPECIFIED.) CURVE() 
GEOMETRIC_REPRESENTATION_ITEM() RATIONAL_B_SPLINE_CURVE((1.,0.5,1.,0.5,
1.,0.5,1.)) REPRESENTATION_ITEM('') );
#3121 = CARTESIAN_POINT('',(6.35,139.7));
#3122 = CARTESIAN_POINT('',(-4.648522628062,139.7));
#3123 = CARTESIAN_POINT('',(0.850738685969,149.225));
#3124 = CARTESIAN_POINT('',(6.35,158.75));
#3125 = CARTESIAN_POINT('',(11.849261314031,149.225));
#3126 = CARTESIAN_POINT('',(17.348522628062,139.7));
#3127 = CARTESIAN_POINT('',(6.35,139.7));
#3128 = ( GEOMETRIC_REPRESENTATION_CONTEXT(2) 
PARAMETRIC_REPRESENTATION_CONTEXT() REPRESENTATION_CONTEXT('2D SPACE',''
  ) );
#3129 = ORIENTED_EDGE('',*,*,#3054,.T.);
#3130 = ORIENTED_EDGE('',*,*,#2687,.F.);
#3131 = ADVANCED_FACE('',(#3132),#2765,.F.);
#3132 = FACE_BOUND('',#3133,.F.);
#3133 = EDGE_LOOP('',(#3134,#3135,#3136,#3137,#3138,#3139,#3140,#3141));
#3134 = ORIENTED_EDGE('',*,*,#2749,.F.);
#3135 = ORIENTED_EDGE('',*,*,#2803,.T.);
#3136 = ORIENTED_EDGE('',*,*,#2877,.T.);
#3137 = ORIENTED_EDGE('',*,*,#2924,.F.);
#3138 = ORIENTED_EDGE('',*,*,#2956,.T.);
#3139 = ORIENTED_EDGE('',*,*,#3005,.T.);
#3140 = ORIENTED_EDGE('',*,*,#3079,.F.);
#3141 = ORIENTED_EDGE('',*,*,#3104,.F.);
#3142 = ( GEOMETRIC_REPRESENTATION_CONTEXT(3) 
GLOBAL_UNCERTAINTY_ASSIGNED_CONTEXT((#3146)) 
GLOBAL_UNIT_ASSIGNED_CONTEXT((#3143,#3144,#3145)) REPRESENTATION_CONTEXT
('Context #1','3D Context with UNIT and UNCERTAINTY') );
#3143 = ( LENGTH_UNIT() NAMED_UNIT(*) SI_UNIT(.MILLI.,.METRE.) );
#3144 = ( NAMED_UNIT(*) PLANE_ANGLE_UNIT() SI_UNIT($,.RADIAN.) );
#3145 = ( NAMED_UNIT(*) SI_UNIT($,.STERADIAN.) SOLID_ANGLE_UNIT() );
#3146 = UNCERTAINTY_MEASURE_WITH_UNIT(LENGTH_MEASURE(1.27E-03),#3143,
  'distance_accuracy_value','confusion accuracy');
#3147 = PRODUCT_RELATED_PRODUCT_CATEGORY('part',$,(#7));
ENDSEC;
END-ISO-10303-21;
